id,doi,year,title,source,db,tech,tech_label,channels,design,region,subsector,quant,direction,conditions,note,effect_quote,cites,reference
W3206170167,10.1080/09537287.2021.1988177,2021,Extenuating operational risks through digital transformation of agri-food supply chains,Production Planning & Control,both,T5,Firm-level digital transformation,P4;P5,S,Australia,supply_chain,0,+,"operational risks, COVID-19 disruptions",I4.0 adopters avoid negative performance effect of operational risks,,110,"Ali, I., Govindan, K. (2021). Extenuating operational risks through digital transformation of agri-food supply chains. Production Planning & Control, 34(12), 1165–1177. https://doi.org/10.1080/09537287.2021.1988177"
W4388333977,10.3390/su152115627,2023,The Digitalization Paradigm: Impacts on Agri-Food Supply Chain Profitability and Sustainability,Sustainability,both,T5,Firm-level digital transformation,P4;P5,S,Pakistan,supply_chain,0,+,"supply chain integration, communication, distribution",Digitalised supply chain processes raise profitability and sustainability,,38,"Dong, Y., Ahmad, S. F., Irshad, M., Al‐Razgan, M., Ali, Y. A., Awwad, E. M. (2023). The Digitalization Paradigm: Impacts on Agri-Food Supply Chain Profitability and Sustainability. Sustainability, 15(21), 15627. https://doi.org/10.3390/su152115627"
W4285013964,10.1108/bfj-09-2021-1056,2022,"Industry 4.0 in food processing: drivers, challenges and outcomes",British Food Journal,both,T5,Firm-level digital transformation,P1;P5,C,Italy,general_food,0,,"drivers, challenges, human resources, strategy",Case study of I4.0 impacts on performance and operations,,68,"Romanello, R., Veglio, V. (2022). Industry 4.0 in food processing: drivers, challenges and outcomes. British Food Journal, 124(13), 375–390. https://doi.org/10.1108/bfj-09-2021-1056"
W4224310687,10.3389/fpsyg.2022.866361,2022,Modeling and Analyzing the Impact of the Internet of Things-Based Industry 4.0 on Circular Economy Practices for Sustainable Development: Evidence From the Food Processing Industry of China,Frontiers in Psychology,both,T2,"AI, sensors and IoT analytics",P3;P5,S,China,general_food,0,+,circular economy practices as mediator,IoT-based I4.0 improves CE practices and economic performance,,46,"Sun, X., Wang, X. (2022). Modeling and Analyzing the Impact of the Internet of Things-Based Industry 4.0 on Circular Economy Practices for Sustainable Development: Evidence From the Food Processing Industry of China. Frontiers in Psychology, 13, 866361. https://doi.org/10.3389/fpsyg.2022.866361"
W4361205566,10.1108/jeim-03-2022-0095,2023,"Exploring the relationship between digitalization, resilient agri-food supply chain management practices and firm performance",Journal of Enterprise Information Management,both,T2,"AI, sensors and IoT analytics",P4;P5,S,n/a,supply_chain,0,+,"supply chain integration, information sharing",IoT-enabled SC integration improves SC and firm performance,,37,"Yadav, S., Luthra, S., V, A. K., Agrawal, R., Frederico, G. F. (2023). Exploring the relationship between digitalization, resilient agri-food supply chain management practices and firm performance. Journal of Enterprise Information Management, 37(2), 511–543. https://doi.org/10.1108/jeim-03-2022-0095"
W4408287496,10.1016/j.wmb.2025.100192,2025,3D printing technology for valorization of food processing wastes and byproducts: A systematic review,Waste Management Bulletin,both,T7,Circular valorisation technologies,P1;P3,R,global,general_food,1,+,"material variability, printability, regulation, scale-up",3D printing valorisation cuts waste and waste-management costs,Case studies reveal that implementing such solutions by food manufacturers can generate as much as 25 % savings in waste management costs,48,"Saha, D., Padhiary, M., Hoque, A., Prasad, G. (2025). 3D printing technology for valorization of food processing wastes and byproducts: A systematic review. Waste Management Bulletin, 3(4), 100192. https://doi.org/10.1016/j.wmb.2025.100192"
W4384284051,10.1109/access.2023.3295780,2023,Industry 4.0 Adoption in Food Supply Chain to Improve Visibility and Operational Efficiency—A Content Analysis,IEEE Access,both,T4,Blockchain and digital traceability,P2;P4,R,global,supply_chain,0,+,"high technology cost, implementation time, cost sharing","Review: blockchain, IoT, RFID improve FSC visibility and operational efficiency",,22,"Vasanthraj, V., Kaur, A., Potdar, V. M., Agrawal, H. (2023). Industry 4.0 Adoption in Food Supply Chain to Improve Visibility and Operational Efficiency—A Content Analysis. IEEE Access, 11, 73922–73958. https://doi.org/10.1109/access.2023.3295780"
W4400522252,10.3390/su16145928,2024,Artificial Intelligence and Food Processing Firms Productivity: Evidence from China,Sustainability,both,T2,"AI, sensors and IoT analytics",P1;P5,E,China,general_food,0,+,"property rights, factor intensity, location, labour skills",AI raises TFP and performance of listed food processors,,16,"Liu, H., Yan, W., Yan, Z. (2024). Artificial Intelligence and Food Processing Firms Productivity: Evidence from China. Sustainability, 16(14), 5928. https://doi.org/10.3390/su16145928"
W4386147995,10.1016/j.techfore.2023.122799,2023,"Digital twin-driven real-time planning, monitoring, and controlling in food supply chains",Technological Forecasting and Social Change,both,T3,Digital twins and simulation,P1;P4,TEA,n/a,dairy,1,+,"industrial symbiosis, integrated procurement-production-distribution","Digital twin improves makespan, OEE, utilisation and backlog",the present model found a notable 6 % reduction in backlog,132,"Maheshwari, P., Kamble, S., Belhadi, A., Mani, V., Abedin, M. Z. (2023). Digital twin-driven real-time planning, monitoring, and controlling in food supply chains. Technological Forecasting and Social Change, 195, 122799. https://doi.org/10.1016/j.techfore.2023.122799"
W4393941725,10.1108/ijlm-09-2023-0364,2024,Unlocking the potential: leveraging blockchain technology for agri-food supply chain performance and sustainability,The International Journal of Logistics Management,both,T4,Blockchain and digital traceability,P2;P4;P5,S,n/a,supply_chain,0,+,"traceability, trust, stakeholder collaboration",Blockchain improves agri-food SC performance and ROI,,38,"Vern, P., Panghal, A., Mor, R. S., Kumar, P. V., Sarwar, D. (2024). Unlocking the potential: leveraging blockchain technology for agri-food supply chain performance and sustainability. The International Journal of Logistics Management, 36(2), 474–500. https://doi.org/10.1108/ijlm-09-2023-0364"
W7130393564,10.3390/su18042066,2026,Digital Traceability and Contract Coordination for Sustainable Agri-Food Supply Chains,Sustainability,both,T4,Blockchain and digital traceability,P3;P4;P5,TEA,n/a,supply_chain,0,mixed,"decentralisation, contract design, traceability cost, misreporting","Blockchain traceability with contracts yields Pareto profit gains, thresholds apply",,2,"Chen, S., Yao, J. (2026). Digital Traceability and Contract Coordination for Sustainable Agri-Food Supply Chains. Sustainability, 18(4), 2066. https://doi.org/10.3390/su18042066"
W7148429666,10.3390/logistics10040079,2026,Performance Impact of Digitalization in the Food Supply Chain: Evidence from the Food Processing Complex in Ethiopia,Logistics,both,T5,Firm-level digital transformation,P1;P2;P4,S,Ethiopia,general_food,0,+,"indirect via operational efficiency, trust, transparency",Digitalisation improves food SC performance mainly indirectly,,2,"Amentae, T. K., Uka, A. F., Gebrsenbet, G. (2026). Performance Impact of Digitalization in the Food Supply Chain: Evidence from the Food Processing Complex in Ethiopia. Logistics, 10(4), 79. https://doi.org/10.3390/logistics10040079"
W4311352500,10.3390/su142416614,2022,Adapting Digital Technologies to Reduce Food Waste and Improve Operational Efficiency of a Frozen Food Company—The Case of Yumchop Foods in the UK,Sustainability,both,T2,"AI, sensors and IoT analytics",P2;P3,C,UK,general_food,0,+,"sensor installation, data analytics, alert protocols",IoT cold-storage monitoring reduced food waste in frozen meals firm,,35,"Ramanathan, U., Ramanathan, R., Adefisan, A., Costa, T. P. d., Cama-Moncunill, X., Samriya, G. (2022). Adapting Digital Technologies to Reduce Food Waste and Improve Operational Efficiency of a Frozen Food Company—The Case of Yumchop Foods in the UK. Sustainability, 14(24), 16614. https://doi.org/10.3390/su142416614"
W4212927074,10.4018/ijisscm.290014,2021,Blockchain Technology in the Food Supply Chain,International Journal of Information Systems and Supply Chain Management,both,T4,Blockchain and digital traceability,P4,S,n/a,supply_chain,0,+,"employee knowledge, scalability, complexity, high initial cost",Managers see cost reduction and time saving as blockchain advantages,,48,"David, A., Ganeshkumar, C., Paul, P. V. (2021). Blockchain Technology in the Food Supply Chain. International Journal of Information Systems and Supply Chain Management, 15(3), 1–12. https://doi.org/10.4018/ijisscm.290014"
W3146485797,10.17323/1813-8691-2021-25-1-147-164,2021,Unlocking Technology Adoption for a Robust Food Supply Chain: Evidence from Indian Food Processing Sector,Higher School of Economics Economic Journal,both,T2,"AI, sensors and IoT analytics",P1,S,India,general_food,0,+,"feasibility, data integrity, interoperability, SMEs",AI adoption significantly linked to operational efficiency,,22,"Jain, V., Tewary, T., Narayanan, B. G. (2021). Unlocking Technology Adoption for a Robust Food Supply Chain: Evidence from Indian Food Processing Sector. Higher School of Economics Economic Journal, 25(1), 147–164. https://doi.org/10.17323/1813-8691-2021-25-1-147-164"
W7155399346,10.1016/j.sftr.2026.101876,2026,Blockchain-driven sustainability in agri-food supply chains: Exploring adoption determinants and performance outcomes,Sustainable Futures,both,T4,Blockchain and digital traceability,P1;P4,S,India,supply_chain,0,+,"performance expectancy, effort expectancy, facilitating conditions",Blockchain adoption enhances operational efficiency and transparency,,1,"Shah, M. A., Aggarwal, M. (2026). Blockchain-driven sustainability in agri-food supply chains: Exploring adoption determinants and performance outcomes. Sustainable Futures, 11, 101876. https://doi.org/10.1016/j.sftr.2026.101876"
W3172464731,10.1109/tem.2021.3088518,2021,The Role of Industry 4.0 Technologies in Mitigating Supply Chain Disruption: Empirical Evidence From the Australian Food Processing Industry,IEEE Transactions on Engineering Management,both,T5,Firm-level digital transformation,P4;P5,S,Australia,general_food,0,+,risk type; non-significant for transportation risks,I4.0 mitigates supply-demand mismatch and process disruption risks,,131,"Ali, I., Arslan, A., Khan, Z., Tarba, S. Y. (2021). The Role of Industry 4.0 Technologies in Mitigating Supply Chain Disruption: Empirical Evidence From the Australian Food Processing Industry. IEEE Transactions on Engineering Management, 71, 10600–10610. https://doi.org/10.1109/tem.2021.3088518"
W7159658836,10.1080/00207543.2026.2659922,2026,Impact of digital twin adoption on food supply chain performance: a system dynamics approach,International Journal of Production Research,both,T3,Digital twins and simulation,P3;P4,TEA,n/a,supply_chain,0,+,short- vs long-term horizon,"Digital twin improves inventory, lead time, later cost and waste",,3,"Huang, Y., Ghadge, A., Yates, N. (2026). Impact of digital twin adoption on food supply chain performance: a system dynamics approach. International Journal of Production Research, 1–34. https://doi.org/10.1080/00207543.2026.2659922"
W7113896556,10.1051/bioconf/202520105006/pdf,2025,Optimizing Operational Efficiency and Food Safety Through the Integration of IoT in Smart Food Processing Systems,Springer Link (Chiba Institute of Technology),OpenAlex (Scopus-indexed),T2,"AI, sensors and IoT analytics",P2;P3;P4,S,n/a,general_food,0,+,"employee adaptability, cybersecurity, training",Survey: IoT perceived to improve traceability and reduce food waste,,0,"Mandira, I. M. C., Supranta, V. A., Seng, F. M., Phattanaviroj, T. (2025). Optimizing Operational Efficiency and Food Safety Through the Integration of IoT in Smart Food Processing Systems. Springer Link (Chiba Institute of Technology). https://doi.org/10.1051/bioconf/202520105006/pdf"
W4416834039,10.1002/bse.70371,2025,Sustainability Assessment of Circular Strategies in the Agri‐Food Industry: The Case of Olive Mills' By‐Product Valorization,Business Strategy and the Environment,both,T7,Circular valorisation technologies,P3;P5,TEA,n/a,olive_oil,0,mixed,,Olive pomace extraction most profitable; composting struggles with profitability,,2,"Polonio, D. M., Granado‐Díaz, R., Gómez-Limón, J. A., Villanueva, A. J. (2025). Sustainability Assessment of Circular Strategies in the Agri‐Food Industry: The Case of Olive Mills' By‐Product Valorization. Business Strategy and the Environment, 35(4), 4641–4658. https://doi.org/10.1002/bse.70371"
W7110976642,10.3303/cet25118032,2025,Economic Feasibility Assessment of Bio-Based Vitrimers from Agrifood Residues: a Step Toward Sustainable Circular Economy,Chemical engineering transactions,both,T7,Circular valorisation technologies,P3;P5,TEA,n/a,agri_food_residues,1,-,"low TRL, industrial performance, raw material costs","Vitrimers from agri-food residues have high MPSP, limited competitiveness","The average MPSP is €435.5 per kilogram, with potential reductions of 60% in best-case scenarios and increases of up to 400% in worst-case conditions.",0,"Parmiggiani, F., Tassinari, G., Soregaroli, C., Spigno, G., Bassani, A. (2025). Economic Feasibility Assessment of Bio-Based Vitrimers from Agrifood Residues: a Step Toward Sustainable Circular Economy. Chemical engineering transactions. https://doi.org/10.3303/cet25118032"
W7113904290,10.1051/bioconf/202520103013/pdf,2025,The Strategic Implementation of Blockchain Technology to Enhance Supply Chain Management and Brand Value in The Agri-Food Sector,Springer Link (Chiba Institute of Technology),OpenAlex (Scopus-indexed),T4,Blockchain and digital traceability,P2;P4;P5,S,n/a,supply_chain,0,+,"implementation cost, stakeholder understanding",Blockchain perceived to cut recalls and enable price premium,,0,"Mandira, I. M. C., Saiyed, S., Alfalisyado (2025). The Strategic Implementation of Blockchain Technology to Enhance Supply Chain Management and Brand Value in The Agri-Food Sector. Springer Link (Chiba Institute of Technology). https://doi.org/10.1051/bioconf/202520103013/pdf"
W4400877729,10.1109/access.2024.3432325,2024,Application of Internet of Things (IoT) to Food Supply Chain Under Uncertainty-Case: Traditional Dairy Products,IEEE Access,both,T2,"AI, sensors and IoT analytics",P1;P4;P5,TEA,n/a,dairy,1,+,demand uncertainty,"IoT dynamic scheduling in dairy raises income, profit, productivity","boost income by 10 to 15%, profit by 13 to 18%, and job shop-level productivity by 13%",13,"Javadi, B., Dadashi, N., Yazdi, F., Abdali, M. R. (2024). Application of Internet of Things (IoT) to Food Supply Chain Under Uncertainty-Case: Traditional Dairy Products. IEEE Access, 12, 102702–102717. https://doi.org/10.1109/access.2024.3432325"
W4411156249,10.3390/foods14122032,2025,Food Supply Chain: A Framework for the Governance of Digital Traceability,Foods,both,T4,Blockchain and digital traceability,P2;P4;P5,C,Italy,general_food,0,mixed,"governance structure, interoperability, upstream integration","Digital traceability: premium positioning, variable cost cuts, fixed costs unchanged",,31,"Lai, M. B., Vergamini, D., Brunori, G. (2025). Food Supply Chain: A Framework for the Governance of Digital Traceability. Foods, 14(12), 2032. https://doi.org/10.3390/foods14122032"
W4405444785,10.3390/app142411735,2024,Leveraging Blockchain and Consignment Contracts to Optimize Food Supply Chains Under Uncertainty,Applied Sciences,both,T4,Blockchain and digital traceability,P4;P5,TEA,n/a,supply_chain,0,,"demand uncertainty, consignment contract, perishability",Newsvendor model analyses profitability of blockchain with consignment contracts,,7,"Sharma, I., Kaur, G., Dey, B. K., Majumder, A. (2024). Leveraging Blockchain and Consignment Contracts to Optimize Food Supply Chains Under Uncertainty. Applied Sciences, 14(24), 11735. https://doi.org/10.3390/app142411735"
W7128805573,10.3390/info17020195,2026,Closed-Loop Digital Twin for Energy-Efficient Scheduling in Food Manufacturing Systems,Information,both,T3,Digital twins and simulation,P1;P2;P3;P5,TEA,n/a,bakery,1,+,,"Digital twin scheduling cuts bakery production time and energy, quick ROI",The results show a 24.4% reduction in production time and 23% energy savings.,3,"Amirkhanova, G. A., Yusubova, N., Amirkhanov, B., Sakypbekova, M., Siming, C. (2026). Closed-Loop Digital Twin for Energy-Efficient Scheduling in Food Manufacturing Systems. Information, 17(2), 195. https://doi.org/10.3390/info17020195"
W4411538008,10.1007/s10961-025-10247-1,2025,"Digital transformation, ESG, and companies’ performance: an exploratory study of the European food sector",The Journal of Technology Transfer,both,T5,Firm-level digital transformation,P5,S,Europe,general_food,0,+,"managerial capability, ESG reporting",Digital capabilities positively associated with food firm performance,,7,"Marczewska, M., Hegerty, S. W., Panwar, R., Kostrzewski, M. (2025). Digital transformation, ESG, and companies’ performance: an exploratory study of the European food sector. The Journal of Technology Transfer, 51(3), 1798–1819. https://doi.org/10.1007/s10961-025-10247-1"
W4402278745,10.3390/math12172753,2024,Mathematical Model for Optimal Agri-Food Industry Residual Streams Flow Management: A Valorization Decision Support Tool,Mathematics,both,T7,Circular valorisation technologies,P3;P5,TEA,n/a,general_food,0,+,"product selling prices, processing cost",Residual stream valorisation optimisation yields significant profit increases,,2,"Barasoain-Echepare, Í., Zárraga-Rodríguez, M., Podhorski, A., Villar-Rosety, F. M., Besga-Oyanarte, L., Jaray-Valdehierro, S., Fernández-Arévalo, T., Sancho, L., Ayesa, E., Gutiérrez-Gutiérrez, J., Insausti, X. (2024). Mathematical Model for Optimal Agri-Food Industry Residual Streams Flow Management: A Valorization Decision Support Tool. Mathematics, 12(17), 2753. https://doi.org/10.3390/math12172753"
W4366773848,10.3390/s23084147,2023,A Cost–Benefit Analysis Simulation for the Digitalisation of Cold Supply Chains,Sensors,both,T2,"AI, sensors and IoT analytics",P3;P4,TEA,UK,meat,0,+,"weather, demand fluctuations",Simulated cold-chain digitalisation reduces beef waste and delivery miles,,18,"Schiffmann, O., Hicks, B., Nassehi, A., Gopsill, J., Valero, M. R. (2023). A Cost–Benefit Analysis Simulation for the Digitalisation of Cold Supply Chains. Sensors, 23(8), 4147. https://doi.org/10.3390/s23084147"
W4406282609,10.1016/j.ijepes.2024.110445,2025,Advancing energy efficiency: Machine learning based forecasting models for integrated power systems in food processing company,International Journal of Electrical Power & Energy Systems,both,T2,"AI, sensors and IoT analytics",P3,C,n/a,general_food,1,+,"seasonal production, energy demand volatility",ML energy forecasting in food processor cuts costs and emissions,demonstrating a 52.42% reduction in CO 2 emissions,13,"MİRASÇI, S., Uygur, S., Aksoy, A. (2025). Advancing energy efficiency: Machine learning based forecasting models for integrated power systems in food processing company. International Journal of Electrical Power & Energy Systems, 165, 110445. https://doi.org/10.1016/j.ijepes.2024.110445"
W4411766297,10.14743/apem2025.1.527,2025,Independent vs. collaborative blockchain Research and Development: Operational decisions in food supply chains,Advances in Production Engineering & Management,both,T4,Blockchain and digital traceability,P4;P5,TEA,n/a,supply_chain,0,+,"spillover effects, food substitutability, quality credibility",Collaborative blockchain R&D raises supply chain profit; independent R&D raises output,,2,"Kang, Y., Feng, J., Zhang, W. (2025). Independent vs. collaborative blockchain Research and Development: Operational decisions in food supply chains. Advances in Production Engineering & Management, 20(1), 61–74. https://doi.org/10.14743/apem2025.1.527"
W4414297577,10.1108/bfj-05-2024-0430,2025,A novel blockchain-based approach for enhanced food supply chain traceability and waste mitigation,British Food Journal,both,T4,Blockchain and digital traceability,P3;P4,TEA,n/a,supply_chain,0,+,information-sharing infrastructure,Simulation: blockchain information sharing reduces waste and costs in five-tier chain,,12,"Ahmadkhan, K., Ahmadirad, Z., Karaminezhad, K., Seyedkhamoushi, F., Karimi, K., Khakpash, F. (2025). A novel blockchain-based approach for enhanced food supply chain traceability and waste mitigation. British Food Journal, 128(1), 426–466. https://doi.org/10.1108/bfj-05-2024-0430"
W4303650089,10.1155/2022/6050185,2022,Optimal Decision and Coordination of Organic Food Supply Chain from the Perspective of Blockchain,Discrete Dynamics in Nature and Society,both,T4,Blockchain and digital traceability,P2;P5,TEA,n/a,supply_chain,0,+,"blockchain cost threshold, revenue- and cost-sharing contracts",Blockchain traceability raises organic food chain profits for all members,,10,"Ding, J., Bai, S. (2022). Optimal Decision and Coordination of Organic Food Supply Chain from the Perspective of Blockchain. Discrete Dynamics in Nature and Society, 2022(1). https://doi.org/10.1155/2022/6050185"
W4407973845,10.3390/su17051996,2025,Digital Technologies in Food Supply Chain Waste Management: A Case Study on Sustainable Practices in Smart Cities,Sustainability,both,T2,"AI, sensors and IoT analytics",P3;P4,C,n/a,supply_chain,0,+,,"IoT and AI reduced waste, improved inventory control and logistics costs",,57,"Fatorachian, H., Kazemi, H., Pawar, K. S. (2025). Digital Technologies in Food Supply Chain Waste Management: A Case Study on Sustainable Practices in Smart Cities. Sustainability, 17(5), 1996. https://doi.org/10.3390/su17051996"
W3214292776,10.3390/su132212341,2021,Business Process Re-Engineering to Digitalise Quality Control Checks for Reducing Physical Waste and Resource Use in a Food Company,Sustainability,both,T5,Firm-level digital transformation,P1;P2;P3,C,n/a,general_food,0,+,lean manufacturing integration,"Digitalised QC checks cut check time, rejections, resource use and waste",,54,"Garcia‐Garcia, G., Coulthard, G., Jagtap, S., Afy-Shararah, M., Patsavellas, J., Salonitis, K. (2021). Business Process Re-Engineering to Digitalise Quality Control Checks for Reducing Physical Waste and Resource Use in a Food Company. Sustainability, 13(22), 12341. https://doi.org/10.3390/su132212341"
W4401703139,10.22266/ijies2024.1031.51,2024,Deep Learning based Robust Food Supply Chain Enabled Effective Management with Blockchain,International journal of intelligent engineering and systems,both,T4,Blockchain and digital traceability,P4;P5,TEA,n/a,supply_chain,0,+,storage capacity,Blockchain plus deep learning simulation boosts production and profitability for pulses,,1," (2024). Deep Learning based Robust Food Supply Chain Enabled Effective Management with Blockchain. International journal of intelligent engineering and systems, 17(5), 674–682. https://doi.org/10.22266/ijies2024.1031.51"
W4409359682,10.1016/j.energy.2025.136106,2025,Sustainability of gasification-based cogeneration with agri-food residues and heat recovery technologies: Techno-economic and life cycle analyses,Energy,both,T7,Circular valorisation technologies,P3;P5,TEA,n/a,general_food,0,mixed,"biomass, electricity and heat prices","Gasification cogeneration from agri-food residues; ICE faster ROI, price-sensitive",,7,"Anvari, S., Aguado, R., Vera, D., Jurado, F., Rosen, M. A. (2025). Sustainability of gasification-based cogeneration with agri-food residues and heat recovery technologies: Techno-economic and life cycle analyses. Energy, 325, 136106. https://doi.org/10.1016/j.energy.2025.136106"
W4402057867,10.1177/14657503241270275,2024,"Exploring the impact of crises on rural agri-food SMEs: The moderating role of support mechanisms, digitalisation, and networking",The International Journal of Entrepreneurship and Innovation,both,T5,Firm-level digital transformation,P5,S,Greece,general_food,0,+,"crises, transport constraints, finance access, networking",Digital tools improve perceived economic performance of rural agri-food SMEs in crises,,7,"Αποστολόπουλος, Ν., Kakouris, A., Liargovas, P. G., Petropoulos, D. P., Anastasopoulou, E. E. (2024). Exploring the impact of crises on rural agri-food SMEs: The moderating role of support mechanisms, digitalisation, and networking. The International Journal of Entrepreneurship and Innovation. https://doi.org/10.1177/14657503241270275"
W4285013930,10.3390/logistics6030046,2022,Quantifying the Benefits of Digital Supply Chain Twins—A Simulation Study in Organic Food Supply Chains,Logistics,both,T3,Digital twins and simulation,P4,TEA,n/a,supply_chain,0,+,supply chain volatility scenarios,Simulation quantifies digital supply chain twin benefits for inventory management,,37,"Binsfeld, T., Gerlach, B. (2022). Quantifying the Benefits of Digital Supply Chain Twins—A Simulation Study in Organic Food Supply Chains. Logistics, 6(3), 46. https://doi.org/10.3390/logistics6030046"
W4401029634,10.1504/ijbpim.2024.140154,2024,Robotic process automation for the advance payment to suppliers process,International Journal of Business Process Integration and Management,both,T1,Automation and robotics,P1;P2,C,Brazil,general_food,1,+,,RPA of supplier advance payments raises productivity and cuts errors,with an annual gain of 28 hours,2,"Forno, A. J. D., Fagundes, K. N., Pitz, C., Brito, M. d. (2024). Robotic process automation for the advance payment to suppliers process. International Journal of Business Process Integration and Management, 11(3), 214–220. https://doi.org/10.1504/ijbpim.2024.140154"
W4413354448,10.3389/fsufs.2025.1638313,2025,Green technology investment and channel selection in sustainable food supply chain based on blockchain technology,Frontiers in Sustainable Food Systems,both,T4,Blockchain and digital traceability,P5,TEA,n/a,supply_chain,0,mixed,"blockchain fixed/unit cost, channel type, commission rate",Blockchain plus green tech profitable via e-commerce only below cost threshold,,2,"Zhang, Y., Shang, J. (2025). Green technology investment and channel selection in sustainable food supply chain based on blockchain technology. Frontiers in Sustainable Food Systems, 9. https://doi.org/10.3389/fsufs.2025.1638313"
W3033908526,10.3390/en13112820,2020,Anaerobic Co-Digestion of Cheese Whey and Industrial Hemp Residues Opens New Perspectives for the Valorization of Agri-Food Waste,Energies,both,T7,Circular valorisation technologies,P3;P5,TEA,Italy,dairy,1,+,,Co-digestion of cheese whey and hemp residues raises biomethane and profits,"net profits of up to 3929 €·ha−1, which could rise to 6124 €·ha−1 in case of coAD with CW",58,"Papirio, S., Matassa, S., Pirozzi, F., Esposito, G. (2020). Anaerobic Co-Digestion of Cheese Whey and Industrial Hemp Residues Opens New Perspectives for the Valorization of Agri-Food Waste. Energies, 13(11), 2820. https://doi.org/10.3390/en13112820"
W4285800331,10.1142/s136391962250030x,2022,CAPABILITIES PATHWAY TO FIRM PERFORMANCE: MODERATING ROLE OF ENVIRONMENTAL DYNAMISM IN THE FOOD MANUFACTURING FIRMS OF PAKISTAN,International Journal of Innovation Management,both,T2,"AI, sensors and IoT analytics",P5,S,Pakistan,general_food,0,+,"entrepreneurial orientation, environmental dynamism (no moderation)",Big data analytics and AI capabilities positively related to firm performance,,8,"NAZ, S., Haq, N. U., Nasir, S. (2022). CAPABILITIES PATHWAY TO FIRM PERFORMANCE: MODERATING ROLE OF ENVIRONMENTAL DYNAMISM IN THE FOOD MANUFACTURING FIRMS OF PAKISTAN. International Journal of Innovation Management, 26(04). https://doi.org/10.1142/s136391962250030x"
W4402991319,10.3390/foods13193121,2024,A Simulation-Based Approach for Evaluating the Effectiveness of Robotic Automation Systems in HMR Product Loading,Foods,both,T1,Automation and robotics,P1,TEA,n/a,ready_meals,1,+,"SME cost and risk, production type (large-scale vs order-based)",Simulated and implemented robotic loading raised HMR line throughput.,robotic automation increased throughput by 31.2% in large-scale production (Case A) and 12.0% in order-based production (Case B),7,"Baek, S., Oh, S. E., Lee, S. H., Kwon, K. H. (2024). A Simulation-Based Approach for Evaluating the Effectiveness of Robotic Automation Systems in HMR Product Loading. Foods, 13(19), 3121. https://doi.org/10.3390/foods13193121"
W4312186819,10.3389/fsufs.2022.1035357,2022,Economic assessment for vegetable waste valorization through the biogas-biomethane chain in Italy with a circular economy approach,Frontiers in Sustainable Food Systems,both,T7,Circular valorisation technologies,P3;P5,TEA,Italy,fruit_veg,0,mixed,"digester feedstock diet, subsidies, silage maize share","Biomethane upgrade of veg-waste biogas plant profitable only with diet change, subsidy.",,23,"Bentivoglio, D., Chiaraluce, G., Finco, A. (2022). Economic assessment for vegetable waste valorization through the biogas-biomethane chain in Italy with a circular economy approach. Frontiers in Sustainable Food Systems, 6. https://doi.org/10.3389/fsufs.2022.1035357"
W7128526990,10.1016/j.nexus.2026.100663,2026,"Co-pelletization of coarse olive pits and food-industry residues for sustainable bioenergy production: physicochemical, environmental, and techno-economic assessment",Energy Nexus,both,T7,Circular valorisation technologies,P3;P5,TEA,n/a,meat,1,+,production scale,"Co-pelletizing sausage residue with olive pits yields viable, lower-carbon biofuel.","Techno-economic analysis estimated a production cost of 162.4 USD·t⁻¹ with profitability achievable at a 1,800 t·yr⁻¹ scale",1,"Sandoval-Manríquez, J., Espinoza, D. H., Rebolledo-Leiva, R., Muñoz, L., Aburto-Hole, J., He, C., Alarcon, J. A. M., Ubilla, P., González‐García, S., Varas‐Concha, F. (2026). Co-pelletization of coarse olive pits and food-industry residues for sustainable bioenergy production: physicochemical, environmental, and techno-economic assessment. Energy Nexus, 21, 100663. https://doi.org/10.1016/j.nexus.2026.100663"
W3004816071,10.1016/j.promfg.2020.01.044,2019,An application of collaborative robots in a food production facility,Procedia Manufacturing,OpenAlex (Scopus-indexed),T1,Automation and robotics,P1;P5,TEA,n/a,food_service,0,,"small margins, SME-dominated market, handling flexibility","Feasibility methodology for cobots at catering end-of-line: throughput, economics.",,62,"Accorsi, R., Tufano, A., Gallo, A., Galizia, F. G., Cocchi, G., Ronzoni, M., Abbate, A. L., Manzini, R. (2019). An application of collaborative robots in a food production facility. Procedia Manufacturing, 38, 341–348. https://doi.org/10.1016/j.promfg.2020.01.044"
W4303579574,10.1002/mar.21737,2022,Role of artificial intelligence in marketing strategies and performance,Psychology and Marketing,both,T2,"AI, sensors and IoT analytics",P5,S,n/a,general_food,0,+,"marketing capabilities, value co-creation, market orientation",AI marketing strategy implementation linked to higher food firm performance.,,129,"Wu, C., Monfort, A. (2022). Role of artificial intelligence in marketing strategies and performance. Psychology and Marketing, 40(3), 484–496. https://doi.org/10.1002/mar.21737"
W7140109060,10.1108/sl-08-2025-0274,2026,Strategic orientation and firm performance: the role of digital technology,Strategy and Leadership,both,T5,Firm-level digital transformation,P5,E,Vietnam,general_food,0,+,"strategic orientations, SME context",Digital technology adoption amplifies orientation-performance links in food SMEs.,,2,"Son, N. P., Thy, N. G., Thu, T. N. D., Nguyen, D. M., Duong, L. N. K. (2026). Strategic orientation and firm performance: the role of digital technology. Strategy and Leadership, 1–24. https://doi.org/10.1108/sl-08-2025-0274"
W4414723338,10.1016/j.jfoodeng.2025.112822,2025,Energy-efficient start-up optimization via digital twin for a vegetable broth sterilization process,Journal of Food Engineering,both,T3,Digital twins and simulation,P1;P3,TEA,n/a,fruit_veg,1,+,,Digital twin identified start-up strategy cutting steam use and start-up time.,pre-heating reduces steam consumption by 62% and start-up time by 63%,5,"Bozzini, M. M., Menegon, M., Loreto, A. d., Lunari, G., Mariani, S., Vallerio, M., Piazza, L., Manenti, F. (2025). Energy-efficient start-up optimization via digital twin for a vegetable broth sterilization process. Journal of Food Engineering, 406, 112822. https://doi.org/10.1016/j.jfoodeng.2025.112822"
W4405107066,10.3390/pr12122791,2024,Conceptual Design of Simulation-Based Approach for Robotic Automation Systems: A Case Study of Tray Transporting,Processes,both,T1,Automation and robotics,P1,TEA,n/a,bakery,1,+,task complexity,"Simulated tray-transport robots raised bakery throughput, reduced workforce demand.",robotic automation significantly increased throughput by 83.7% in simpler processes and by 27.1% in more complex ones,5,"Baek, S., Lee, S. H., Oh, S. E. (2024). Conceptual Design of Simulation-Based Approach for Robotic Automation Systems: A Case Study of Tray Transporting. Processes, 12(12), 2791. https://doi.org/10.3390/pr12122791"
W4408364301,10.1016/j.jenvman.2025.124935,2025,Agri-food waste to phenolic compounds: Life cycle and eco-efficiency assessments,Journal of Environmental Management,both,T7,Circular valorisation technologies,P3;P5,TEA,n/a,fruit_veg,0,+,"energy optimization, production capacity, feedstock type",Orange peel/tomato seed phenolic recovery profitable; emerging extraction more eco-efficient.,,17,"Arias, A., Feijóo, G., Moreira, M. T. (2025). Agri-food waste to phenolic compounds: Life cycle and eco-efficiency assessments. Journal of Environmental Management, 380, 124935. https://doi.org/10.1016/j.jenvman.2025.124935"
W7134058637,10.3390/horticulturae12030313,2026,"Valorization of Plant-Based Agro-Waste, Tomato Pomace, into Potential Sustainable Food Packaging Materials: Techno-Economic Approach",Horticulturae,both,T7,Circular valorisation technologies,P3;P5,TEA,n/a,fruit_veg,1,+,"process integration, co-production of phenolics",Integrated tomato pomace biorefinery raises IRR and shortens payback versus cutin-only,the payback time in the integrated approach improved significantly from 9.56 to 5.7 years,3,"Đorđević, T. R., Pasković, I., Pasković, M. P., Katona, J. M., Zhang, D., Popović, L. M. (2026). Valorization of Plant-Based Agro-Waste, Tomato Pomace, into Potential Sustainable Food Packaging Materials: Techno-Economic Approach. Horticulturae, 12(3), 313. https://doi.org/10.3390/horticulturae12030313"
W4312213526,10.1093/qopen/qoac037,2022,The effect of trade and customs digitalization on agrifood trade: A gravity approach,Q Open,both,T4,Blockchain and digital traceability,P4;P5,E,global,supply_chain,1,+,"processed products, Sub-Saharan Africa and Asia stronger",Customs/trade digitalisation cuts transaction costs and raises agrifood exports,"a one-standard deviation improvement in e-trade facilitation at the exporter level and in non-tariff measures digitalization at the importer level increase agrifood exports by 9.7 per cent and 1.3 per cent, respectively",14,"Castro, A. B. R. d., Kornher, L. (2022). The effect of trade and customs digitalization on agrifood trade: A gravity approach. Q Open, 3(1). https://doi.org/10.1093/qopen/qoac037"
W7116952487,10.55779/ng54461,2025,Environmental protection by minimizing food waste using AI driven food supply chain framework,Nova Geodesia,both,T2,"AI, sensors and IoT analytics",P3;P4,TEA,n/a,supply_chain,1,+,,AI/IoT forecasting and shelf-life framework estimated to cut supply-chain food waste,This integrated AI-driven framework is estimated to reduce food waste by ~15% across the supply chain,0,"Uchil, A., B.G., S. (2025). Environmental protection by minimizing food waste using AI driven food supply chain framework. Nova Geodesia, 5(4), 461. https://doi.org/10.55779/ng54461"
W3123278238,10.3390/en14030561,2021,Combined Use of Solar and Biomass Energy for Sustainable and Cost-Effective Low-Temperature Drying of Food Processing Residues on Industrial-Scale,Energies,both,T7,Circular valorisation technologies,P3;P5,TEA,n/a,general_food,0,+,"boiler capacity, operating hours, revenue from dried material",Solar-biomass drying of food residues economically feasible; more profitable with scale-up,,17,"Mutlu, Ö., Büchner, D., Theurich, S., Zeng, T. (2021). Combined Use of Solar and Biomass Energy for Sustainable and Cost-Effective Low-Temperature Drying of Food Processing Residues on Industrial-Scale. Energies, 14(3), 561. https://doi.org/10.3390/en14030561"
W4399533900,10.1108/ijlm-12-2023-0509,2024,Prioritizing evaluation criteria of IoT-driven warehousing startups: a silver lining to the unorganized sector in food supply chain,The International Journal of Logistics Management,both,T2,"AI, sensors and IoT analytics",P1;P4,S,India,supply_chain,0,+,startup heterogeneity,IoT adoption improves productivity and efficiency of food warehousing startups,,6,"Vedapradha, R., Joshi, D., Ravi, H. (2024). Prioritizing evaluation criteria of IoT-driven warehousing startups: a silver lining to the unorganized sector in food supply chain. The International Journal of Logistics Management, 36(2), 589–610. https://doi.org/10.1108/ijlm-12-2023-0509"
W4361286242,10.3390/methane2020009,2023,"Techno-Economic Assessment of On-Site Production of Biomethane, Bioenergy, and Fertilizer from Small-Scale Anaerobic Digestion of Jabuticaba By-Product",Methane,both,T7,Circular valorisation technologies,P3;P5,TEA,n/a,fruit_veg,1,mixed,"small scale, energy use route (biomethane vs CHP)","Small-scale AD of fruit by-product profitable only via CHP, not biomethane","biogas application in a heat and power unit can improve project feasibility, with a net margin of 33.03%, an internal rate of return of 13.14%, and a payback of 5.03 years",20,"Sganzerla, W. G., Rosa, R. G. d., Barroso, T. L. C. T., Castro, L. E. N., Forster‐Carneiro, T. (2023). Techno-Economic Assessment of On-Site Production of Biomethane, Bioenergy, and Fertilizer from Small-Scale Anaerobic Digestion of Jabuticaba By-Product. Methane, 2(2), 113–128. https://doi.org/10.3390/methane2020009"
W4416806686,10.1108/bfj-01-2025-0096,2025,Reducing food loss and waste within cold food supply chains – empirical evidence from developing economies,British Food Journal,both,T2,"AI, sensors and IoT analytics",P4,S,South and Southeast Asia,supply_chain,0,-,"poor integration, fragmented information exchange, capabilities",Traceability and analytics technologies show limited impact on cold chain performance,,5,"Tariq, H., Ali, M. H. (2025). Reducing food loss and waste within cold food supply chains – empirical evidence from developing economies. British Food Journal, 128(4), 1535–1554. https://doi.org/10.1108/bfj-01-2025-0096"
W4411978829,10.3390/microorganisms13071571,2025,Harnessing Waste Bread: From Potential Use in Microbial Growth and Enzyme Production to Techno-Economic Assessment,Microorganisms,both,T7,Circular valorisation technologies,P3;P5,TEA,n/a,bakery,1,+,,Waste bread valorised as cheap microbial medium cuts medium costs substantially,combining 2% WB with diluted LB (1/10) reduced medium costs by up to 90%,1,"Mabrouk, S. B., Hmida, B. B. H., Sallami, W., Dhaouadi, S., Varzakas, T. H., Smaoui, S. (2025). Harnessing Waste Bread: From Potential Use in Microbial Growth and Enzyme Production to Techno-Economic Assessment. Microorganisms, 13(7), 1571. https://doi.org/10.3390/microorganisms13071571"
W3211513265,10.3390/su132212627,2021,An Empirical Study on How Livestreaming Can Contribute to the Sustainability of Green Agri-Food Entrepreneurial Firms,Sustainability,OpenAlex (Scopus-indexed),T5,Firm-level digital transformation,P5,S,n/a,general_food,0,+,perceived CSR moderates adoption intention,Livestreaming e-commerce fit positively affects green agri-food firm performance,,33,"Wang, M., Xue, F. (2021). An Empirical Study on How Livestreaming Can Contribute to the Sustainability of Green Agri-Food Entrepreneurial Firms. Sustainability, 13(22), 12627. https://doi.org/10.3390/su132212627"
W4411624902,10.3390/foods14132239,2025,"Comparative Analysis of Cost, Energy Efficiency, and Environmental Impact of Pulsed Electric Fields and Conventional Thermal Treatment with Integrated Heat Recovery for Fruit Juice Pasteurization",Foods,both,T6,Advanced processing technologies,P3;P5,TEA,n/a,beverages,1,+,"higher initial investment, heat recovery efficiency, preheating temperature",PEF with heat recovery cuts utility costs versus HTST juice pasteurization,"PEF technology achieved reductions in electricity consumption by up to 20%, fuel gas usage by over 60%",29,"Landi, G., Benedetti, M., Sforzini, M., Eslami, E., Pataro, G. (2025). Comparative Analysis of Cost, Energy Efficiency, and Environmental Impact of Pulsed Electric Fields and Conventional Thermal Treatment with Integrated Heat Recovery for Fruit Juice Pasteurization. Foods, 14(13), 2239. https://doi.org/10.3390/foods14132239"
W3043874093,10.1016/j.seppur.2020.117403,2020,Continuous adsorption in food industry: The recovery of sinapic acid from rapeseed meal extract,Separation and Purification Technology,both,T7,Circular valorisation technologies,P1;P3,TEA,n/a,oilseed,1,+,"operating mode, resin capacity utilization","Semi-continuous adsorption doubles side-stream recovery productivity, lowering purification costs",increasing productivity from 5.18 g/L/h to 10.3 g/L/h for a given yield (>97%),27,"Moreno-González, M., Keulen, D., Gomis‐Fons, J., Gomez, G. L., Nilsson, B., Ottens, M. (2020). Continuous adsorption in food industry: The recovery of sinapic acid from rapeseed meal extract. Separation and Purification Technology, 254, 117403. https://doi.org/10.1016/j.seppur.2020.117403"
W7127622360,10.1016/j.ccst.2026.100582,2026,Integration of adsorption-based carbon capture with alkaline wastewater neutralization: Pilot-scale techno-economic and environmental assessment,Carbon Capture Science & Technology,both,T7,Circular valorisation technologies,P3,TEA,n/a,general_food,1,mixed,,"On-site captured CO2 neutralization: cost parity with acid, cheaper than commercial CO2",the circular scenario achieved similar costs to using H 2 SO 4 while offering a 40% cost reduction compared to commercial CO 2,1,"Atencia, M. G., Pujol, J., Fernandez-Garcia, J., Olmos, R. G. (2026). Integration of adsorption-based carbon capture with alkaline wastewater neutralization: Pilot-scale techno-economic and environmental assessment. Carbon Capture Science & Technology, 18, 100582. https://doi.org/10.1016/j.ccst.2026.100582"
W4225158350,10.1093/af/vfac020,2022,Automation in the fish industry,Animal Frontiers,OpenAlex (Scopus-indexed),T1,Automation and robotics,P1;P3,R,global,seafood,1,+,"organic variation of raw material, labour shortages",Automation raised fish processing labour productivity and yield substantially,"In the most automated fish factories, the yield and utilization of fish are estimated to have improved from around 60% to 80% in the past decade",30,"Einarsdóttir, H., Guðmundsson, B., Ómarsson, V. (2022). Automation in the fish industry. Animal Frontiers, 12(2), 32–39. https://doi.org/10.1093/af/vfac020"
W4408734154,10.1016/j.eti.2025.104165,2025,"Integrated process design, techno-economic and environmental analysis of chokeberry pomace biorefineries: Phenolic compounds extraction with ethanol or energy production?",Environmental Technology & Innovation,both,T7,Circular valorisation technologies,P3;P5,TEA,n/a,fruit_veg,0,-,"production yield, operating costs, plant scale, selling price",Chokeberry pomace biorefinery scenarios unprofitable at all scales; anaerobic digestion greener,,10,"Agraso-Otero, A., Rebolledo-Leiva, R., Entrena-Barbero, E., González‐García, S. (2025). Integrated process design, techno-economic and environmental analysis of chokeberry pomace biorefineries: Phenolic compounds extraction with ethanol or energy production?. Environmental Technology & Innovation, 38, 104165. https://doi.org/10.1016/j.eti.2025.104165"
W4404624676,10.1016/j.sciaf.2024.e02479,2024,Modeling the circular economy in food production: insights from a dynamic stochastic general equilibrium analysis,Scientific African,both,T7,Circular valorisation technologies,P1;P3,TEA,n/a,general_food,0,mixed,"recycling subsidies, waste taxes, consumer demand, continuous innovation",DSGE: circular technologies cut production costs; productivity gains fade long term,,2,"Moustabchir, A., Ouakil, H., Ouazzani, H. E. (2024). Modeling the circular economy in food production: insights from a dynamic stochastic general equilibrium analysis. Scientific African, 26, e02479. https://doi.org/10.1016/j.sciaf.2024.e02479"
W7154593733,10.3390/su18083975,2026,Sustainable Inventory Management for Perishable Dairy Products: A Circular-Economy Approach Integrating Environmental Costs,Sustainability,both,T7,Circular valorisation technologies,P3;P4,TEA,Ukraine,dairy,1,+,"salvage recovery rate above 35%, product deterioration rate, carbon price",Circular-economy inventory optimisation cuts dairy waste; salvage threshold 35% matters,sustainability-integrated inventory policies reduce waste generation by 4.8–10% relative to conventional approaches,0,"Миколаївна, П. О., Нагара, М. Б., Liashenko, O., Володимирович, П. К., Rumin, R., Marhasova, V., Drebot, O. I., Jakóbik, K. (2026). Sustainable Inventory Management for Perishable Dairy Products: A Circular-Economy Approach Integrating Environmental Costs. Sustainability, 18(8), 3975. https://doi.org/10.3390/su18083975"
W4388623830,10.1108/ejim-04-2023-0302,2023,Linking innovation and firm performance in an emerging market: does supply chain play a mediation role?,European Journal of Innovation Management,both,T5,Firm-level digital transformation,P4;P5,S,Vietnam,general_food,0,+,"human capital, market and entrepreneurial orientation, supply chain mediation","Digitalization improves food firm performance, mediated by supply chain",,16,"Van, I. N., Kotásková, A., Ferraris, A., Le, T. T. (2023). Linking innovation and firm performance in an emerging market: does supply chain play a mediation role?. European Journal of Innovation Management, 28(3), 1061–1094. https://doi.org/10.1108/ejim-04-2023-0302"
W3111593252,10.1038/s41598-020-78430-y,2020,From cheese whey permeate to Sakacin-A/bacterial cellulose nanocrystal conjugates for antimicrobial food packaging applications: a circular economy case study,Scientific Reports,both,T7,Circular valorisation technologies,P2;P3,TEA,Italy,dairy,1,,"purification step costs, process up-scaling",Whey permeate turned into antimicrobial packaging; cost estimated per sheet,conjugates coating formulation would cost around 0.89 €/A4 sheet,55,"Rollini, M., Musatti, A., Cavicchioli, D., Bussini, D., Farris, S., Rovera, C., Romano, D., Benedetti, S. D., Barbiroli, A. G. (2020). From cheese whey permeate to Sakacin-A/bacterial cellulose nanocrystal conjugates for antimicrobial food packaging applications: a circular economy case study. Scientific Reports, 10(1), 21358. https://doi.org/10.1038/s41598-020-78430-y"
W7140103510,10.1016/j.crfs.2026.101389,2026,Quality-aware robotic frying of fragile sheet intermediates using a dual-slot gripper,Current Research in Food Science,OpenAlex (Scopus-indexed),T1,Automation and robotics,P1;P2,TEA,n/a,snacks,1,+,"operation mode, frying time",Robotic frying gripper cuts defects vs manual; dual-slot triples throughput,dual-slot operation achieved approximately 3.15 times higher throughput than single-slot operation,1,"Kim, A., Kim, T. H. (2026). Quality-aware robotic frying of fragile sheet intermediates using a dual-slot gripper. Current Research in Food Science, 12, 101389. https://doi.org/10.1016/j.crfs.2026.101389"
W4415752625,10.1016/j.rineng.2025.108003,2025,Pig bone-derived biochar from food industry waste for heavy metal remediation: Sustainable consumption and production,Results in Engineering,both,T7,Circular valorisation technologies,P3;P5,TEA,n/a,meat,1,+,renewable energy use,Abattoir bone waste converted to low-cost biochar adsorbent with positive social return,Life-cycle evaluation revealed a low cost (1 USD/kg) and a positive social return (SROI = 1.56),24,"Wongcharee, S., Bhuvaneswari, K., Palanisamy, G., Tansomros, P., Hongthong, S., Sangsida, W., Phibanchon, S., Chotigawin, R., Pahasup‐anan, T., Pannaracha, P., Nakyai, T., Suwannahong, K. (2025). Pig bone-derived biochar from food industry waste for heavy metal remediation: Sustainable consumption and production. Results in Engineering, 28, 108003. https://doi.org/10.1016/j.rineng.2025.108003"
W7146947658,10.3389/fsufs.2026.1758947,2026,Generative AI-enabled adaptive material reintegration framework for proactive circular economy waste reclamation in food industrial ecosystems,Frontiers in Sustainable Food Systems,both,T2,"AI, sensors and IoT analytics",P3,TEA,global,general_food,1,+,,Generative AI waste reintegration model raises recovery efficiency and lowers costs in simulation,"Results reveal a 10%−14% increase in food resource recovery efficiency, 7%−9% cost reduction",2,"El-Aziz, R. M. A., El-sayad, W. Z., Devadhas, D. N. P., Rayan, A., Hussein, L. F. (2026). Generative AI-enabled adaptive material reintegration framework for proactive circular economy waste reclamation in food industrial ecosystems. Frontiers in Sustainable Food Systems, 10. https://doi.org/10.3389/fsufs.2026.1758947"
W4378894806,10.1016/j.egyr.2023.05.175,2023,"Profitability of the agricultural biogas plants operation in Poland, depending on the substrate use model",Energy Reports,both,T7,Circular valorisation technologies,P3;P5,TEA,Poland,meat,1,+,auction support system,Biogas from slaughterhouse waste far more profitable than maize silage feedstock,"The profit for the biogas plant operating in Option I was estimated at PLN 628,360, and in Option II it was PLN 2,307,600.",18,"Czekała, W., Jasiński, T., Dach, J. (2023). Profitability of the agricultural biogas plants operation in Poland, depending on the substrate use model. Energy Reports, 9, 196–203. https://doi.org/10.1016/j.egyr.2023.05.175"
W4387335746,10.3389/fenrg.2023.1129311,2023,Automated method based on a neural network model for searching energy-efficient complex movement trajectories of industrial robot in a differentiated technological process,Frontiers in Energy Research,both,T1,Automation and robotics,P3,TEA,n/a,general_food,0,+,,Neural-network trajectory optimisation reduces energy costs of food-industry robots,,8,"Gorkavyy, M. A., Gorkavyy, A. I., Egorova, V. P., Melnichenko, M. A. (2023). Automated method based on a neural network model for searching energy-efficient complex movement trajectories of industrial robot in a differentiated technological process. Frontiers in Energy Research, 11. https://doi.org/10.3389/fenrg.2023.1129311"
W4415267829,10.1108/bfj-04-2025-0537,2025,Design and implementation of a blockchain-enabled financial cost accounting framework for food supply and sourcing systems,British Food Journal,both,T4,Blockchain and digital traceability,P4;P5,TEA,China,supply_chain,1,+,blockchain application cost threshold,Blockchain cost-accounting with revenue-sharing raises supply-chain profit below cost threshold,This represents a 33.6% profit increase compared to traditional decentralized decision-making approaches.,0,"Zhang, X. (2025). Design and implementation of a blockchain-enabled financial cost accounting framework for food supply and sourcing systems. British Food Journal, 128(1), 371–385. https://doi.org/10.1108/bfj-04-2025-0537"
W4392799728,10.3389/fsufs.2024.1367362,2024,Consumers’ purchase propensity for pasta tracked with blockchain technology and labelled with sustainable credence attributes,Frontiers in Sustainable Food Systems,both,T4,Blockchain and digital traceability,P5,S,Italy,pasta,1,+,,Consumers willing to pay premium for blockchain-tracked pasta,"pay a price premium of €1.16, €0.82, €0.62, €0.41, and €0.36 for 500 g of pasta, for the use of blockchain/QR code (BC) technology on the label",16,"Petrontino, A., Frem, M., Fucilli, V., Tria, E., Campobasso, A. A., Bozzo, F. (2024). Consumers’ purchase propensity for pasta tracked with blockchain technology and labelled with sustainable credence attributes. Frontiers in Sustainable Food Systems, 8. https://doi.org/10.3389/fsufs.2024.1367362"
W4411987134,10.1016/j.techfore.2025.124262,2025,Achieving sustainable carbon-neutral supply chain: A perspective of integrating blockchain technology,Technological Forecasting and Social Change,both,T4,Blockchain and digital traceability,P3;P4,S,n/a,supply_chain,0,+,,Blockchain perceived to improve supply chain performance and reduce food waste,,10,"Saha, A. S., Raut, R. D., Kumar, M., Paul, S. K., Shi, Y., Shah, B., Ghoshal, S. (2025). Achieving sustainable carbon-neutral supply chain: A perspective of integrating blockchain technology. Technological Forecasting and Social Change, 219, 124262. https://doi.org/10.1016/j.techfore.2025.124262"
W4398193088,10.1016/j.jenvman.2024.121210,2024,Environmental prospective of valorizing corn processing effluent to produce ferulic acid grafted chitosan polymer,Journal of Environmental Management,both,T7,Circular valorisation technologies,P5,TEA,n/a,cereals,0,+,"buffer dose, chitosan production impacts",Valorising corn tortilla effluent into ferulic-acid chitosan is economically profitable,,8,"Arias, A., Torres, E., García-Zamora, J. L., Pacheco-Aguirre, F. M., Feijóo, G., Moreira, M. T. (2024). Environmental prospective of valorizing corn processing effluent to produce ferulic acid grafted chitosan polymer. Journal of Environmental Management, 360, 121210. https://doi.org/10.1016/j.jenvman.2024.121210"
W4412092594,10.1021/acssuschemeng.5c03425,2025,Architecture Design of Nanofiltration-Based Redox Electrodialysis for Whey Protein Valorization,ACS Sustainable Chemistry & Engineering,both,T6,Advanced processing technologies,P3;P5,TEA,n/a,dairy,1,+,membrane fouling,Nanofiltration redox-ED lowers energy use and costs for whey demineralisation,a techno-economic analysis highlighted a 53% reduction in overall capital and operating costs compared to IEM-based redox-ED,0,"Aguda, A., Kim, N., Harbut, E. F., Elbert, J., Li, J., Merrill, R. L., Kim, C., Su, X. (2025). Architecture Design of Nanofiltration-Based Redox Electrodialysis for Whey Protein Valorization. ACS Sustainable Chemistry & Engineering, 13(28), 10978–10992. https://doi.org/10.1021/acssuschemeng.5c03425"
W7131252126,10.1177/09713557261423721,2026,Digital Technology at the Core: Facilitating Adoption for Enhanced SME Performance and Sustainability,The Journal of Entrepreneurship,OpenAlex (Scopus-indexed),T5,Firm-level digital transformation,P5,TEA,n/a,general_food,0,+,"individual, technology, organisation, environment factors; operational-only use",System dynamics: digital technology adoption improves food processing SME financial performance.,,2,"Kewalramani, P., Kaur, J., Srivastava, S. (2026). Digital Technology at the Core: Facilitating Adoption for Enhanced SME Performance and Sustainability. The Journal of Entrepreneurship, 35(1), 106–153. https://doi.org/10.1177/09713557261423721"
W7123703461,10.2298/jas2504451n,2025,The impact of stakeholder behavior on the optimization of digitalization in the Moroccan agricultural supply chain: A PLS-based verification,Journal of Agricultural Sciences Belgrade,both,T4,Blockchain and digital traceability,P1;P2;P4,S,Morocco,supply_chain,0,+,"actor behaviour, digital literacy, collaboration, infrastructure","Digital capacity improves agricultural logistics cost, efficiency and quality performance.",,0,"Imane, N., Lamyaa, L., Mohamed, Y. (2025). The impact of stakeholder behavior on the optimization of digitalization in the Moroccan agricultural supply chain: A PLS-based verification. Journal of Agricultural Sciences Belgrade, 70(4), 451–462. https://doi.org/10.2298/jas2504451n"
W4365506181,10.1108/k-09-2022-1326,2023,The effects of digital innovations and sustainable supply chain management on business competitive performance post-COVID-19,Kybernetes,both,T2,"AI, sensors and IoT analytics",P4;P5,S,Yemen,general_food,0,+,"green entrepreneurial preference, sustainable SCM, post-COVID context",AI and big data moderate GEP-SSCM link boosting halal firms competitive performance.,,34,"Sumarliah, E., Al-hakeem, B. (2023). The effects of digital innovations and sustainable supply chain management on business competitive performance post-COVID-19. Kybernetes, 52(7), 2568–2596. https://doi.org/10.1108/k-09-2022-1326"
W7115729744,10.3389/fsufs.2025.1707114,2025,Food safety and its digital traceability strategies: a supplier-processor profit distribution perspective,Frontiers in Sustainable Food Systems,OpenAlex (Scopus-indexed),T4,Blockchain and digital traceability,P2;P4;P5,TEA,n/a,supply_chain,0,mixed,"profit distribution mode, safety decay rate, penalty amount","Differential game: digital traceability raises processor profit, often lowers supplier profit.",,1,"Zhang, J., Li, C. (2025). Food safety and its digital traceability strategies: a supplier-processor profit distribution perspective. Frontiers in Sustainable Food Systems, 9. https://doi.org/10.3389/fsufs.2025.1707114"
W7139093169,10.3390/foods15061098,2026,Synergistic Mechanisms and Product Regulation in the Co-Pyrolysis of Biomass and Food Packaging Waste: A Study Based on Reaction Kinetics and GHG Calculation,Foods,both,T7,Circular valorisation technologies,P3;P5,TEA,China,general_food,1,+,"natural gas-assisted scenario, pyrolysis temperature",Co-pyrolysis of food by-products with packaging plastic profitable and cuts CO2,can generate a net daily profit of 1835 RMB while reducing annual CO2 emissions by 6515 tons,1,"Li, G., Lai, X., Gong, J., Zhang, T., Xu, K. W., Feng, Z., Yao, X. (2026). Synergistic Mechanisms and Product Regulation in the Co-Pyrolysis of Biomass and Food Packaging Waste: A Study Based on Reaction Kinetics and GHG Calculation. Foods, 15(6), 1098. https://doi.org/10.3390/foods15061098"
W3207470853,10.3390/pr9101839,2021,Extraction Methods of Oils and Phytochemicals from Seeds and Their Environmental and Economic Impacts,Processes,both,T6,Advanced processing technologies,P3;P5,R,global,edible_oils,0,mixed,yield versus economic feasibility of green extraction,"Green oil extraction methods trade off yield, environmental and economic performance",,118,"Lavenburg, V. M., Rosentrater, K. A., Jung, S. M. (2021). Extraction Methods of Oils and Phytochemicals from Seeds and Their Environmental and Economic Impacts. Processes, 9(10), 1839. https://doi.org/10.3390/pr9101839"
W7154938093,10.3390/su18084097,2026,IoT-Enabled Real-Time Monitoring: Optimizing Waste and Energy Efficiency in Food Green Supply Chains,Sustainability,both,T2,"AI, sensors and IoT analytics",P3;P4,S,Pakistan,general_food,1,+,"green innovation, government support, internal readiness",IoT/blockchain/analytics integration cut energy use and cold-chain losses,a 29% decrease in energy consumption and a 55% reduction in cold-chain losses,0,"Wang, Y., Saeed, R. M. K. (2026). IoT-Enabled Real-Time Monitoring: Optimizing Waste and Energy Efficiency in Food Green Supply Chains. Sustainability, 18(8), 4097. https://doi.org/10.3390/su18084097"
W4366828985,10.3390/foods12091750,2023,Multi-Criteria Optimization including Environmental Impacts of a Microwave-Assisted Extraction of Polyphenols and Comparison with an Ultrasound-Assisted Extraction Process,Foods,both,T6,Advanced processing technologies,P1;P3,TEA,n/a,by-products,1,mixed,"operating parameters, energy versus productivity trade-off",MAE faster and higher yield; UAE uses less energy for by-product valorisation,"strongly reduce extraction duration (by a factor up to 6), whereas UAE enabled reducing the energy consumption (up to 3.6 fold)",48,"Bouchez, A., Vauchel, P., Périno, S., Dimitrov, K. (2023). Multi-Criteria Optimization including Environmental Impacts of a Microwave-Assisted Extraction of Polyphenols and Comparison with an Ultrasound-Assisted Extraction Process. Foods, 12(9), 1750. https://doi.org/10.3390/foods12091750"
W7126203939,10.1002/bbb.70113,2026,Advances in fermentative production of xanthan gum from agrofood industry wastes,Biofuels Bioproducts and Biorefining,both,T7,Circular valorisation technologies,P3,R,global,food_ingredients,0,+,"pretreatment, nutrient optimisation, AI process modelling",Food-waste substrates and ML optimisation cut xanthan gum production costs,,0,"Khosravi, A., Quiroz-Suárez, K. A., Sanoja‐López, K. A., Luque, R. (2026). Advances in fermentative production of xanthan gum from agrofood industry wastes. Biofuels Bioproducts and Biorefining, 20(3), 1244–1261. https://doi.org/10.1002/bbb.70113"
W4405078464,10.3390/en17236125,2024,Using Microalgae to Convert Brewery Carbon Gas Emissions into Valuable Bioproducts,Energies,both,T7,Circular valorisation technologies,P3;P5,TEA,n/a,beverages,0,+,"modular scaling, bioproduct value","Microalgae capture brewery CO2, yield bioproducts with positive cost-benefit",,9,"Silkina, A., Emran, M. A., Turner, S., Tang, K. W. (2024). Using Microalgae to Convert Brewery Carbon Gas Emissions into Valuable Bioproducts. Energies, 17(23), 6125. https://doi.org/10.3390/en17236125"
W4385700615,10.1080/09537287.2023.2240751,2023,A balance of economic advancement and social needs via improving supply chain traceability for future food sustainability: an empirical study from China,Production Planning & Control,both,T4,Blockchain and digital traceability,P5,S,China,general_food,0,+,"knowledge integration, environmental dynamism",Supply chain traceability improves food manufacturers' economic and sustainability performance,,17,"Zhou, X., Lu, H., Xu, Z. (2023). A balance of economic advancement and social needs via improving supply chain traceability for future food sustainability: an empirical study from China. Production Planning & Control, 37(13), 1536–1556. https://doi.org/10.1080/09537287.2023.2240751"
W3121839809,10.1080/87559129.2021.1875232,2021,Trends in Approaches to Assist Freeze-Drying of Food: A Cohort Study on Innovations,Food Reviews International,both,T6,Advanced processing technologies,P1;P3,R,global,general_food,0,+,,"Assisted freeze-drying techniques save energy, drying time and cost",,47,"Waghmare, R., Choudhary, P., Moses, J. A., Anandharamakrishnan, C., Stapley, A. (2021). Trends in Approaches to Assist Freeze-Drying of Food: A Cohort Study on Innovations. Food Reviews International, 38(sup1), 552–573. https://doi.org/10.1080/87559129.2021.1875232"
W4415566566,10.1021/acs.iecr.5c03156,2025,Optimal Integrated Design for a Multiproduct Biorefinery Producing Green Chemicals and Juice from Apples,Industrial & Engineering Chemistry Research,both,T7,Circular valorisation technologies,P3;P5,TEA,n/a,fruit_veg,1,+,ethanol sourcing: on-site production vs purchased,"Apple juice plus pomace biorefinery economically viable, IRR about 37%, payback under 7 years.",The internal rate of return and the discounted payback period were 36.4% and 6.7 years for the on-site ethanol production process and 37.8% and 6.4 years for the process with purchased ethanol,4,"Villazón-León, V., Sanz, C. R., Bonilla‐Petriciolet, A., Martı́n, M. (2025). Optimal Integrated Design for a Multiproduct Biorefinery Producing Green Chemicals and Juice from Apples. Industrial & Engineering Chemistry Research, 64(44), 21211–21221. https://doi.org/10.1021/acs.iecr.5c03156"
W4415722508,10.3390/su17219642,2025,AI-Driven Supply Chain Decarbonization: Strategies for Sustainable Carbon Reduction,Sustainability,both,T2,"AI, sensors and IoT analytics",P3;P4,C,Tunisia,supply_chain,1,+,"data quality, computational demands, limited expertise, organizational resistance",AI interventions in agri-food and logistics supply chains cut fuel use and emissions.,reduced fuel consumption by 12–15%,15,"Frikha, M. A., Mrad, M. (2025). AI-Driven Supply Chain Decarbonization: Strategies for Sustainable Carbon Reduction. Sustainability, 17(21), 9642. https://doi.org/10.3390/su17219642"
W7134136263,10.1108/md-12-2024-2975,2026,Rising stakes: how higher wages and unions shape technology adoption,Management Decision,both,T1,Automation and robotics,P5,S,USA,food_service,0,+,"unions, labour regulations, rising wages, task nature",Automation improves fast-food firm performance; adoption driven by unions and regulation.,,2,"Sharfaei, S., Setthakorn, K. P. (2026). Rising stakes: how higher wages and unions shape technology adoption. Management Decision, 1–21. https://doi.org/10.1108/md-12-2024-2975"
W4407293890,10.3303/cet2081232,2020,Design and Integration of Heat Recovery in Combination with Solar and Biomass-based Heating in a Drying Plant,Chemical engineering transactions,both,T7,Circular valorisation technologies,P3;P5,TEA,Spain,general_food,1,mixed,electricity and biofuel prices,Heat recovery in food-waste dryer economically justified only under certain energy price ratios.,the electricity cost needs to be less than 5 times higher than the biofuel cost,0,"Wallin, E., Fornell, R., Räftegård, O., Walfridson, T., Benson, J. (2020). Design and Integration of Heat Recovery in Combination with Solar and Biomass-based Heating in a Drying Plant. Chemical engineering transactions. https://doi.org/10.3303/cet2081232"
W4405950491,10.14719/pst.5515,2024,An extensive investigation of combined freeze-drying technologies for fruit conservation,Plant Science Today,both,T6,Advanced processing technologies,P3,R,global,fruit_veg,0,+,"processing time, equipment and energy costs","Combining freeze-drying with pre-treatments reduces energy use, time and cost.",,2,"Rajashree, V., Vijay, S. K. S., Muthuvel, I., Kavitha, S. G. G., Bharathi, A., Senthilkumar, M., Periakaruppan, R. (2024). An extensive investigation of combined freeze-drying technologies for fruit conservation. Plant Science Today, 11(sp4). https://doi.org/10.14719/pst.5515"
W4417449301,10.1038/s41598-025-25366-w,2025,Sustainable supply chain management using Bi-GRU network optimized by hybrid maritime search and rescue algorithm,Scientific Reports,both,T2,"AI, sensors and IoT analytics",P3;P4;P5,TEA,global,supply_chain,1,+,"weather events, transportation delays",AI storage/production optimisation reduces waste and raises profit margins in simulation.,reduces waste by 34.2% and maximizes profit margins at 28.7%,1,"Li, Z. (2025). Sustainable supply chain management using Bi-GRU network optimized by hybrid maritime search and rescue algorithm. Scientific Reports, 15(1), 44078. https://doi.org/10.1038/s41598-025-25366-w"
W7140205267,10.1080/19397038.2026.2645747,2026,A circular tiered hybrid life cycle assessment and forecasting framework for carbon management in horticultural supply chains,International Journal of Sustainable Engineering,both,T7,Circular valorisation technologies,P3;P5,TEA,n/a,fruit_veg,1,+,"policy reforms, carbon financing, incentives",Waste valorisation in cauliflower supply chain offers high ROI and short payback.,community-based waste valorisation could yield a return on investment of 785.23% with a payback period of 8.5 months,1,"Singh, N., Biswas, R., Banerjee, M. (2026). A circular tiered hybrid life cycle assessment and forecasting framework for carbon management in horticultural supply chains. International Journal of Sustainable Engineering, 19(1). https://doi.org/10.1080/19397038.2026.2645747"
W7162527118,10.1108/jeim-08-2025-0691,2026,Integrating smart food safety systems with enterprise information management for net-zero goals,Journal of Enterprise Information Management,both,T5,Firm-level digital transformation,P2;P5,S,"Vietnam, China",general_food,0,mixed,"top management support, system integration, robustness",Smart food safety systems boost economic performance only with enabling CSFs,,0,"Binh, A. D. T., Ngo, V. M., Nguyen, H., Królas, P., Hoang, T. G., Truong, H. Q. (2026). Integrating smart food safety systems with enterprise information management for net-zero goals. Journal of Enterprise Information Management, 1–36. https://doi.org/10.1108/jeim-08-2025-0691"
W4324383807,10.3390/ijerph20065162,2023,"Industrial Symbiosis for Sustainable Management of Meat Waste: The Case of Śmiłowo Eco-Industrial Park, Poland",International Journal of Environmental Research and Public Health,OpenAlex (Scopus-indexed),T7,Circular valorisation technologies,P3;P5,C,Poland,meat,0,+,"industrial symbiosis, supply chain modification",Eco-industrial park turns meat waste into energy and profitable products,,28,"Kowalski, Z., Kulczycka, J., Makara, A., Mondello, G., Salomone, R. (2023). Industrial Symbiosis for Sustainable Management of Meat Waste: The Case of Śmiłowo Eco-Industrial Park, Poland. International Journal of Environmental Research and Public Health, 20(6), 5162. https://doi.org/10.3390/ijerph20065162"
W4404320977,10.4102/jtscm.v18i0.1073,2024,Enhancing brewery logistics with smart kegs: A simulation study,Journal of Transport and Supply Chain Management,both,T2,"AI, sensors and IoT analytics",P4,TEA,n/a,beverages,0,+,"small brewery, reusable containers","Tracked smart kegs reduced fleet size, turnaround times, pick-up distances",,4,"Nettesheim, P., Burggräf, P., Steinberg, F. (2024). Enhancing brewery logistics with smart kegs: A simulation study. Journal of Transport and Supply Chain Management, 18(0). https://doi.org/10.4102/jtscm.v18i0.1073"
W2893019971,10.3303/cet1864038,2018,Eco-Friendly Use of Tomato Processing Residues for Lactic Acid Production in Campania,Chemical engineering transactions,OpenAlex (Scopus-indexed),T7,Circular valorisation technologies,P3;P5,TEA,Italy,fruit_veg,0,,"biomass availability, transport distance to plant",Tomato processing waste to lactic acid feasibility with revenue estimate,,12,"Carillo, P., Amelia, L. D., Aversana, E. D., Faiella, D., Cacace, D., Giuliano, B., Morrone, B. (2018). Eco-Friendly Use of Tomato Processing Residues for Lactic Acid Production in Campania. Chemical engineering transactions. https://doi.org/10.3303/cet1864038"
W7125515485,10.1155/bri/3996383,2026,Whey as an Environmental Issue and Its Possible Solutions: Its Utilization as Culture Medium to Produce L‐Threonine Through E. coli in a Bioreactor,Biochemistry Research International,both,T7,Circular valorisation technologies,P3;P5,R,n/a,dairy,1,mixed,"scale effects, downstream processing costs, whey price",Whey-based L-threonine cheaper than glucose route but above market price,production offers a comparative cost advantage of 7.4% over glucose‐based processes (20.55 USD/kg vs. 22.20 USD/kg),0,"Vélez, S. P., Velásquez, Y. N. C., Henao, C. P. S., Blandón, J. F. V. (2026). Whey as an Environmental Issue and Its Possible Solutions: Its Utilization as Culture Medium to Produce L‐Threonine Through E. coli in a Bioreactor. Biochemistry Research International, 2026(1), 3996383. https://doi.org/10.1155/bri/3996383"
W7131803230,10.1186/s13705-026-00570-2,2026,Optimized production scheduling: a case study on food and steel industries,Energy Sustainability and Society,both,T3,Digital twins and simulation,P1;P3,TEA,n/a,bakery,1,+,"low automation, price forecasts, user acceptance, market barriers",Optimised bakery oven scheduling cut energy use and runtime substantially,"In the bakery, optimized schedules could reduce energy consumption during the nightshift (dayshift) by 30% (43%) and total runtime by 43% (55%).",0,"Zawodnik, V., Reiter, J., Gruber, A., Pfleger, J., Elsnig, H., Kienberger, T. (2026). Optimized production scheduling: a case study on food and steel industries. Energy Sustainability and Society, 16(1). https://doi.org/10.1186/s13705-026-00570-2"
W4313361031,10.3390/su15010635,2022,Sustainability Assessment of Food-Waste-Reduction Measures by Converting Surplus Food into Processed Food Products for Human Consumption,Sustainability,OpenAlex (Scopus-indexed),T7,Circular valorisation technologies,P3;P5,C,Germany,general_food,1,+,only effective under optimal conditions,Upcycling surplus food into retail products cut waste and was profitable per product,"all products were economically profitable, with a per product net revenue of sold upcycled products between EUR 0.42 and 0.70",13,"Lehn, F. H., Schmidt, T. (2022). Sustainability Assessment of Food-Waste-Reduction Measures by Converting Surplus Food into Processed Food Products for Human Consumption. Sustainability, 15(1), 635. https://doi.org/10.3390/su15010635"
W7125640562,10.17270/j.log.001323,2026,Digital Twin (DT)-Driven Real-Time Optimization and Resilience Framework for Perishable Supply Chains Using MIP and Agile Quality Tools,Logforum,Scopus,T3,Digital twins and simulation,P3;P4,TEA,n/a,supply_chain,1,+,"disruptions, demand fluctuations",Digital twin plus MIP cut spoilage and total costs in perishable chains.,"In the food supply chain, spoilage was reduced by more than 35%, service levels improved by over 7%, product freshness increased, and total costs declined by nearly 9%",1,"Manoharan, P. K., Sharma, V. (2026). Digital Twin (DT)-Driven Real-Time Optimization and Resilience Framework for Perishable Supply Chains Using MIP and Agile Quality Tools. Logforum, 22(1), 89–110. https://doi.org/10.17270/j.log.001323"
W7134163875,10.1016/j.biortech.2026.134380,2026,Techno-economic and environmental assessment of shrimp waste biorefinery routes,Bioresource Technology,Scopus,T7,Circular valorisation technologies,P3;P5,TEA,Brazil,seafood,1,+,"process integration, solvent selection, production scale",Integrated shrimp-waste biorefinery for chitin oligomers highly profitable.,return on investment values exceeding 40% and Net Present Values approaching US$20 million under certain assumptions,3,"Fonseca, A. C. M., Santos, M. T. d. (2026). Techno-economic and environmental assessment of shrimp waste biorefinery routes. Bioresource Technology, 449, 134380. https://doi.org/10.1016/j.biortech.2026.134380"
W7151864794,10.1016/j.rser.2026.116918,2026,Energy-efficient food drying for sustainable preservation: A review of technologies and performance,Renewable and Sustainable Energy Reviews,Scopus,T6,Advanced processing technologies,P3;P5,R,global,fruit_veg,1,+,"utilization, energy prices, product geometry",Advanced/hybrid drying cuts specific energy 30-50% with short payback.,heat-pump and mixed drying systems can deliver payback periods below ∼5 years under moderate-to-high utilization and prevailing industrial energy prices,3,"AlZohbi, G., Asfand, F., Shaik, F., Khan, M. S. I. (2026). Energy-efficient food drying for sustainable preservation: A review of technologies and performance. Renewable and Sustainable Energy Reviews, 235, 116918. https://doi.org/10.1016/j.rser.2026.116918"
W7162188142,10.1016/j.supflu.2026.107041,2026,Strategies for adding value to waste from avocado oil extraction: Process performance and technical-economic feasibility,The Journal of Supercritical Fluids,Scopus,T7,Circular valorisation technologies,P3;P5,TEA,n/a,fruit_veg,0,+,"fixed capital at small scale, variable costs at large scale",GXL valorisation of avocado oil cake; extraction time optimised for manufacturing cost.,,0,"Soares, M. E. M., García-Ramón, D. F., Beltramo, L. d. A., Veggi, P. C., Oliveira, A. L. d., Viganó, J. (2026). Strategies for adding value to waste from avocado oil extraction: Process performance and technical-economic feasibility. The Journal of Supercritical Fluids, 237, 107041. https://doi.org/10.1016/j.supflu.2026.107041"
W7168258437,10.1016/j.fbp.2026.07.013,2026,Mechanical dewatering as a low-energy process intensification strategy for hybrid biomass pellets from food-industry cellulose residues,Food and Bioproducts Processing,Scopus,T7,Circular valorisation technologies,P3;P5,TEA,n/a,meat,1,+,,Dewatered sausage-casing cellulose residue pellets economically viable.,techno-economic analysis indicated internal rates of return above 25% and payback periods below 4 years,0,"Sandoval-Manríquez, J., Hernández, D., Rebolledo-Leiva, R., Muñoz, L., Aburto-Hole, J., He, C., Alarcon, J. A. M., Ubilla, P., González‐García, S., Varas‐Concha, F. (2026). Mechanical dewatering as a low-energy process intensification strategy for hybrid biomass pellets from food-industry cellulose residues. Food and Bioproducts Processing, 159, 696–711. https://doi.org/10.1016/j.fbp.2026.07.013"
W4408815942,10.1016/j.biombioe.2025.107771,2025,Techno-economic assessment and life cycle analysis of restaurant food waste-to-electricity conversion in Malaysia and Singapore within a circular bioeconomy framework,Biomass and Bioenergy,Scopus,T7,Circular valorisation technologies,P3;P5,TEA,"Malaysia, Singapore",food_service,1,+,"policy and regulatory frameworks, scale",Anaerobic digestion of restaurant food waste financially viable.,providing a return on investment (ROI) of 12–15 % and a payback period of 5–7 years for medium-scale installations,12,"Goh, K. C., Kurniawan, T. A., Mohamed, S., Zhang, D., Khan, M. I., Othman, M. H. D., Aziz, F., Anouzla, A., Onn, C. W. (2025). Techno-economic assessment and life cycle analysis of restaurant food waste-to-electricity conversion in Malaysia and Singapore within a circular bioeconomy framework. Biomass and Bioenergy, 197, 107771. https://doi.org/10.1016/j.biombioe.2025.107771"
W2519629066,10.1016/j.bej.2016.09.004,2016,Techno-economic evaluation of wine lees refining for the production of value-added products,Biochemical Engineering Journal,Scopus,T7,Circular valorisation technologies,P5,TEA,n/a,beverages,1,mixed,"plant capacity, annual operating time",Wine lees refinery profitability depends on scale and extract price.,Minimum selling prices of the antioxidant-rich extract in the range of 122–11.06 $/kg are required in order to develop profitable refining schemes,59,"Dimou, C. M., Vlysidis, A. A., Kopsahelis, N., Papanikolaou, S., Koutinas, A., Kookos, I. K. (2016). Techno-economic evaluation of wine lees refining for the production of value-added products. Biochemical Engineering Journal, 116, 157–165. https://doi.org/10.1016/j.bej.2016.09.004"
W3138895040,10.1016/j.wasman.2021.02.052,2021,Life cycle and economic assessment of sugarcane bagasse valorization to lactic acid,Waste Management,Scopus,T7,Circular valorisation technologies,P5,TEA,India,sugar,1,+,"integration with sugar mill, alkali and enzyme loading","Bagasse-to-lactic-acid viable, better when annexed to sugar mill.","The product cost of LA was USD 2.9/kg, and a payback time of 6 years was achieved at a selling price of USD 3.21/kg",82,"Munagala, M., Shastri, Y., Nalawade, K. S., Konde, K. S., Patil, S. (2021). Life cycle and economic assessment of sugarcane bagasse valorization to lactic acid. Waste Management, 126, 52–64. https://doi.org/10.1016/j.wasman.2021.02.052"
W4399712587,10.1016/j.eswa.2024.124517,2024,Considering the cascade threat in the food supply chain for the retailer’s “blockchain & contamination prevention effort” strategic deployment,Expert Systems with Applications,Scopus,T4,Blockchain and digital traceability,P2;P5,TEA,n/a,supply_chain,0,mixed,contamination vulnerability of food,Blockchain lowers contamination risk; retailer profit gain not guaranteed.,,6,"Ma, D., Zhang, K., Shao, W., Hu, J. (2024). Considering the cascade threat in the food supply chain for the retailer’s “blockchain & contamination prevention effort” strategic deployment. Expert Systems with Applications, 255, 124517. https://doi.org/10.1016/j.eswa.2024.124517"
W4389396899,10.1016/j.jclepro.2023.140056,2023,"Integrated multitrophic aquaculture supply chain fish traceability with blockchain technology, valorisation of fish waste and plastic pollution reduction by seaweed bioplastic: A study in tuna fish aquaculture industry",Journal of Cleaner Production,Scopus,T7,Circular valorisation technologies,P3;P4;P5,TEA,n/a,seafood,1,+,,"Waste utilisation, bioplastics, blockchain raise tuna chain profit, cut costs.",The fish waste utilization and plastic waste minimization costs of processors are reduced by more than 95%,31,"John, E. P., Mishra, U. (2023). Integrated multitrophic aquaculture supply chain fish traceability with blockchain technology, valorisation of fish waste and plastic pollution reduction by seaweed bioplastic: A study in tuna fish aquaculture industry. Journal of Cleaner Production, 434, 140056. https://doi.org/10.1016/j.jclepro.2023.140056"
W4372344107,10.1016/j.tifs.2023.05.003,2023,The competition between conventional and organic food production in the presence of the blockchain technology,Trends in Food Science & Technology,Scopus,T4,Blockchain and digital traceability,P5,TEA,n/a,dairy,0,mixed,organic vs conventional production,"Blockchain raises organic producers' profit, lowers conventional profit.",,16,"Manteghi, Y., Arkat, J., Mahmoodi, A. (2023). The competition between conventional and organic food production in the presence of the blockchain technology. Trends in Food Science & Technology, 136, 282–294. https://doi.org/10.1016/j.tifs.2023.05.003"
W4388751973,10.1016/j.biortech.2023.130020,2023,Experimental study and techno-economic analysis of co-processing system for treatment of food waste with various impurities,Bioresource Technology,Scopus,T7,Circular valorisation technologies,P3;P5,TEA,n/a,food_waste,1,+,,Separated food-waste AD plus pyrolysis outperforms alternatives economically.,"Techno-economic analysis favored ADCo-Py, with a net present value (NPV) of $15 million and an internal rate of return (IRR) of 34 %",10,"Okopi, S. I., Wang, J., Liang, W., Kong, W., Hu, Y., Cui, J., Guo, X., Zhao, W., Che, L., Gu, Z., Xu, F. (2023). Experimental study and techno-economic analysis of co-processing system for treatment of food waste with various impurities. Bioresource Technology, 394, 130020. https://doi.org/10.1016/j.biortech.2023.130020"
W4361278261,10.1016/j.jenvman.2023.117762,2023,Valorisation of food waste for valuable by-products generation with economic assessment,Journal of Environmental Management,Scopus,T7,Circular valorisation technologies,P5,TEA,China,food_waste,1,+,minimum feedstock supply,"Food-waste biorefinery for hydrogen, ethanol, fertiliser highly profitable.","The payback period (PBP) was 3.5 years at a 7% discount rate. The internal rate of return (IRR) and return on investment (ROI) were 45.54% and 43.88%, respectively.",9,"Zheng, X., Chen, X., Qu, A., Wenjing, Y., Lu, T., Li, F., Huang, J., Xu, X., Tang, J., Hou, P., Han, W. (2023). Valorisation of food waste for valuable by-products generation with economic assessment. Journal of Environmental Management, 338, 117762. https://doi.org/10.1016/j.jenvman.2023.117762"
W3044921514,10.1016/j.foodcont.2020.107495,2020,Exploring the impact of blockchain on the performance of agri-food supply chains,Food Control,both,T4,Blockchain and digital traceability,P2;P4;P5,C,Europe,supply_chain,0,+,,Blockchain raised profit/ROI and information sharing in retailer-led chains.,,245,"Stranieri, S., Riccardi, F., Meuwissen, M., Soregaroli, C. (2020). Exploring the impact of blockchain on the performance of agri-food supply chains. Food Control, 119, 107495. https://doi.org/10.1016/j.foodcont.2020.107495"
W4390086847,10.1016/j.techfore.2023.123149,2023,Assessing the influence of artificial intelligence on agri-food supply chain performance: the mediating effect of distribution network efficiency,Technological Forecasting and Social Change,both,T2,"AI, sensors and IoT analytics",P4;P5,S,Morocco,supply_chain,0,+,AI adoption impediments,"AI raises distribution efficiency, chain efficiency and organisational performance.",,81,"Bhilat, E. M. E., Jaouhari, A. E., HAMIDI, L. S. (2023). Assessing the influence of artificial intelligence on agri-food supply chain performance: the mediating effect of distribution network efficiency. Technological Forecasting and Social Change, 200, 123149. https://doi.org/10.1016/j.techfore.2023.123149"
W2954308942,10.1016/j.scitotenv.2019.06.484,2019,Valorisation of food waste via hydrothermal carbonisation and techno-economic feasibility assessment,The Science of The Total Environment,both,T7,Circular valorisation technologies,P5,R,New Zealand,food_waste,0,,,Review with cost analysis of hydrothermal carbonisation of food waste.,,177,"Saqib, N. U., Sharma, H. B., Baroutian, S., Dubey, B., Sarmah, A. K. (2019). Valorisation of food waste via hydrothermal carbonisation and techno-economic feasibility assessment. The Science of The Total Environment, 690, 261–276. https://doi.org/10.1016/j.scitotenv.2019.06.484"
W4409112739,10.1016/j.irfa.2025.104219,2025,Impact of artificial intelligence innovation on food company performance,International Review of Financial Analysis,both,T2,"AI, sensors and IoT analytics",P1;P5,E,China,general_food,0,+,"market concentration, manufacturing sector, AI invention type",AI innovation raises listed food firms' value via efficiency and market power.,,9,"Wang, Y., Liu, F. (2025). Impact of artificial intelligence innovation on food company performance. International Review of Financial Analysis, 103, 104219. https://doi.org/10.1016/j.irfa.2025.104219"
W4292745434,10.1016/j.tre.2022.102859,2022,What value does blockchain bring to the imported fresh food supply chain?,Transportation Research Part E Logistics and Transportation Review,OpenAlex (Scopus-indexed),T4,Blockchain and digital traceability,P5,TEA,n/a,fresh_food,0,mixed,"consumer safety concern effect, risk attitudes",Blockchain profitable for imported fresh food only under certain conditions.,,113,"Liu, S., Hua, G., Kang, Y., Cheng, T., Xu, Y. (2022). What value does blockchain bring to the imported fresh food supply chain?. Transportation Research Part E Logistics and Transportation Review, 165, 102859. https://doi.org/10.1016/j.tre.2022.102859"
W4214549330,10.1007/s00170-022-08950-6,2022,Environmental and economic sustainability assessment of an industry 4.0 application: the AGV implementation in a food industry,The International Journal of Advanced Manufacturing Technology,both,T1,Automation and robotics,P1,C,Italy,general_food,0,,,LCA and LCC of AGVs replacing forklifts in food plant logistics.,,34,"Stefanini, R., Vignali, G. (2022). Environmental and economic sustainability assessment of an industry 4.0 application: the AGV implementation in a food industry. The International Journal of Advanced Manufacturing Technology, 120(5-6), 2937–2959. https://doi.org/10.1007/s00170-022-08950-6"
W2768608143,10.1007/s10098-017-1457-3,2017,Valorisation of mango seed via extraction of starch: preliminary techno-economic analysis,Clean Technologies and Environmental Policy,both,T7,Circular valorisation technologies,P5,TEA,Ethiopia,fruit_veg,1,+,,Starch extraction from waste mango seeds financially viable.,the project is financially viable with an accounting rate of return of 83% and a break-even analysis of 78% with a payback period of 2 years,51,"Tesfaye, T., Johakimu, J. K., Chavan, R. B., Sithole, B. B., Ramjugernath, D. (2017). Valorisation of mango seed via extraction of starch: preliminary techno-economic analysis. Clean Technologies and Environmental Policy, 20(1), 81–94. https://doi.org/10.1007/s10098-017-1457-3"
W4391998971,10.1016/j.elerap.2024.101375,2024,Impacts of blockchain technology on food supply chains with potential food contamination,Electronic Commerce Research and Applications,OpenAlex (Scopus-indexed),T4,Blockchain and digital traceability,P2;P5,TEA,n/a,supply_chain,0,mixed,"identification time, recall efficiency, damage rate, blockchain cost",Blockchain recall support profitable only under specific conditions.,,13,"Ma, D., Li, K., Qin, H., Hu, J. (2024). Impacts of blockchain technology on food supply chains with potential food contamination. Electronic Commerce Research and Applications, 64, 101375. https://doi.org/10.1016/j.elerap.2024.101375"
W2948904885,10.1016/j.jclepro.2019.06.030,2019,Energy and resource efficiency of electroporation-assisted extraction as an emerging technology towards a sustainable bio-economy in the agri-food sector,Journal of Cleaner Production,both,T6,Advanced processing technologies,P1;P3,TEA,Spain,wine_olive_oil,1,+,,PEF raises olive oil yield and shortens wine maceration.,an average improvement of 5% in the olive extraction yield,34,"Ferreira, V. J., Arnal, Á. J., Royo, P., García-Armingol, T., López-Sabirón, A. M., Ferreira, G. (2019). Energy and resource efficiency of electroporation-assisted extraction as an emerging technology towards a sustainable bio-economy in the agri-food sector. Journal of Cleaner Production, 233, 1123–1132. https://doi.org/10.1016/j.jclepro.2019.06.030"
W7165865011,10.1007/s00170-026-18521-8,2026,Integrated competitiveness model for food manufacturing: an enhanced six-domain framework bridging industry 4.0 and industry 5.0,The International Journal of Advanced Manufacturing Technology,both,T5,Firm-level digital transformation,P1;P3,X,global,general_food,1,+,"SME size, cybersecurity, regulation","Industry 4.0/5.0 competitiveness model; reported OEE and energy gains, evidence base unclear.",OEE improvements of 20–30% and energy reductions of 20–25% have been achieved in 20–30% of industrial projects in 13 countries,0,"Akrong, R. K. (2026). Integrated competitiveness model for food manufacturing: an enhanced six-domain framework bridging industry 4.0 and industry 5.0. The International Journal of Advanced Manufacturing Technology, 145(5-6), 3455–3467. https://doi.org/10.1007/s00170-026-18521-8"
W2473569503,10.1016/j.fbp.2016.06.020,2016,"Electrotechnologies applied to valorization of by-products from food industry: Main findings, energy and economic cost of their industrialization",Food and Bioproducts Processing,both,T6,Advanced processing technologies,P3,R,n/a,general_food,0,,,Review of PEF/HVED for by-product extraction incl. energy and economic cost.,,186,"Puértolas, E., Barba, F. J. (2016). Electrotechnologies applied to valorization of by-products from food industry: Main findings, energy and economic cost of their industrialization. Food and Bioproducts Processing, 100, 172–184. https://doi.org/10.1016/j.fbp.2016.06.020"
W2980240952,10.1007/s12649-019-00833-4,2019,Techno-economic and Environmental Evaluation of Cheesemaking Waste Valorization Through Process Simulation Using SuperPro Designer,Waste and Biomass Valorization,both,T7,Circular valorisation technologies,P3;P5,TEA,Colombia,dairy,1,+,integration with cheese plant,"Whey valorisation into syrups and WPC profitable, best when plant-attached.","net present value of $3,381,000 and $16,354,000 for the stand-alone and attached processes, respectively",39,"Gómez, J. A., Sánchez, Ó. J., Correa, L. F. (2019). Techno-economic and Environmental Evaluation of Cheesemaking Waste Valorization Through Process Simulation Using SuperPro Designer. Waste and Biomass Valorization, 11(11), 6025–6045. https://doi.org/10.1007/s12649-019-00833-4"
W3000674702,10.1016/j.ifset.2019.102281,2020,Evaluation of the economic and environmental sustainability of high pressure processing of foods,Innovative Food Science & Emerging Technologies,both,T6,Advanced processing technologies,P3,TEA,Italy,juice_meat,0,mixed,"electricity cost, benchmark technology",HPP costlier than thermal pasteurisation but cheaper than MAP.,,106,"Cacace, F., Bottani, E., Rizzi, A., Vignali, G. (2020). Evaluation of the economic and environmental sustainability of high pressure processing of foods. Innovative Food Science & Emerging Technologies, 60, 102281. https://doi.org/10.1016/j.ifset.2019.102281"
W7164530168,10.1016/j.fbp.2026.06.006,2026,"Decision-grade circular pathway design for small and medium-sized enterprise food processing using an integrated process-engineering, life cycle assessment, techno-economic, and multi-criteria framework",Food and Bioproducts Processing,both,T7,Circular valorisation technologies,P3;P5,TEA,Thailand,snacks,0,+,"capital intensity, policy and market conditions",Energy-efficient frying gives best environmental-economic balance for SME.,,1,"Premashthira, A., Ubolsook, P., Jansanthea, P., Arun, S. M., Pudwong, S., Sedpho, S., Nawapanan, E., Kanyaprasit, T. T. (2026). Decision-grade circular pathway design for small and medium-sized enterprise food processing using an integrated process-engineering, life cycle assessment, techno-economic, and multi-criteria framework. Food and Bioproducts Processing, 159, 235–248. https://doi.org/10.1016/j.fbp.2026.06.006"
W4396708969,10.1007/s10479-024-06021-5,2024,Digital technology based game-theoretic pricing strategies in a three-tier perishable food supply chain,Annals of Operations Research,both,T4,Blockchain and digital traceability,P5,TEA,n/a,supply_chain,0,+,"product quality, deterioration rate, technology adoption cost",Big data and blockchain raise profits across three-tier perishable chain.,,6,"Dey, S. K., Kundu, K., Das, P. (2024). Digital technology based game-theoretic pricing strategies in a three-tier perishable food supply chain. Annals of Operations Research, 364(1), 1199–1225. https://doi.org/10.1007/s10479-024-06021-5"
W3207397981,10.1016/j.jclepro.2021.129388,2021,Circular economy strategy of reusing olive mill wastewater in the ceramic industry: How the plant location can benefit environmental and economic performance,Journal of Cleaner Production,both,T7,Circular valorisation technologies,P3,TEA,n/a,olive_oil,1,+,transport distance,OMWW reuse in bricks yields economic benefit below break-even distance.,"more restrictive constraint than the economic one, corresponding to a distance of 207 km",44,"Silvestri, L., Forcina, A., Bona, G. D., Silvestri, C. (2021). Circular economy strategy of reusing olive mill wastewater in the ceramic industry: How the plant location can benefit environmental and economic performance. Journal of Cleaner Production, 326, 129388. https://doi.org/10.1016/j.jclepro.2021.129388"
W4413293942,10.1016/j.fbp.2025.08.006,2025,Boosting Sacha Inchi valorization through the biorefinery concept in Colombia: Techno-economic assessment,Food and Bioproducts Processing,both,T7,Circular valorisation technologies,P5,TEA,Colombia,oilseeds,1,mixed,,Antioxidant and bioenergy lines profitable; protein extraction not feasible.,"Both processing lines require a low capital investment (i.e., 2408,625 USD) with a high payback period (i.e., < 1 year)",1,"Solarte‐Toro, J. C., Ortiz‐Sanchez, M., Alzate, C. A. C., Gutiérrez, L. (2025). Boosting Sacha Inchi valorization through the biorefinery concept in Colombia: Techno-economic assessment. Food and Bioproducts Processing, 153, 560–573. https://doi.org/10.1016/j.fbp.2025.08.006"
W7167235048,10.1016/j.biteb.2026.102912,2026,Closing the loop: Valorizing ready-to-use (RTU) processing side-streams into functional nanocoatings: A techno-economic perspective,Bioresource Technology Reports,both,T7,Circular valorisation technologies,P5,R,global,general_food,1,,"yield, energy, solvent recovery, regulatory costs",Side-stream nanocoatings cost about one cent per coated unit.,The corresponding baseline total applied cost was approximately USD 0.012 per unit,0,"Shuaibu, A., Juma, N. S. (2026). Closing the loop: Valorizing ready-to-use (RTU) processing side-streams into functional nanocoatings: A techno-economic perspective. Bioresource Technology Reports, 35, 102912. https://doi.org/10.1016/j.biteb.2026.102912"
W4306399824,10.1016/j.jenvman.2022.116419,2022,"Techno-economic analysis of single-stage and temperature-phase anaerobic co-digestion of sewage sludge, wine vinasse, and poultry manure",Journal of Environmental Management,both,T7,Circular valorisation technologies,P3;P5,TEA,n/a,beverages,1,+,digestion configuration,Temperature-phased co-digestion of wine vinasse most profitable.,"the highest net present value (509,011 USD) and the lowest payback time (4.24 y) were achieved for Scenario 3",29,"Sillero, L., Sganzerla, W. G., Forster‐Carneiro, T., Solera, R., Pérez, M. (2022). Techno-economic analysis of single-stage and temperature-phase anaerobic co-digestion of sewage sludge, wine vinasse, and poultry manure. Journal of Environmental Management, 325(Pt A), 116419. https://doi.org/10.1016/j.jenvman.2022.116419"
W4417246977,10.1016/j.fbp.2025.12.011,2025,Uncovering the environmental and economic feasibility of an integral tomato-based biorefinery for obtaining pectin and seed oil,Food and Bioproducts Processing,both,T7,Circular valorisation technologies,P5,TEA,n/a,fruit_veg,1,-,"oil yield, heat source",Tomato pomace biorefinery not profitable under current conditions.,improving oil yield by a factor of 2.6 through technological adjustments could lead to economic viability,0,"Agraso-Otero, A., Rebolledo-Leiva, R., González-García, S. (2025). Uncovering the environmental and economic feasibility of an integral tomato-based biorefinery for obtaining pectin and seed oil. Food and Bioproducts Processing, 155, 167–178. https://doi.org/10.1016/j.fbp.2025.12.011"
W4294631579,10.1016/j.ijpe.2022.108630,2022,The mediating role of supply chain quality management for traceability and performance improvement: Evidence among Chinese food firms,International Journal of Production Economics,both,T4,Blockchain and digital traceability,P2;P5,S,China,general_food,0,+,supply chain quality management practices,Traceability improves quality and economic performance with SCQM support.,,46,"Zhou, X., Zhu, Q., Xu, Z. (2022). The mediating role of supply chain quality management for traceability and performance improvement: Evidence among Chinese food firms. International Journal of Production Economics, 254, 108630. https://doi.org/10.1016/j.ijpe.2022.108630"
W7203687134,10.1016/j.bej.2026.110373,2026,Process design and techno-economic assessment of microbial oil and carotenoid co-production via food waste upcycling,Biochemical Engineering Journal,both,T7,Circular valorisation technologies,P5,TEA,n/a,pasta,1,+,"biomass yield, selling price",Pasta-waste fed-batch microbial oil co-production economically feasible.,"a ROI of 14.81%, a 6.75-year payback, and a net present value of USD 914,000 at USD 7/kg",0,"Villegas-Méndez, M. Á., Montañez, J., Contreras‐Esquivel, J. C., Salmerón, I., Koutinas, A., Morales‐Oyervides, L. (2026). Process design and techno-economic assessment of microbial oil and carotenoid co-production via food waste upcycling. Biochemical Engineering Journal, 236, 110373. https://doi.org/10.1016/j.bej.2026.110373"
W4412423179,10.1016/j.compchemeng.2025.109269,2025,Integrated decision-making approach for the simultaneous design of food packaging and waste management technologies to achieve a Circular Economy,Computers & Chemical Engineering,both,T7,Circular valorisation technologies,P3;P5,TEA,n/a,beverages,0,mixed,transport distance,Packaging-recycling pathway optimisation shows cost-GHG-circularity trade-offs.,,9,"Munoz-Briones, P. A., Munguía-López, A. d. C., Sánchez‐Rivera, K. L., Avraamidou, S. (2025). Integrated decision-making approach for the simultaneous design of food packaging and waste management technologies to achieve a Circular Economy. Computers & Chemical Engineering, 202, 109269. https://doi.org/10.1016/j.compchemeng.2025.109269"
W7160135935,10.1016/j.jclepro.2026.148328,2026,Energy-efficient drying via an advanced conveyor-based tumbling cold plasma system: Enhancing process efficiency and industrial sustainability,Journal of Cleaner Production,both,T6,Advanced processing technologies,P1;P3;P5,TEA,n/a,fruit_veg,1,+,,"Cold plasma pretreatment cuts drying time, energy and payback.",CP treatment reduced the payback period from 7.84 years to a range of 1.22 to 4.68 years,5,"Zhang, J., Liu, Z., Sutar, P. P., Chong-shan, Z., Xie, L., Yang, H., Ni, J., Yu, S., Lv, W., Xiao, H. (2026). Energy-efficient drying via an advanced conveyor-based tumbling cold plasma system: Enhancing process efficiency and industrial sustainability. Journal of Cleaner Production, 561, 148328. https://doi.org/10.1016/j.jclepro.2026.148328"
W2194758297,10.1016/j.foodres.2015.12.009,2015,An overview of the impact of electrotechnologies for the recovery of oil and high-value compounds from vegetable oil industry: Energy and economic cost implications,Food Research International,OpenAlex (Scopus-indexed),T6,Advanced processing technologies,P3,R,n/a,oilseeds,0,,,Review of PEF/HVED for oil recovery incl. energy and economic cost.,,129,"Puértolas, E., Koubaa, M., Barba, F. J. (2015). An overview of the impact of electrotechnologies for the recovery of oil and high-value compounds from vegetable oil industry: Energy and economic cost implications. Food Research International, 80, 19–26. https://doi.org/10.1016/j.foodres.2015.12.009"
W3000450746,10.1016/j.ijpe.2020.107616,2020,Research on horizontal system model for food factories: A case study of process cheese manufacturer,International Journal of Production Economics,both,T1,Automation and robotics,P1,C,Japan,dairy,0,+,"labour shortage, product diversity",Automated horizontal system model lowers cost and labour hours in cheese plant.,,17,"Matsumoto, T., Chen, Y., Nakatsuka, A., Wang, Q. (2020). Research on horizontal system model for food factories: A case study of process cheese manufacturer. International Journal of Production Economics, 226, 107616. https://doi.org/10.1016/j.ijpe.2020.107616"
W3184367809,10.1016/j.spc.2021.07.022,2021,Integrating process modelling and sustainability assessment to improve the environmental and economic sustainability in the cheese industry,Sustainable Production and Consumption,both,T7,Circular valorisation technologies,P3;P5,TEA,UK,dairy,1,+,,Heat integration plus whey-to-bioethanol cuts cheese life cycle costs.,the climate change impact and life cycle costs of cheese are reduced respectively by 148% and 158% for the production perspective,13,"Gosalvitr, P., Cuéllar-Franca, R. M., Smith, R., Azapagic, A. (2021). Integrating process modelling and sustainability assessment to improve the environmental and economic sustainability in the cheese industry. Sustainable Production and Consumption, 28, 969–986. https://doi.org/10.1016/j.spc.2021.07.022"
W4411575472,10.1007/s12393-025-09415-8,2025,"Technological Innovations in Freeze Drying: Enhancing Efficiency, Sustainability, and Food Quality",Food Engineering Reviews,Scopus,T6,Advanced processing technologies,P1;P3,R,global,general_food,0,+,"high operational cost of conventional freeze drying, scale-up","Hybrid novel technologies with freeze drying cut processing time, energy and costs",,32,"Faruq, A. A., Farahnaky, A., Dokouhaki, M., Khatun, H. A., Trujillo, F. J., Majzoobi, M. (2025). Technological Innovations in Freeze Drying: Enhancing Efficiency, Sustainability, and Food Quality. Food Engineering Reviews, 17(4), 859–883. https://doi.org/10.1007/s12393-025-09415-8"
W7130364556,10.3390/foods15040742,2026,IoT-Enabled Quality-Triggered Markdown Pricing for Perishable Food: Equity and Waste Implications,Foods,Scopus,T2,"AI, sensors and IoT analytics",P3;P4;P5,TEA,n/a,retail,0,+,,"IoT quality monitoring enables earlier markdowns, less waste, profit maintained",,1,"Hassini, E., Ben‐Daya, M., Bahroun, Z. (2026). IoT-Enabled Quality-Triggered Markdown Pricing for Perishable Food: Equity and Waste Implications. Foods, 15(4), 742. https://doi.org/10.3390/foods15040742"
W7139068045,10.1080/24725854.2026.2646936,2026,How to deploy food distribution networks based on blockchain,IISE Transactions,Scopus,T4,Blockchain and digital traceability,P4;P5,TEA,n/a,supply_chain,0,+,"operational scale, market competition",Blockchain-IoT MILP distribution network design enhances retailer profitability and lowers costs,,1,"Wu, J., Yan, Y., Wang, S., Zhen, L. (2026). How to deploy food distribution networks based on blockchain. IISE Transactions, 1–19. https://doi.org/10.1080/24725854.2026.2646936"
W7143437806,10.57017/jaes.v21.2(92).13,2026,Technological Determinants of Economic Efficiency in the Food Manufacturing Industry: An Applied Analysis,Journal of Applied Economic Sciences (JAES),Scopus,T5,Firm-level digital transformation,P1;P5,E,n/a,general_food,1,+,technology portfolio composition,"Digital technologies strongly raise ROI, cost efficiency and labour productivity","optimized technology portfolios can increase ROI by 19–26%, reduce unit costs by up to 18%, and improve labour productivity by approximately 25%",0,"BOZHOK, O., Bublyk, L., MINIAILENKO, I., SYNYAVSKYY, M., Ulinici, A. (2026). Technological Determinants of Economic Efficiency in the Food Manufacturing Industry: An Applied Analysis. Journal of Applied Economic Sciences (JAES), 21(16), 613. https://doi.org/10.57017/jaes.v21.2(92).13"
W7162334818,10.18421/tem152-01,2026,Ant Colony Optimization for Order Processing and Labeling Automation in Food Manufacturing Using ERP–MES–IoT Integration,TEM Journal,Scopus,T5,Firm-level digital transformation,P1;P4,C,n/a,general_food,0,+,,"ERP-MES-IoT integration with ACO scheduling cuts processing time, raises operator productivity",,0,"Borisov, B., Todorov, V. (2026). Ant Colony Optimization for Order Processing and Labeling Automation in Food Manufacturing Using ERP–MES–IoT Integration. TEM Journal, 15(2), 960. https://doi.org/10.18421/tem152-01"
W7162695130,10.1016/j.biteb.2026.102843,2026,Techno-economic analysis of a photobiorefinery for the production of polyhydroxyalkanoates from food waste,Bioresource Technology Reports,Scopus,T7,Circular valorisation technologies,P3;P5,TEA,n/a,food_waste,1,mixed,"low volumetric productivity, high PHA recovery costs",Food-waste PHA photobiorefinery profitable but less cost-competitive than alternatives,The NPV was estimated at $38.6 M and $51.3 M for dry and wet extraction.,0,"Stavropoulou, Z., Misailidis, N., Parisis, V., Petrides, D. M., Georgiadis, M. C. (2026). Techno-economic analysis of a photobiorefinery for the production of polyhydroxyalkanoates from food waste. Bioresource Technology Reports, 34, 102843. https://doi.org/10.1016/j.biteb.2026.102843"
W4213430599,10.1016/j.jclepro.2022.131068,2022,Data-driven optimal dynamic pricing strategy for reducing perishable food waste at retailers,Journal of Cleaner Production,Scopus,T2,"AI, sensors and IoT analytics",P3;P4;P5,TEA,LMICs,retail,0,+,"low and middle-income countries, volatile demand",IoT-driven dynamic pricing reduces retail food waste and increases profit,,123,"Kayıkçı, Y., Demir, S., Mangla, S. K., Subramanian, N., Koc, B. (2022). Data-driven optimal dynamic pricing strategy for reducing perishable food waste at retailers. Journal of Cleaner Production, 344, 131068. https://doi.org/10.1016/j.jclepro.2022.131068"
W3185559963,10.3390/su13158479,2021,Technological Innovation and Circular Economy Practices: Business Strategies to Mitigate the Effects of COVID-19,Sustainability,Scopus,T2,"AI, sensors and IoT analytics",P4;P5,S,Ecuador,general_food,0,+,"COVID-19, technological capabilities",Technological innovation and business analytics improve food firm performance,,113,"Khan, S. A. R., Ponce, P., Tanveer, M., Padilla, N. I. A., Mahmood, H., Shah, S. A. A. (2021). Technological Innovation and Circular Economy Practices: Business Strategies to Mitigate the Effects of COVID-19. Sustainability, 13(15), 8479. https://doi.org/10.3390/su13158479"
W4313470138,10.3390/w15010012,2022,A Framework for Recovering Waste Heat Energy from Food Processing Effluent,Water,Scopus,T7,Circular valorisation technologies,P3,TEA,n/a,fruit_veg,0,+,thermal and temporal stream compatibility,Effluent heat recovery framework with cost-benefit reduces cannery energy demand,,10,"Luo, Y., Jagtap, S., Trollman, H., Garcia‐Garcia, G. (2022). A Framework for Recovering Waste Heat Energy from Food Processing Effluent. Water, 15(1), 12. https://doi.org/10.3390/w15010012"
W4376610475,10.1016/j.crfs.2023.100514,2023,The importance of outlier rejection and significant explanatory variable selection for pinot noir wine soft sensor development,Current Research in Food Science,Scopus,T2,"AI, sensors and IoT analytics",P1;P2,TEA,n/a,beverages,1,+,,Reduced-parameter wine soft sensors cut QC analytical and labour costs.,potential reduction in analytical cost and labour cost of 56% for the regression model and 83% for the classification model,7,"An, J., Wilson, D. I., Deed, R. C., Kilmartin, P. A., Young, B. R., Yu, W. (2023). The importance of outlier rejection and significant explanatory variable selection for pinot noir wine soft sensor development. Current Research in Food Science, 6, 100514. https://doi.org/10.1016/j.crfs.2023.100514"
W7172401397,10.1111/jfpe.70728,2026,Sustainable Drying of Agricultural Products: Influence of Pretreatments on Energy Consumption and Drying Performance,Journal of Food Process Engineering,Scopus,T6,Advanced processing technologies,P3,R,global,fruit_veg,0,+,,"Review: US, PEF, cold plasma pretreatments reduce drying specific energy consumption.",,3,"Kaveh, M., Nowacka, M., Abbaspour‐Gilandeh, Y., Sharifian, F., Kalantari, D., El‐Mesery, H. S. (2026). Sustainable Drying of Agricultural Products: Influence of Pretreatments on Energy Consumption and Drying Performance. Journal of Food Process Engineering, 49(8). https://doi.org/10.1111/jfpe.70728"
W7147494253,10.1016/j.aei.2026.104645,2026,The adoption of digital twin technologies for maintenance in small and medium-sized enterprises: Challenges and benefits,Advanced Engineering Informatics,Scopus,T3,Digital twins and simulation,P1;P5,TEA,n/a,general_food,1,+,"equipment criticality, technician delays, spare-part logistics, SME resources",Modular predictive digital twins cut maintenance downtime costs in agri-food SMEs.,up to 83% reduction in average downtime-related cost and up to 42% reduction in average repair time,1,"Nasirinejad, M., Afshari, H., Sampalli, S. (2026). The adoption of digital twin technologies for maintenance in small and medium-sized enterprises: Challenges and benefits. Advanced Engineering Informatics, 74, 104645. https://doi.org/10.1016/j.aei.2026.104645"
W7160877770,10.3390/pr14101519,2026,Feasibility Study of Valorizing Rejected Peas as a Food Ingredient,Processes,Scopus,T7,Circular valorisation technologies,P3;P5,TEA,n/a,fruit_veg,1,+,"seasonality, process complexity, investment and operating costs",Pea flour from rejected peas judged feasible valorisation route.,the route achieves an annual packaged-flour recovery of 46.5% relative to the recoverable rejected peas,0,"Valladolid, D. R., Pio, G., Zambon, A. (2026). Feasibility Study of Valorizing Rejected Peas as a Food Ingredient. Processes, 14(10), 1519. https://doi.org/10.3390/pr14101519"
W7162862396,10.1016/j.biortech.2026.135029,2026,"De novo gamma-decalactone bioproduction from Ashbya gossypii: Process design, techno-economic evaluation and environmental assessment",Bioresource Technology,Scopus,T8,Other,P3;P5,TEA,n/a,food_ingredients,0,mixed,"myo-inositol cost, low fermentation titer, market conditions",Fermentative gamma-decalactone economics constrained; competitive only under favourable scenarios.,,0,"Carballido, A., Coelho, E., Arias, A., Oliveira, J. M., Feijóo, G., Domingues, L., Moreira, M. T. (2026). De novo gamma-decalactone bioproduction from Ashbya gossypii: Process design, techno-economic evaluation and environmental assessment. Bioresource Technology, 458, 135029. https://doi.org/10.1016/j.biortech.2026.135029"
W7203606250,10.3390/logistics10080189,2026,Strategic Optimization of Agricultural Supply Chains Based on the Integration of GIS and Multimodal Infrastructure Capacity in Kazakhstan,Logistics,Scopus,T3,Digital twins and simulation,P4,TEA,Kazakhstan,supply_chain,1,+,"storage capacity deficit, infrastructure scarcity",Digital twin multimodal routing cut grain logistics costs substantially.,achieving overall cost savings of 45.4%,0,"Mussabekova, A., Galyandin, V., Massakova, S., Ayazbayeva, G. (2026). Strategic Optimization of Agricultural Supply Chains Based on the Integration of GIS and Multimodal Infrastructure Capacity in Kazakhstan. Logistics, 10(8), 189. https://doi.org/10.3390/logistics10080189"
W4406127183,10.1002/bse.4121,2025,Evaluating Circular Strategies for the Resilience of Agri‐Food Business: Evidence From the Olive Oil Supply Chain,Business Strategy and the Environment,Scopus,T7,Circular valorisation technologies,P3;P5,C,Italy,olive_oil,0,+,input and output price fluctuations,Circular by-product valorisation improved olive oil firms' economic viability and resilience.,,17,"Spada, E., Carlucci, D., Cembalo, L., Chinnici, G., D’Amico, M., Falcone, G., Giannoccaro, G., Gulısano, G., Iofrıda, N., Stempfle, S., Luca, A. I. D. (2025). Evaluating Circular Strategies for the Resilience of Agri‐Food Business: Evidence From the Olive Oil Supply Chain. Business Strategy and the Environment, 34(3), 2748–2764. https://doi.org/10.1002/bse.4121"
W4412642681,10.1039/d5gc02153g,2025,Transforming orange by-products into high-value neuroprotective products: environmental and economic assessment of advanced green extraction methods,Green Chemistry,Scopus,T7,Circular valorisation technologies,P5,TEA,n/a,fruit_veg,0,,,Techno-economic comparison of green extraction for orange by-products; results not in abstract.,,8,"Porto, B. L. S., Acevedo-García, B., Kashtiban, A. E., Sepulveda, T. M., Herrero, M., Cifuentes, A., Mendiola, J. A., Ibáñez, E. (2025). Transforming orange by-products into high-value neuroprotective products: environmental and economic assessment of advanced green extraction methods. Green Chemistry, 27(36), 11021–11035. https://doi.org/10.1039/d5gc02153g"
W4413722021,10.3390/systems13090737,2025,The Application of Blockchain Technology in Fresh Food Supply Chains: A Game-Theoretical Analysis Under Carbon Cap-and-Trade Policy and Consumer Dual Preferences,Systems,Scopus,T4,Blockchain and digital traceability,P3;P4;P5,TEA,n/a,supply_chain,0,+,"carbon price, consumer low-carbon and freshness preferences, adoption cost",Joint blockchain adoption raises fresh food chain profits under high carbon prices.,,2,"Liu, Z., Yang, T., Hu, B., Shi, L. (2025). The Application of Blockchain Technology in Fresh Food Supply Chains: A Game-Theoretical Analysis Under Carbon Cap-and-Trade Policy and Consumer Dual Preferences. Systems, 13(9), 737. https://doi.org/10.3390/systems13090737"
W4413046044,10.1016/j.sftr.2025.101117,2025,Techno-economic study of a small-scale biogas plant utilizing biowaste of a canning factory in central macedonia,Sustainable Futures,Scopus,T7,Circular valorisation technologies,P3;P5,TEA,Greece,fruit_veg,1,+,"co-treatment with peach processing biowaste, seasonality",Small biogas plant on cannery biowaste is a profitable investment.,"the economic efficiency of the investment is promising (ROI 20.9 %, SPP 4.28 yr, V €869, NPV €18,579, IRR 23.8 %, DPP 4.70 yr)",1,"Zikopoulos, D., Taousanidis, N. (2025). Techno-economic study of a small-scale biogas plant utilizing biowaste of a canning factory in central macedonia. Sustainable Futures, 10, 101117. https://doi.org/10.1016/j.sftr.2025.101117"
W7161112887,10.1504/ijlsm.2026.153536,2026,Supply chain automation in the Australian red meat industry,International Journal of Logistics Systems and Management,Scopus,T4,Blockchain and digital traceability,P4;P5,C,Australia,meat,0,+,"fragmented supply chain, information sharing","Online beef marketplace improves information sharing, supply chain performance, export market",,0,"Jie, F., Ding, M. J., Armstrong, L., Cook, D., Kevin, P. (2026). Supply chain automation in the Australian red meat industry. International Journal of Logistics Systems and Management, 54(1), 57–75. https://doi.org/10.1504/ijlsm.2026.153536"
W2051546557,10.1080/00207543.2014.985449,2015,Greening the food supply chain: an optimisation model for sustainable design of refrigerated automated warehouses,International Journal of Production Research,Scopus,T1,Automation and robotics,P3;P4,TEA,n/a,supply_chain,0,,"storage temperature, facility location, investment cost",Optimisation model minimising yearly cost and energy of refrigerated automated warehouses,,164,"Meneghetti, A., Monti, L. (2014). Greening the food supply chain: an optimisation model for sustainable design of refrigerated automated warehouses. International Journal of Production Research, 53(21), 6567–6587. https://doi.org/10.1080/00207543.2014.985449"
W3133607456,10.1109/access.2021.3062410,2021,Effective Management for Blockchain-Based Agri-Food Supply Chains Using Deep Reinforcement Learning,IEEE Access,Scopus,T4,Blockchain and digital traceability,P4;P5,TEA,n/a,supply_chain,0,+,,Blockchain traceability plus deep RL management yields higher supply chain profits in simulation,,156,"Chen, H., Chen, Z., Lin, F., Zhuang, P. (2021). Effective Management for Blockchain-Based Agri-Food Supply Chains Using Deep Reinforcement Learning. IEEE Access, 9, 36008–36018. https://doi.org/10.1109/access.2021.3062410"
W2891585855,10.3390/su10093149,2018,"Innovative Blockchain-Based Approach for Sustainable and Credible Environment in Food Trade: A Case Study in Shandong Province, China",Sustainability,Scopus,T4,Blockchain and digital traceability,P4;P5,TEA,China,supply_chain,0,+,,Consortium blockchain food trading system improves merchants' profit in Shandong case,,126,"Mao, D., Hao, Z., Wang, F., Li, H. (2018). Innovative Blockchain-Based Approach for Sustainable and Credible Environment in Food Trade: A Case Study in Shandong Province, China. Sustainability, 10(9), 3149. https://doi.org/10.3390/su10093149"
W3159485679,10.3390/su13095109,2021,The Influence of the Digital Supply Chain on Operational Performance: A Study of the Food and Beverage Industry in Indonesia,Sustainability,Scopus,T4,Blockchain and digital traceability,P1;P2;P4,S,Indonesia,general_food,0,+,,"Digital supply chain significantly improves quality, productivity and cost reduction",,60,"Saryatmo, M. A., Sukhotu, V. (2021). The Influence of the Digital Supply Chain on Operational Performance: A Study of the Food and Beverage Industry in Indonesia. Sustainability, 13(9), 5109. https://doi.org/10.3390/su13095109"
W2954888906,10.1016/j.jenvman.2019.06.037,2019,Development of a pragmatic framework to help food and drink manufacturers select the most sustainable food waste valorisation strategy,Journal of Environmental Management,Scopus,T7,Circular valorisation technologies,P3;P5,TEA,UK,fruit_veg,0,mixed,"technology maturity, market growth for pectin, company strategy",Microwave pectin extraction not yet better than wholesale sale; may become viable,,58,"Stone, J., Garcia‐Garcia, G., Rahimifard, S. (2019). Development of a pragmatic framework to help food and drink manufacturers select the most sustainable food waste valorisation strategy. Journal of Environmental Management, 247, 425–438. https://doi.org/10.1016/j.jenvman.2019.06.037"
W3049287463,10.3390/biom10081184,2020,Biotechnological Valorization of Food Marine Wastes: Microbial Productions on Peptones Obtained from Aquaculture By-Products,Biomolecules,Scopus,T7,Circular valorisation technologies,P3,TEA,n/a,seafood,1,+,,Fish processing by-product peptones cut microbial culture media costs several-fold,The decreasing of the costs for LAB bioproductions ranged between 3-4 times and the growth costs of MPB and Gram+ bacteria were improved more than 70 and 15 times,31,"Vázquez, J. A., Durán, A. I., Menduíña, A., Nogueira, M. (2020). Biotechnological Valorization of Food Marine Wastes: Microbial Productions on Peptones Obtained from Aquaculture By-Products. Biomolecules, 10(8), 1184. https://doi.org/10.3390/biom10081184"
W4411042563,10.3389/fsufs.2025.1602960,2025,Digital input decision-making in fresh agricultural supply chains under government subsidies,Frontiers in Sustainable Food Systems,Scopus,T5,Firm-level digital transformation,P4;P5,TEA,n/a,supply_chain,0,mixed,"government subsidies, digital input costs, spillover effects",Digital adoption pays only when returns exceed costs; subsidies above threshold help,,5,"He, J., Chen, S., Zong, C. (2025). Digital input decision-making in fresh agricultural supply chains under government subsidies. Frontiers in Sustainable Food Systems, 9. https://doi.org/10.3389/fsufs.2025.1602960"
W4405642734,10.3390/en17246430,2024,Energy Demand Response in a Food-Processing Plant: A Deep Reinforcement Learning Approach,Energies,Scopus,T2,"AI, sensors and IoT analytics",P3,TEA,n/a,general_food,1,+,,Deep RL demand response cuts food plant energy costs by about 18%,"The two optimization strategies demonstrate cost savings of 17.57% and 18.65% for RL and MILP, respectively.",6,"Wohlgenannt, P., Hegenbart, S., Eder, E., Kolhe, M. L., Kepplinger, P. (2024). Energy Demand Response in a Food-Processing Plant: A Deep Reinforcement Learning Approach. Energies, 17(24), 6430. https://doi.org/10.3390/en17246430"
W4405892646,10.1038/s41467-024-54939-y,2024,Metamaterial-based injection molding for the cost-effective production of whole cuts,Nature Communications,Scopus,T6,Advanced processing technologies,P1,TEA,n/a,meat_analogues,1,+,,Injection molding of plant-based whole cuts far cheaper per kg than 3D printing,"technical economic analysis shows injection molding is more cost-effective than 3D printing, costing $9/kg compared to $38/kg",6,"Ghosheh, M., Ehrlich, A., Fischer, A., Pasitka, L., Cohen, M., Nahmias, Y. (2024). Metamaterial-based injection molding for the cost-effective production of whole cuts. Nature Communications, 15(1), 10767. https://doi.org/10.1038/s41467-024-54939-y"
W7125498535,10.15193/zntj/2025/145/561,2025,THE ASSESSMENT OF THE IMPACT OF SUSTAINABLE PRODUCTION METHODS ON ECONOMIC EFFICIENCY IN THE FOOD INDUSTRY,Zywnosc-nauka Technologia Jakosc,Scopus,T7,Circular valorisation technologies,P1;P3;P4;P5,R,n/a,general_food,1,+,"high investment costs, infrastructure, integration, lack of qualified specialists","Energy monitoring, renewables and circular models cut costs and raise profitability","Auto mated energy monitoring systems reduced energy costs by 12 ÷ 18 %, while the integration of renewable energy sources reduced costs by 30 ÷ 40 %",1,"MOSKALENKO, O., Valıyev, J. A., Boiarchuk, S., VAZOV, R., Kavaldzhieva, K. (2025). THE ASSESSMENT OF THE IMPACT OF SUSTAINABLE PRODUCTION METHODS ON ECONOMIC EFFICIENCY IN THE FOOD INDUSTRY. Zywnosc-nauka Technologia Jakosc, 32(4), 136–166. https://doi.org/10.15193/zntj/2025/145/561"
W7117448158,10.14445/22315381/ijett-v73i12p108,2025,Design and Development of an Automated Wrapper Machine for Roasted Glutinous Rice,International Journal of Engineering Trends and Technology,Scopus,T1,Automation and robotics,P1,TEA,Malaysia,snacks,1,+,"small and medium enterprises, labour costs",Automated wrapper saves wrapping time per piece versus manual work,Experimental results demonstrated an average time saving of 4.22s per piece compared to manual wrapping.,0,"Basar, M., M, F. N. I. B., Hasim, N., A, A. N. (2025). Design and Development of an Automated Wrapper Machine for Roasted Glutinous Rice. International Journal of Engineering Trends and Technology, 73(12), 84–94. https://doi.org/10.14445/22315381/ijett-v73i12p108"
W7125530448,10.15193/zntj/2025/145/559,2025,ECONOMIC EFFICIENCY OF AUTOMATED QUALITY CONTROL SYSTEMS IN THE FOOD INDUSTRY,Zywnosc-nauka Technologia Jakosc,Scopus,T2,"AI, sensors and IoT analytics",P2;P3;P4;P5,C,"Azerbaijan, Ukraine",general_food,1,+,,"Automated quality control and digital platforms cut energy costs, revenue grew","an automated cold storage facility for 20,300 pallets with digital management, reducing energy costs by 30 %",0,"Mamyralieva, A. T., ALIYEV, S., GUNYA, O., Almasov, N., KUDLAI, V. (2025). ECONOMIC EFFICIENCY OF AUTOMATED QUALITY CONTROL SYSTEMS IN THE FOOD INDUSTRY. Zywnosc-nauka Technologia Jakosc, 32(4), 92–116. https://doi.org/10.15193/zntj/2025/145/559"
W4311039737,10.1108/ijlm-01-2022-0011,2022,"Linking big data, sustainable supply chain management and corporate performance: the moderating role of circular economy thinking",The International Journal of Logistics Management,Scopus,T2,"AI, sensors and IoT analytics",P4;P5,S,Vietnam,supply_chain,0,+,circular economy thinking moderates; SMEs,"Big-data-driven SCM raises sustainable corporate performance of food SMEs, partly via SSCM.",,51,"Le, T. T. (2022). Linking big data, sustainable supply chain management and corporate performance: the moderating role of circular economy thinking. The International Journal of Logistics Management, 34(3), 744–771. https://doi.org/10.1108/ijlm-01-2022-0011"
W4402615998,10.3390/pr12092001,2024,Process Optimization in a Condiment SME through Improved Lean Six Sigma with a Surface Tension Neural Network,Processes,Scopus,T2,"AI, sensors and IoT analytics",P2;P3;P5,C,n/a,condiments,1,+,SME context,"AI-enhanced Lean Six Sigma raised yield, cut defects and waste losses per batch.","These improvements resulted in significant cost savings, with a reduction in waste-related losses amounting to USD 1585 per batch.",8,"Vargas, M., Mosquera, R., Fuertes, G., Alfaro, M. D., Pérez-Vergara, I. (2024). Process Optimization in a Condiment SME through Improved Lean Six Sigma with a Surface Tension Neural Network. Processes, 12(9), 2001. https://doi.org/10.3390/pr12092001"
W4392238862,10.17221/271/2023-agricecon,2024,Research on the promotion effect and mechanisms of digital empowerment of food enterprises,Agricultural Economics (Zemědělská ekonomika),Scopus,T5,Firm-level digital transformation,P1,E,China,general_food,0,+,"ownership, factor intensity, location; productivity paradox",Digital transformation raises TFP of listed food firms via cost saving and innovation.,,0,"Li, P., Ye, X. (2024). Research on the promotion effect and mechanisms of digital empowerment of food enterprises. Agricultural Economics (Zemědělská ekonomika), 70(2), 60–72. https://doi.org/10.17221/271/2023-agricecon"
W7214293887,10.1080/09537287.2026.2730718,2026,Navigating the digital shift: Stakeholders’ power and social sustainability in Agri-food supply chains,Production Planning & Control,OpenAlex (WoS-indexed),T4,Blockchain and digital traceability,P5,S,China,supply_chain,0,+,"stakeholder power (reward, coercive)",SC digitalisation improves financial and market performance,,,"Zhou, X., Lu, H., Yang, Y. (2026). Navigating the digital shift: Stakeholders’ power and social sustainability in Agri-food supply chains. Production Planning & Control. https://doi.org/10.1080/09537287.2026.2730718"
WOS:001787013400012,,2026,"Polymer Composite-Integrated Food Waste Management Across the Supply Chain: Quantification, Process Modelling, and Techno-Economic Valorization",Journal Of Polymer & Composites,Web of Science,T7,Circular valorisation technologies,P3;P5,R,global,supply_chain,1,+,"technology readiness level, capital cost","Review benchmarks paybacks, MSP and IRR of food-waste valorisation routes","Techno-economic analysis benchmarks are synthesized for four major valorization routes: anaerobic digestion (payback 8-15 years), composting (payback 3-6 years), Black Soldier Fly insect bioconversion (MSP $2.0-5.0/kg protein), and supercritical CO2 extraction (MSP $50-500/kg extract, IRR up to 18.3%)",,"Shewale, S. P., Patil, M. P., Patil, A. D., Suryawanshi, P. G., Sakhare, D. Y. (2026). Polymer Composite-Integrated Food Waste Management Across the Supply Chain: Quantification, Process Modelling, and Techno-Economic Valorization. Journal Of Polymer & Composites, 14, S819–S836."
WOS:000588911500001,10.1007/s10098-020-01981-1,2021,A techno-economic feasibility of a process for extraction of starch from waste avocado seeds,Clean Technologies And Environmental Policy,Web of Science,T7,Circular valorisation technologies,P3;P5,TEA,n/a,fruit_veg,1,+,,"Avocado-seed starch extraction feasible, two-year payback",economically feasible with an accounting rate of return of 75% and a break-even analysis of 82% with a payback period of 2 years,,"Tesfaye, T., Ayele, M., Ferede, E., Gibril, M., Kong, F. G., Sithole, B. (2021). A techno-economic feasibility of a process for extraction of starch from waste avocado seeds. Clean Technologies And Environmental Policy, 23(2), 581–595. https://doi.org/10.1007/s10098-020-01981-1"
WOS:000610903400001,10.3390/app11020660,2021,Techno-Economic Assessment of a Gasification Plant for Distributed Cogeneration in the Agrifood Sector,Applied Sciences-Basel,Web of Science,T7,Circular valorisation technologies,P3;P5,TEA,n/a,olive_oil_nuts,1,+,"feedstock residues, plant scale",Gasification CHP from olive/almond residues pays back in 5-9 years,"an economic feasibility analysis was developed, wherein the payback period ranges between 5-9 years",,"Aguado, R., Vera, D., López-García, D. A., Torreglosa, J. P., Jurado, F. (2021). Techno-Economic Assessment of a Gasification Plant for Distributed Cogeneration in the Agrifood Sector. Applied Sciences-Basel, 11(2), 660. https://doi.org/10.3390/app11020660"
WOS:001041646200001,10.1016/j.jece.2023.110049,2023,Biorefinery perspective for industrial potato peel management: technology readiness level and economic assessment,Journal Of Environmental Chemical Engineering,Web of Science,T7,Circular valorisation technologies,P3;P5,R,global,fruit_veg,1,+,"mostly lab scale, process integration",Potato-peel biorefinery reviewed as profitable with IRR above 10%,"Well-designed biorefinery presented high net present values, internal return rates higher than 10 %, and low payback times.",,"Almeida, P. V., Gando-Ferreira, L. M., Quina, M. J. (2023). Biorefinery perspective for industrial potato peel management: technology readiness level and economic assessment. Journal Of Environmental Chemical Engineering, 11(3), 110049. https://doi.org/10.1016/j.jece.2023.110049"
WOS:000481492200025,,2017,"Analysing the Environmental, Energy and Economic Feasibility of Biomethanation of Agrifood Waste: A Case Study from Spain",Sustainability Challenges In The Agrofood Sector,Web of Science,T7,Circular valorisation technologies,P3;P5,TEA,Spain,meat_tomato_olive,0,+,plant sizing,Biomethanation plants for agrifood waste in Extremadura economically feasible,,,"González, A. G., Blázquez, F. C., Salcedo, F. C. (2017). Analysing the Environmental, Energy and Economic Feasibility of Biomethanation of Agrifood Waste: A Case Study from Spain. Sustainability Challenges In The Agrofood Sector, 532–550."
WOS:000541887900005,10.1016/j.tifs.2020.03.014,2020,A systematic review on the recent advances of the energy efficiency improvements in non-conventional food drying technologies,Trends In Food Science & Technology,Web of Science,T6,Advanced processing technologies,P3,R,global,general_food,0,+,,Review: hybrid solar and refractance window drying most energy efficient,,,"Menon, A., Stojceska, V., Tassou, S. A. (2020). A systematic review on the recent advances of the energy efficiency improvements in non-conventional food drying technologies. Trends In Food Science & Technology, 100, 67–76. https://doi.org/10.1016/j.tifs.2020.03.014"
WOS:001700636400001,10.1016/j.ifset.2026.104494,2026,The potential of plasma-processed air (PPA) for industrial food safety in herbs and spices,Innovative Food Science & Emerging Technologies,Web of Science,T6,Advanced processing technologies,P2;P5,TEA,n/a,herbs_spices,1,+,"treatment mode, scale",Upscaled plasma decontamination pays back in under one year,The return on capital investment of PLexc2 equipment was estimated to be less than one year for a production quantity of 2000 t/yr.,,"Yao, Y. J., Meister, M., Zuber, S., Groot, M. N. N., Den Uijl, K., Linthorst, M., Hoogland, H., Schnabel, U., Karatzas, K. A. G. (2026). The potential of plasma-processed air (PPA) for industrial food safety in herbs and spices. Innovative Food Science & Emerging Technologies, 110, 104494. https://doi.org/10.1016/j.ifset.2026.104494"
WOS:000522492700113,10.3390/en13040885,2020,Energy Saving Potential of Industrial Solar Collectors in Southern Regions of Russia: The Case of Krasnodar Region,Energies,Web of Science,T8,Other,P3;P5,TEA,Russia,general_food,1,mixed,"grid access, seasonal load, state incentives",Solar heat for food plants saves energy but LCOE exceeds current tariffs,levelized cost of energy produced by industrial solar collectors in the southern regions of Russia may amount to 3.8-6.6 rubles per kWh,,"Ratner, S., Gomonov, K., Revinova, S., Lazanyuk, I. (2020). Energy Saving Potential of Industrial Solar Collectors in Southern Regions of Russia: The Case of Krasnodar Region. Energies, 13(4), 885. https://doi.org/10.3390/en13040885"
WOS:001724360500001,10.1108/jsma-10-2025-0391,2026,Strategic CSR and digital transformation: pathways to SME performance in a turbulent emerging market,Journal Of Strategy And Management,Web of Science,T5,Firm-level digital transformation,P5,S,Jordan,general_food,0,+,"CSR, market turbulence",Digital transformation mediates CSR effect on food SME performance,,,"Samara, I., Almohtaseb, A., Aldehayyat, J. (2026). Strategic CSR and digital transformation: pathways to SME performance in a turbulent emerging market. Journal Of Strategy And Management. https://doi.org/10.1108/jsma-10-2025-0391"
WOS:001282994700001,10.1007/s40497-024-00396-2,2024,The nexus between customer value analytics and SME performance in emerging market: a resource-based view perspective,Journal Of Global Entrepreneurship Research,Web of Science,T2,"AI, sensors and IoT analytics",P1;P5,S,Ghana,general_food,0,+,,Customer value analytics improves food-processor SME financial and process performance,,,"Abrokwah-Larbi, K. (2024). The nexus between customer value analytics and SME performance in emerging market: a resource-based view perspective. Journal Of Global Entrepreneurship Research, 14(1), 26. https://doi.org/10.1007/s40497-024-00396-2"
WOS:000467305200003,10.1111/1467-8551.12333,2019,"Big Data-Savvy Teams' Skills, Big Data-Driven Actions and Business Performance",British Journal Of Management,Web of Science,T2,"AI, sensors and IoT analytics",P5,S,global,general_food,0,+,team skills,Big-data-driven actions improve agrifood business performance,,,"Akhtar, P., Frynas, J. G., Mellahi, K., Ullah, S. (2019). Big Data-Savvy Teams' Skills, Big Data-Driven Actions and Business Performance. British Journal Of Management, 30(2), 252–271. https://doi.org/10.1111/1467-8551.12333"
WOS:001589168100003,10.14207/ejsd.2025.v14n4p93,2025,Flexible and Sustainable Bread Production in SMEs: A Metaheuristic Scheduling Approach,European Journal Of Sustainable Development,Web of Science,T2,"AI, sensors and IoT analytics",P1;P3,TEA,n/a,bakery,0,+,"SME, manual scheduling",Metaheuristic scheduling shortens bakery production time and oven idle,,,"Nugraheni, C. E., Abednego, L., Widyarini, M. (2025). Flexible and Sustainable Bread Production in SMEs: A Metaheuristic Scheduling Approach. European Journal Of Sustainable Development, 14(4), 93–106. https://doi.org/10.14207/ejsd.2025.v14n4p93"
