id,doi,year,title,source,origin,stage,decision,reason,final
W3206170167,10.1080/09537287.2021.1988177,2021,Extenuating operational risks through digital transformation of agri-food supply chains,Production Planning & Control,openalex,abstract,include,,1
W4377020544,10.3390/agronomy13051397,2023,Artificial Intelligence: Implications for the Agri-Food Sector,Agronomy,openalex,abstract,exclude,OUTCOME,0
W3044921514,10.1016/j.foodcont.2020.107495,2020,Exploring the impact of blockchain on the performance of agri-food supply chains,Food Control,openalex,abstract,include,,1
W4246200118,10.5604/01.3001.0011.8122,2018,DIGITAL TRANSFORMATION IN THE AGRI-FOOD SECTOR – OPPORTUNITIES AND CHALLENGES,Annals of the Polish Association of Agricultural and Agribusiness Economists,openalex,abstract,exclude,TYPE,0
W4313419185,10.1016/j.techfore.2022.122222,2022,The digital and sustainable transition of the agri-food sector,Technological Forecasting and Social Change,openalex,abstract,exclude,OUTCOME,0
W4388333977,10.3390/su152115627,2023,The Digitalization Paradigm: Impacts on Agri-Food Supply Chain Profitability and Sustainability,Sustainability,openalex,abstract,include,,1
W2803439275,10.1109/mcom.2018.1700789,2018,A Study of Green Development Mode and Total Factor Productivity of the Food Industry Based on the Industrial Internet of Things,IEEE Communications Magazine,openalex,abstract,exclude,TECH,0
W4392454956,10.1016/j.foodchem.2024.138945,2024,Recent advances in artificial intelligence towards the sustainable future of agri-food industry,Food Chemistry,openalex,title,exclude,OUTCOME,0
W4285013964,10.1108/bfj-09-2021-1056,2022,"Industry 4.0 in food processing: drivers, challenges and outcomes",British Food Journal,openalex,abstract,include,,1
W7214762851,10.33889/ijmems.2026.11.5.094,2026,Barriers to the Adoption of Industry 4.0 Technologies in the Digital Agri-Food Supply Chain,International Journal of Mathematical Engineering and Management Sciences,openalex,abstract,exclude,OUTCOME,0
W4415678427,10.1016/j.foodpol.2025.102983,2025,A systematic review on the impact of Artificial Intelligence in the agri-food supply chain,Food Policy,openalex,abstract,exclude,OUTCOME,0
W4224310687,10.3389/fpsyg.2022.866361,2022,Modeling and Analyzing the Impact of the Internet of Things-Based Industry 4.0 on Circular Economy Practices for Sustainable Development: Evidence From the Food Processing Industry of China,Frontiers in Psychology,openalex,abstract,include,,1
W4385847429,10.47760/ijcsmc.2023.v12i08.009,2023,Robotics in Food Manufacturing Industry in the Industry 4.0 Era,International Journal of Computer Science and Mobile Computing,openalex,abstract,exclude,TYPE,0
W4296844951,10.1016/j.agsy.2022.103520,2022,New trends in the global digital transformation process of the agri-food sector: An exploratory study based on Twitter,Agricultural Systems,openalex,abstract,exclude,OUTCOME,0
W4361205566,10.1108/jeim-03-2022-0095,2023,"Exploring the relationship between digitalization, resilient agri-food supply chain management practices and firm performance",Journal of Enterprise Information Management,openalex,abstract,include,,1
W4408287496,10.1016/j.wmb.2025.100192,2025,3D printing technology for valorization of food processing wastes and byproducts: A systematic review,Waste Management Bulletin,openalex,abstract,include,,1
W4402893522,10.52665/ser20220201,2022,ARTIFICIAL INTELLIGENCE IN THE AGRI-FOOD INDUSTRY,Sociálno-ekonomická revue,openalex,abstract,exclude,TYPE,0
W4402881085,10.1007/s13668-024-00584-2,2024,Digital Twin Methodology in Food Processing: Basic Concepts and Applications,Current Nutrition Reports,openalex,title,exclude,OUTCOME,0
W4390086847,10.1016/j.techfore.2023.123149,2023,Assessing the influence of artificial intelligence on agri-food supply chain performance: the mediating effect of distribution network efficiency,Technological Forecasting and Social Change,openalex,abstract,include,,1
W2954308942,10.1016/j.scitotenv.2019.06.484,2019,Valorisation of food waste via hydrothermal carbonisation and techno-economic feasibility assessment,The Science of The Total Environment,openalex,abstract,include,,1
W4384284051,10.1109/access.2023.3295780,2023,Industry 4.0 Adoption in Food Supply Chain to Improve Visibility and Operational Efficiency—A Content Analysis,IEEE Access,openalex,abstract,include,,1
W4411990214,10.1016/j.digbus.2026.100176,2026,Managerial and structural drivers of industry 4.0 technology adoption in the agri-food supply chain,Digital Business,openalex,abstract,exclude,OUTCOME,0
W4413890281,10.1016/j.ifset.2025.104207,2025,Industrial adoption of emerging food processing technologies: Insights from the Canadian agri-food sector,Innovative Food Science & Emerging Technologies,openalex,abstract,exclude,OUTCOME,0
W4393379112,10.3390/foods13071075,2024,Digital Traceability in Agri-Food Supply Chains: A Comparative Analysis of OECD Member Countries,Foods,openalex,abstract,exclude,OUTCOME,0
W4386023039,10.1108/bfj-11-2022-1014,2023,Unleashing the value of artificial intelligence in the agri-food sector: where are we?,British Food Journal,openalex,abstract,exclude,OUTCOME,0
W7215291185,,2026,Automation and Robotics in Food Processing: Enhancing Efficiency and Food Safety,The Sankalpa: International Journal of Management Decisions,openalex,abstract,exclude,TYPE,0
W2593397865,10.1590/1678-457x.14616,2017,Prospects of robotics in food industry,Food Science and Technology,openalex,abstract,exclude,OUTCOME,0
W4400522252,10.3390/su16145928,2024,Artificial Intelligence and Food Processing Firms Productivity: Evidence from China,Sustainability,openalex,abstract,include,,1
W4386147995,10.1016/j.techfore.2023.122799,2023,"Digital twin-driven real-time planning, monitoring, and controlling in food supply chains",Technological Forecasting and Social Change,openalex,abstract,include,,1
W4393941725,10.1108/ijlm-09-2023-0364,2024,Unlocking the potential: leveraging blockchain technology for agri-food supply chain performance and sustainability,The International Journal of Logistics Management,openalex,abstract,include,,1
W4400484878,10.3390/su16145889,2024,Digital Marketing Strategies and Profitability in the Agri-Food Industry: Resource Efficiency and Value Chains,Sustainability,openalex,abstract,exclude,TECH,0
W4402602242,10.1007/s43615-024-00425-y,2024,Circular Economy in the Agri-Food Sector: Insights into Portuguese Companies’ Practices,Circular Economy and Sustainability,openalex,abstract,exclude,OUTCOME,0
W4393868155,10.55173/agriscience.v7i2.128,2024,Sustainable Agriculture Leveraging Artificial Intelligence Systems in Kenya's Agri-food Supply Chain,Agricultural Science,openalex,abstract,exclude,OUTCOME,0
W4409112739,10.1016/j.irfa.2025.104219,2025,Impact of artificial intelligence innovation on food company performance,International Review of Financial Analysis,openalex,abstract,include,,1
W4408182242,10.1016/j.jafr.2025.101787,2025,The role of generative artificial intelligence in digital agri-food,Journal of Agriculture and Food Research,openalex,abstract,exclude,OUTCOME,0
W4396506547,10.24857/rgsa.v18n9-059,2024,Impact of Internet of Things (IoT) on Enhancing Transparency and Efficiency in Bangladesh's Agri-food Supply Chain,Revista de Gestão Social e Ambiental,openalex,abstract,exclude,OUTCOME,0
W7144306953,10.1504/wrstsd.2026.152601,2026,Exploring the implementation of Industry 4.0 in the agri-food supply chain: a systematic review of institutional theory,World Review of Science Technology and Sustainable Development,openalex,abstract,exclude,OUTCOME,0
W4411541091,10.1016/j.jece.2025.117704,2025,Valorizing shrimp waste through a circular economy approach in food processing,Journal of environmental chemical engineering,openalex,title,exclude,OUTCOME,0
W7136605686,10.3390/molecules31060996,2026,Agri-Food Biowaste Bioactives for Biopesticides: A Circular Economy Solution with Industry 4.0?,Molecules,openalex,abstract,exclude,OUTCOME,0
W3047535762,10.1016/j.tifs.2020.07.008,2020,Electrical systems for pulsed electric field applications in the food industry: An engineering perspective,Trends in Food Science & Technology,openalex,title,exclude,OUTCOME,0
W7129537681,10.1186/s40100-025-00436-9,2026,Geographical proximity and digitalization: an analysis of productivity spillovers in agri-food sector,Agricultural and Food Economics,openalex,verification,exclude,TECH,0
W4389636583,10.1016/j.jrurstud.2023.103168,2023,Assessing the digital transformation in agri-food cooperatives and its determinants,Journal of Rural Studies,openalex,abstract,exclude,OUTCOME,0
W4283691448,10.1007/s11356-022-21680-2,2022,Evaluating the circular economy–based big data analytics capabilities of circular agri-food supply chains: the context of Turkey,Environmental Science and Pollution Research,openalex,abstract,exclude,OUTCOME,0
W2751245732,10.1016/j.tifs.2017.08.018,2017,3D printing: Printing precision and application in food sector,Trends in Food Science & Technology,openalex,title,exclude,OUTCOME,0
W4200335977,10.3390/jrfm14120598,2021,The Impact of Instrumental Stakeholder Management on Blockchain Technology Adoption Behavior in Agri-Food Supply Chains,Journal of risk and financial management,openalex,abstract,exclude,OUTCOME,0
W4414918291,10.1108/bij-09-2024-0771,2025,Blockchain technology adoption as a mediator in food supply chain digitalization and the implementation of circular economy practices,Benchmarking An International Journal,openalex,abstract,exclude,OUTCOME,0
W7167948723,10.1007/s12393-026-09453-w,2026,"Automation and Robotics in the Food Industry: Cyber-Physical Systems, Digital Twins, and AI-Driven Quality Control in the Era of Industry 5.0",Food Engineering Reviews,openalex,abstract,exclude,OUTCOME,0
W7133791058,10.1080/27525783.2026.2633468,2026,A digital twin simulation framework for assessing the impact of autonomous vehicles on agri-food supply chain performance: a case study,Digital Twin,openalex,indexing,exclude,NOT_SCOPUS_OR_WOS_INDEXED,0
W4410897911,10.3390/foods14111950,2025,"Technological Innovations and Circular Economy in the Valorization of Agri-Food By-Products: Advances, Challenges and Perspectives",Foods,openalex,abstract,exclude,OUTCOME,0
W7130393564,10.3390/su18042066,2026,Digital Traceability and Contract Coordination for Sustainable Agri-Food Supply Chains,Sustainability,openalex,abstract,include,,1
W4394858647,10.1016/j.ijpe.2024.109251,2024,Integrating smart Green Product Platforming for carbon footprint reduction: The role of blockchain technology and stakeholders influence within the agri-food supply chain,International Journal of Production Economics,openalex,title,exclude,OUTCOME,0
W4411160631,10.1016/j.sftr.2025.100810,2025,Bridging the digital gap: Empirical insights into agri-food supply chain transformation,Sustainable Futures,openalex,abstract,exclude,OUTCOME,0
W7148429666,10.3390/logistics10040079,2026,Performance Impact of Digitalization in the Food Supply Chain: Evidence from the Food Processing Complex in Ethiopia,Logistics,openalex,abstract,include,,1
W3122909153,10.1007/s00521-021-05726-z,2021,Towards design and implementation of Industry 4.0 for food manufacturing,Neural Computing and Applications,openalex,abstract,exclude,OUTCOME,0
W4409874716,10.1146/annurev-food-111523-122039,2025,Machine Learning in Automated Food Processing: A Mini Review,Annual Review of Food Science and Technology,openalex,abstract,exclude,OUTCOME,0
W4311352500,10.3390/su142416614,2022,Adapting Digital Technologies to Reduce Food Waste and Improve Operational Efficiency of a Frozen Food Company—The Case of Yumchop Foods in the UK,Sustainability,openalex,abstract,include,,1
W4398793236,10.1108/ijlm-01-2024-0030,2024,Food supply chain resilience through digital transformation: a mixed-method approach,The International Journal of Logistics Management,openalex,abstract,exclude,OUTCOME,0
W4212927074,10.4018/ijisscm.290014,2021,Blockchain Technology in the Food Supply Chain,International Journal of Information Systems and Supply Chain Management,openalex,abstract,include,,1
W4387665475,10.6018/rcsar.555771,2023,"Circular reporting, strategy and performance in agri-food companies: a natural resource-based theoretical approach",Revista de Contabilidad,openalex,abstract,exclude,TECH,0
W3146485797,10.17323/1813-8691-2021-25-1-147-164,2021,Unlocking Technology Adoption for a Robust Food Supply Chain: Evidence from Indian Food Processing Sector,Higher School of Economics Economic Journal,openalex,abstract,include,,1
W7155399346,10.1016/j.sftr.2026.101876,2026,Blockchain-driven sustainability in agri-food supply chains: Exploring adoption determinants and performance outcomes,Sustainable Futures,openalex,abstract,include,,1
W4399213826,10.1108/jm2-10-2023-0238,2024,The intention of adopting blockchain technology in agri-food supply chains: evidence from an Indian economy,Journal of Modelling in Management,openalex,abstract,exclude,OUTCOME,0
W4328053156,10.1016/j.cie.2023.109172,2023,Resilience and sustainability enhancements in food supply chains using Digital Twin technology: A grey causal modelling (GCM) approach,Computers & Industrial Engineering,openalex,abstract,exclude,OUTCOME,0
W3037415155,10.30858/zer/120456,2020,"ECONOMIC, ETHICAL AND LEGAL ASPECTS OF DIGITALIZATION IN THE AGRI-FOOD SECTOR",Zagadnienia Ekonomiki Rolnej / Problems of Agricultural Economics,openalex,abstract,exclude,TYPE,0
W7214293887,10.1080/09537287.2026.2730718,2026,Navigating the digital shift: Stakeholders’ power and social sustainability in Agri-food supply chains,Production Planning & Control,openalex,abstract,include,,1
W4416746663,10.3390/economies13120346,2025,Circular Economy and Resource Efficiency in the Serbian Agri-Food Sector: Evidence from Dynamic Panel Analysis,Economies,openalex,abstract,exclude,TECH,0
W4385383326,10.1016/j.tifs.2023.104120,2023,Reversible electroporation caused by pulsed electric field – Opportunities and challenges for the food sector,Trends in Food Science & Technology,openalex,title,exclude,OUTCOME,0
W7217919070,,2026,Integration of Digital Twin Modeling and Intelligent Scheduling Frameworks in the Food Processing Industry - A Review,Frontiers in Emerging Engineering & Technologies,openalex,abstract,exclude,OUTCOME,0
W4212913685,10.1016/j.tifs.2022.02.019,2022,Pulsed electric field (PEF): Avant-garde extraction escalation technology in food industry,Trends in Food Science & Technology,openalex,title,exclude,OUTCOME,0
W4312222977,10.20545/isctj.v09.i01.01,2022,Key Factors That Can Enable Transparency in the Volatile Agri-Food Supply Chain,International Supply Chain Technology Journal,openalex,abstract,exclude,TYPE,0
W7138023036,10.1016/j.dche.2026.100301,2026,Integrating advanced imaging techniques with Industry 4.0 technologies for real-time quality monitoring in the agri-food sector: A review,Digital Chemical Engineering,openalex,abstract,exclude,OUTCOME,0
W4385821569,10.12968/s0013-7758(23)90824-x,2019,Robots to Boost Productivity in Farming and Food Sector,The Engineer,openalex,abstract,exclude,NOABSTRACT,0
W3172464731,10.1109/tem.2021.3088518,2021,The Role of Industry 4.0 Technologies in Mitigating Supply Chain Disruption: Empirical Evidence From the Australian Food Processing Industry,IEEE Transactions on Engineering Management,openalex,abstract,include,,1
W7159658836,10.1080/00207543.2026.2659922,2026,Impact of digital twin adoption on food supply chain performance: a system dynamics approach,International Journal of Production Research,openalex,abstract,include,,1
W4390922524,10.35631/ijemp.623003,2023,INTERGRATIVE REVIEW OF IOT IMPLEMENTATION IN AGRI-FOOD SUPPLY CHAIN: FINDINGS AND ANALYSIS,International Journal of Entrepreneurship and Management Practices,openalex,abstract,exclude,OUTCOME,0
W4407284018,10.1016/j.nexus.2025.100388,2025,"Improving traceability and sustainability in the agri-food industry through blockchain technology: A bibliometric approach, benefits and challenges",Energy Nexus,openalex,abstract,exclude,OUTCOME,0
W3174619536,10.1155/2021/5580179,2021,IoT with BlockChain: A Futuristic Approach in Agriculture and Food Supply Chain,Wireless Communications and Mobile Computing,openalex,abstract,exclude,SETTING,0
W4406408146,10.29244/hass.1.3.34-36,2024,Enhancing the Halal Agri-Food Sector: Harnessing Blockchain for Opportunity and Innovation,Halal Studies and Society,openalex,abstract,exclude,OUTCOME,0
W4411117244,10.55927/fjmr.v4i5.173,2025,Analysis of Total Factor Productivity in Indonesia’s Large and Medium-Scale Industries in Response to Industry 4.0,Formosa Journal of Multidisciplinary Research,openalex,abstract,exclude,SETTING,0
W7204115211,10.1002/jctb.70256,2026,Circular bioeconomy using artificial intelligence: valorizing agri‐food waste into sustainable bioplastics,Journal of Chemical Technology & Biotechnology,openalex,abstract,exclude,OUTCOME,0
W4415210858,10.1016/j.tifs.2025.105385,2025,From plant-based food waste to biochar: A green strategy for agri-food supply chain waste valorization–a comprehensive review,Trends in Food Science & Technology,openalex,title,exclude,OUTCOME,0
W2765606772,,2017,Utilisation of Internet of Things to improve resource efficiency of food supply chains,Loughborough University Research Repository (Loughborough University),openalex,abstract,exclude,TYPE,0
W4408652503,10.1108/ijlm-03-2024-0144,2025,The effects of digital maturity on the sustainable performance of agri-food supply chains in two emerging economies,The International Journal of Logistics Management,openalex,abstract,exclude,SETTING,0
W4387589446,10.1016/j.jafr.2023.100815,2023,Circular economy and sustainable agri-food systems,Journal of Agriculture and Food Research,openalex,abstract,exclude,SETTING,0
W7163575178,10.1016/j.tifs.2026.105853,2026,Integrating ionic liquids and artificial intelligence for circular agri-food waste valorization,Trends in Food Science & Technology,openalex,abstract,exclude,OUTCOME,0
W3113990095,10.3390/su13010283,2020,Increasing Profitability and Monitoring Environmental Performance: A Case Study in the Agri-Food Industry through an Edge-IoT Platform,Sustainability,openalex,abstract,exclude,SETTING,0
W7217955208,,2024,Navigating Ambiguity: Noble Applications in Unbalanced Agri-Food Supply Chain Management,Library Progress (International),openalex,abstract,exclude,OUTCOME,0
W7165907688,10.1016/j.fufo.2026.101106,2026,"A bibliometric study on robotics in food processing: current status, progress and future perspective",Future Foods,openalex,abstract,exclude,OUTCOME,0
W7117478829,10.3390/foods15010090,2025,Machine Learning in Transforming the Food Industry,Foods,openalex,abstract,exclude,OUTCOME,0
W3205541032,10.36962/104/6-9/20216968,2021,Challenges and Prospects in the Agri-food Sector,Economics,openalex,abstract,exclude,TYPE,0
W4386064827,10.1016/j.jenvman.2023.118774,2023,Microalgae-assisted green bioremediation of food-processing wastewater: A sustainable approach toward a circular economy concept,Journal of Environmental Management,openalex,title,exclude,OUTCOME,0
W7165417454,10.1108/gsfs-08-2025-0022,2026,Land to brand innovation in food processing using digital technologies,Global Smart Food Systems,openalex,abstract,exclude,OUTCOME,0
W4403135759,10.3390/app14198944,2024,Blockchain-Driven Food Supply Chains: A Systematic Review for Unexplored Opportunities,Applied Sciences,openalex,abstract,exclude,OUTCOME,0
W4383562653,10.12988/ams.2023.917473,2023,Harnessing the power of blockchain in the agri-food sector: a meta-analysis of current research and best practices,Applied Mathematical Sciences,openalex,abstract,exclude,OUTCOME,0
W4406984927,10.32628/ijsrst25121170,2025,Post-Harvest Technologies and Automation: Al-Driven Innovations in Food Processing and Supply Chains,International Journal of Scientific Research in Science and Technology,openalex,abstract,exclude,OUTCOME,0
W3153564410,10.1016/j.compag.2021.106648,2021,The role of cross-silo federated learning in facilitating data sharing in the agri-food sector,Computers and Electronics in Agriculture,openalex,title,exclude,OUTCOME,0
W3094057700,10.1016/j.tifs.2020.10.028,2020,A review of robotics and autonomous systems in the food industry: From the supply chains perspective,Trends in Food Science & Technology,openalex,abstract,exclude,OUTCOME,0
W7164450925,,2026,Configuring a Circular Economy-based Reverse Logistics Network for the Agri-food Industry based on the Agility and Resilience Dimensions,DOAJ (DOAJ: Directory of Open Access Journals),openalex,indexing,exclude,NOT_SCOPUS_OR_WOS_INDEXED,0
W7136386474,10.1007/s41055-026-00208-1,2026,Valorization of Food Processing By-Products: A Sustainable Approach for a Circular Bioeconomy,Food Ethics,openalex,title,exclude,OUTCOME,0
W7217743681,,2026,A Review on Artificial Intelligence Integration in Food Processing Supply Chains: Framework for Sustainable Development,Public Health - Open Journal,openalex,indexing,exclude,NOT_SCOPUS_OR_WOS_INDEXED,0
W3114708881,10.1111/jfpe.13629,2020,Effective valorization of food wastes and by‐products through pulsed electric field: A systematic review,Journal of Food Process Engineering,openalex,abstract,exclude,OUTCOME,0
W7113896556,10.1051/bioconf/202520105006/pdf,2025,Optimizing Operational Efficiency and Food Safety Through the Integration of IoT in Smart Food Processing Systems,Springer Link (Chiba Institute of Technology),openalex,abstract,include,,1
W4290721383,10.7896/j.2305,2022,Exploring digitalisation in the agri-food sector and its paradoxes: Evidence from a comparative study with small French companies,Studies in Agricultural Economics,openalex,abstract,exclude,OUTCOME,0
W4292745434,10.1016/j.tre.2022.102859,2022,What value does blockchain bring to the imported fresh food supply chain?,Transportation Research Part E Logistics and Transportation Review,openalex,abstract,include,,1
W4414862208,10.3390/foods14193424,2025,Machine Learning for Quality Control in the Food Industry: A Review,Foods,openalex,abstract,exclude,OUTCOME,0
W4403862748,10.61173/pghycw02,2024,An Exploratory Study on Digital Transformation in Business Operations of China’s Food Industry,Finance & Economics,openalex,abstract,exclude,TYPE,0
W4416834039,10.1002/bse.70371,2025,Sustainability Assessment of Circular Strategies in the Agri‐Food Industry: The Case of Olive Mills' By‐Product Valorization,Business Strategy and the Environment,openalex,abstract,include,,1
W7150934923,10.1016/j.foodcont.2026.112183,2026,Sensor technologies in the food industry under industry 4.0: A systematic review,Food Control,openalex,abstract,exclude,OUTCOME,0
W7110976642,10.3303/cet25118032,2025,Economic Feasibility Assessment of Bio-Based Vitrimers from Agrifood Residues: a Step Toward Sustainable Circular Economy,Chemical engineering transactions,openalex,abstract,include,,1
W7113904290,10.1051/bioconf/202520103013/pdf,2025,The Strategic Implementation of Blockchain Technology to Enhance Supply Chain Management and Brand Value in The Agri-Food Sector,Springer Link (Chiba Institute of Technology),openalex,abstract,include,,1
W4320729201,10.3390/su15043462,2023,The Importance of Digitalization for the Sustainability of the Food Supply Chain,Sustainability,openalex,abstract,exclude,OUTCOME,0
W4403409759,10.1016/j.heliyon.2024.e39388,2024,RETRACTED: Unveiling the relationship between food unit operations and food industry 4.0: A short review,Heliyon,openalex,abstract,exclude,TYPE,0
W4400877729,10.1109/access.2024.3432325,2024,Application of Internet of Things (IoT) to Food Supply Chain Under Uncertainty-Case: Traditional Dairy Products,IEEE Access,openalex,abstract,include,,1
W7159707911,10.1007/s43615-026-00938-8,2026,Emerging Sustainability Frontiers in the Agri-Food Sector: A Systematic Review of Digitalization and Circularity in Aquaponics,Circular Economy and Sustainability,openalex,abstract,exclude,SETTING,0
W3107467915,10.1016/j.cofs.2020.11.010,2020,Innovative modifications in food processing to reduce the levels of mycotoxins,Current Opinion in Food Science,openalex,title,exclude,OUTCOME,0
W3132330847,10.3390/pr9020381,2021,Innovative Processes in Managing an Enterprise from the Energy and Food Sector in the Era of Industry 4.0,Processes,openalex,abstract,exclude,OUTCOME,0
W4411156249,10.3390/foods14122032,2025,Food Supply Chain: A Framework for the Governance of Digital Traceability,Foods,openalex,abstract,include,,1
W4392774276,10.1108/ijlm-09-2023-0413,2024,Storm in a teacup: implications of mobile phone literacy on sustainable smallholder agri-food supply chains in developing economies,The International Journal of Logistics Management,openalex,abstract,exclude,SETTING,0
W7136767124,10.1016/j.tifs.2026.105698,2026,"Embodied artificial intelligence in the food supply chain: Innovations, challenges, and future perspectives",Trends in Food Science & Technology,openalex,abstract,exclude,OUTCOME,0
W4405444785,10.3390/app142411735,2024,Leveraging Blockchain and Consignment Contracts to Optimize Food Supply Chains Under Uncertainty,Applied Sciences,openalex,abstract,include,,1
W7162123396,10.5937/wbjae2501001a,2026,Circular economy in sustainable agri-food system: Challenges and opportunities for Romania,Western Balkan Journal of Agricultural Economics and Rural Development,openalex,indexing,exclude,NOT_SCOPUS_OR_WOS_INDEXED,0
W4408203352,10.1108/bij-05-2024-0395,2025,Designing a sustainable performance measurement system for an agri-food supply chain through supply chain agility based on digital technologies,Benchmarking An International Journal,openalex,abstract,exclude,OUTCOME,0
W4412453784,10.36096/ijbes.v7i3.781,2025,Digitalisation: a transformational approach for productivity improvement in the food industry in South Africa,International Journal of Business Ecosystem and Strategy (2687-2293),openalex,indexing,exclude,NOT_SCOPUS_OR_WOS_INDEXED,0
W4367182585,10.17762/ijritcc.v11i3.6342,2023,Analysis of IoT and Blockchain Technology for Agricultural Food Supply Chain Transactions,International Journal on Recent and Innovation Trends in Computing and Communication,openalex,abstract,exclude,OUTCOME,0
W4414867602,10.1016/j.tifs.2025.105367,2025,"Applications, challenges, and prospects of AI-driven intelligent packaging technologies in the food supply chain under Industry 4.0",Trends in Food Science & Technology,openalex,title,exclude,OUTCOME,0
W4416412369,10.1016/j.cep.2025.110631,2025,"Synergistic integration of sonication and cold plasma for intensified food processing: Mechanisms, applications, limitations, and future Prospects",Chemical Engineering and Processing - Process Intensification,openalex,title,exclude,OUTCOME,0
W7128805573,10.3390/info17020195,2026,Closed-Loop Digital Twin for Energy-Efficient Scheduling in Food Manufacturing Systems,Information,openalex,abstract,include,,1
W4409509894,10.32782/city-development.2025.1-11,2025,PHILOSOPHY OF BUSINESS PROCESS RE-ENGINEERING IN THE FOOD INDUSTRY: TECHNOLOGICAL ASPECTS AND MECHANISMS OF DIGITAL TRANSFORMATION,РОЗВИТОК МІСТА,openalex,abstract,exclude,TYPE,0
W7168165241,10.1007/s43621-026-03952-w,2026,Prioritizing digitalization strategies for circular economy implementation in the agrifood supply chain of the fish canning industry,Discover Sustainability,openalex,abstract,exclude,OUTCOME,0
W4408164076,10.1007/s12393-024-09395-1,2025,Artificial Intelligence in Food Manufacturing: A Review of Current Work and Future Opportunities,Food Engineering Reviews,openalex,abstract,exclude,OUTCOME,0
W7214603348,10.1038/s41538-026-01062-5,2026,"Cold plasma-assisted valorization of food industry byproducts: a review of mechanisms, applications and research gaps",npj Science of Food,openalex,abstract,exclude,OUTCOME,0
W4404118877,10.1080/23311932.2024.2422529,2024,"Will agricultural digitalization deliver relative advantages in quality of work, productivity, profitability, return on investments, and reliability? Perceptions of Canadian producers",Cogent Food & Agriculture,openalex,abstract,exclude,SETTING,0
W4414515740,10.1108/ijqrm-04-2025-0120,2025,Industry 4.0 enablers in food industry: a framework based on stakeholder challenges in quality and sustainability,International Journal of Quality & Reliability Management,openalex,abstract,exclude,OUTCOME,0
W7172334428,10.3390/resources15080098,2026,Valorisation of Food Processing Wastes into High-Value Platform Chemicals: Industrial Pathways and Circular Bioeconomy Perspectives,Resources,openalex,abstract,exclude,OUTCOME,0
W4205726577,10.15446/rfnam.v75n1.95760,2022,Agri-food safety optimized by blockchain technology: review,Revista Facultad Nacional de Agronomía Medellín,openalex,abstract,exclude,OUTCOME,0
W4416610618,10.1007/s12063-025-00579-4,2025,Examining the challenges of AI adoption in smart circular agri-food supply chains: evidence from Türkiye,Operations Management Research,openalex,title,exclude,OUTCOME,0
W4414119520,10.1108/bfj-04-2025-0521,2025,Digital transformation and corporate accountability: biodiversity disclosure via social media in the food sector,British Food Journal,openalex,abstract,exclude,OFFTOPIC,0
W4360617200,10.1111/cjag.12325,2023,"Reflections on technological progress in the agri‐food industry: Past, present, and future",Canadian Journal of Agricultural Economics/Revue canadienne d agroeconomie,openalex,abstract,exclude,TYPE,0
W4406829200,10.14719/pst.5970,2025,Blockchain technology in agriculture: Ensuring transparency and traceability in the food supply chain,Plant Science Today,openalex,abstract,exclude,OUTCOME,0
W4415218038,10.1016/j.foohum.2025.100862,2025,Advances in green peeling and circular valorization of tomato peel waste in food processing,Food and Humanity,openalex,title,exclude,OUTCOME,0
W4411538008,10.1007/s10961-025-10247-1,2025,"Digital transformation, ESG, and companies’ performance: an exploratory study of the European food sector",The Journal of Technology Transfer,openalex,abstract,include,,1
W4392894104,10.51594/estj.v5i3.905,2024,ENSURING GLOBAL FOOD SAFETY: INTEGRATING BLOCKCHAIN TECHNOLOGY INTO FOOD SUPPLY CHAINS,Engineering Science & Technology Journal,openalex,abstract,exclude,TYPE,0
W3213590424,10.15832/ankutbd.986431,2021,Digital Transformation for Sustainable Future - Agriculture 4.0 : A review,Tarım Bilimleri Dergisi,openalex,abstract,exclude,SETTING,0
W7160110227,10.1108/bfj-11-2025-1605,2026,Enabling circular economy outcomes through smart food safety management systems: evidence from ISO 22000 and HACCP certified agri-food firms,British Food Journal,openalex,abstract,exclude,OUTCOME,0
W7214039384,10.1108/jgoss-07-2025-0063,2026,Adopting technologies for sustainable Agri-Food supply chains in developing countries: insights from a systematic literature review,Journal of Global Operations and Strategic Sourcing,openalex,abstract,exclude,OUTCOME,0
W4393022288,10.1002/bse.3744,2024,Measuring the impact of circular economy performance on financial performance: The moderating role of stakeholder engagement,Business Strategy and the Environment,openalex,abstract,exclude,TECH,0
W7166562526,10.46592/turkager.1893836,2026,The future of food processing efficiency: Leveraging AI to predict and prevent machine failures in agro-food industries,Turkish Journal of Agricultural Engineering Research,openalex,indexing,exclude,NOT_SCOPUS_OR_WOS_INDEXED,0
W7199631631,,2025,THE ROLE OF DIGITAL TRANSFORMATION IN ENHANCING INNOVATION WITHIN SMES IN FOOD INDUSTRY,Nazarbayev University Repository (Nazarbayev University),openalex,indexing,exclude,NOT_SCOPUS_OR_WOS_INDEXED,0
W7203911227,10.1007/s44163-026-01955-0,2026,A systematic review of artificial intelligence and internet of things applications in precision agriculture,Discover Artificial Intelligence,openalex,abstract,exclude,SETTING,0
W7216893226,,2024,A Machine Learning–Assisted Evaluation of Industry 4.0 Maturity and Sustainability in Manufacturing Enterprises,International Journal of Intelligent Systems and Applications in Engineering,openalex,abstract,exclude,SETTING,0
W7108208266,10.5281/zenodo.17773975,2025,Role of 3D Printing in Agriculture and Food Industries: An Updated Review,World Journal of Advanced Research and Reviews,openalex,abstract,exclude,OUTCOME,0
W3217073070,10.18178/jiii.9.2.23-28,2021,Cyber Physical System Considering Physical Contacts in Robotic Manipulation for Improving Automation in Food Industry,Journal of Industrial and Intelligent Information,openalex,abstract,exclude,OUTCOME,0
W4362732061,10.33889/ijmems.2023.8.3.022,2023,Towards the Smart Sustainable and Circular Food Supply Chains Through Digital Technologies,International Journal of Mathematical Engineering and Management Sciences,openalex,abstract,exclude,OUTCOME,0
W7116900392,10.1177/09711023251400099,2025,Optimizing Sustainability in Food Supply Chains Through Strategic Digital Twins Enablers: A Gray Influence Analysis Approach (GINA),NMIMS Management Review,openalex,abstract,exclude,OUTCOME,0
W4416470652,10.3390/logistics9040164,2025,A Data-Driven Framework for Agri-Food Supply Chains: A Case Study on Inventory Optimization in Colombian Potatoes Management,Logistics,openalex,verification,exclude,OUTCOME,0
W4402278745,10.3390/math12172753,2024,Mathematical Model for Optimal Agri-Food Industry Residual Streams Flow Management: A Valorization Decision Support Tool,Mathematics,openalex,abstract,include,,1
W3088762381,,2018,Robotics: An emerging technology in dairy and food industry: Review,International Journal of Chemical Studies,openalex,abstract,exclude,OUTCOME,0
W4415995791,10.31083/jfsfq42885,2025,Enhancement of Hygiene and Safety in the Food Industry Through Digitalization With Blockchain Technology,Archiv für Lebensmittelhygiene,openalex,abstract,exclude,OUTCOME,0
W4214549330,10.1007/s00170-022-08950-6,2022,Environmental and economic sustainability assessment of an industry 4.0 application: the AGV implementation in a food industry,The International Journal of Advanced Manufacturing Technology,openalex,abstract,include,,1
W4415685055,10.25174/2582-2675/2025/158043,2025,Valorization of Cereal and Millet Food Processing Waste: A Review of Value-Added Products and Technologies,Journal of Cereal Research,openalex,abstract,exclude,OUTCOME,0
W4391655450,10.1186/s40100-024-00301-1,2024,Exploring the role of blockchain technology in modern high-value food supply chains: global trends and future research directions,Agricultural and Food Economics,openalex,abstract,exclude,OUTCOME,0
W3035883408,10.1109/tii.2020.3003910,2020,"From Industry 4.0 to Agriculture 4.0: Current Status, Enabling Technologies, and Research Challenges",IEEE Transactions on Industrial Informatics,openalex,abstract,exclude,SETTING,0
W4366773848,10.3390/s23084147,2023,A Cost–Benefit Analysis Simulation for the Digitalisation of Cold Supply Chains,Sensors,openalex,abstract,include,,1
W2768608143,10.1007/s10098-017-1457-3,2017,Valorisation of mango seed via extraction of starch: preliminary techno-economic analysis,Clean Technologies and Environmental Policy,openalex,abstract,include,,1
W4391998971,10.1016/j.elerap.2024.101375,2024,Impacts of blockchain technology on food supply chains with potential food contamination,Electronic Commerce Research and Applications,openalex,abstract,include,,1
W2617381541,10.1016/j.compag.2017.05.014,2017,Flexible system of multiple RGB-D sensors for measuring and classifying fruits in agri-food Industry,Computers and Electronics in Agriculture,openalex,title,exclude,OUTCOME,0
W3045506407,10.1080/09537287.2021.1882688,2021,Artificial intelligence and food security: swarm intelligence of AgriTech drones for smart AgriFood operations,Production Planning & Control,openalex,abstract,exclude,SETTING,0
W4408319294,10.15637/jlecon.2682,2025,A study on the impact of artificial intelligence on demand forecasting in food industries,Journal of Life Economics,openalex,abstract,exclude,OUTCOME,0
W3113005759,10.1002/dac.4696,2020,Blockchain‐based efficient communication for food supply chain industry: Transparency and traceability analysis for sustainable business,International Journal of Communication Systems,openalex,abstract,exclude,OUTCOME,0
W4408474504,10.1007/s10489-025-06424-2,2025,Use of artificial intelligence techniques in characterization of vibration signals for application in agri-food engineering,Applied Intelligence,openalex,abstract,exclude,OUTCOME,0
W4410951802,10.3390/app15116246,2025,Food Processing with UHP Waterjets,Applied Sciences,openalex,abstract,exclude,OUTCOME,0
W4414848372,10.3390/app151910717,2025,From Olive Oil to Pomace: Sustainable Valorization Pathways Linking Food Processing and Human Health,Applied Sciences,openalex,abstract,exclude,OUTCOME,0
W3097309336,10.3390/logistics4040027,2020,"Blockchain Technology in the Food Industry: A Review of Potentials, Challenges and Future Research Directions",Logistics,openalex,abstract,exclude,OUTCOME,0
W4406282609,10.1016/j.ijepes.2024.110445,2025,Advancing energy efficiency: Machine learning based forecasting models for integrated power systems in food processing company,International Journal of Electrical Power & Energy Systems,openalex,abstract,include,,1
W4409449375,10.59879/fhnej,2025,Optimization of Food Supply Chain and Forecasting Unsustainable Waste Disposal Using Machine Learning,Sylwan,openalex,abstract,exclude,OUTCOME,0
W4408776234,10.18461/ijfsd.v13i4.d7,2022,Exploring digitalization and sustainable practices in African agribusinesses and food supply chains: A literature review,International journal on food system dynamics,openalex,abstract,exclude,OUTCOME,0
W7215477196,,2025,AGRICULTURAL RESEARCH AS A RESPONSE TO THE STRUCTURAL CHALLENGES OF THE ROMANIAN AGRI-FOOD SECTOR,Lucrări Științifice Management Agricol,openalex,abstract,exclude,OFFTOPIC,0
W4413421384,10.64252/x94w8q94,2025,Design Framework for Food Supply Chain Industry with IoT using Blockchain,International Journal of Environmental Sciences,openalex,abstract,exclude,TYPE,0
W7139984887,10.1016/j.scowo.2026.100217,2026,Waste to wealth: Circular utilization of dairy waste for sustainability in agri-food industries,Sustainable Chemistry One World,openalex,abstract,exclude,OUTCOME,0
W4390601868,10.54254/2754-1169/66/20241226,2024,Financial Analysis of Snack Food Companies in Urgent Need of Transformation,Advances in Economics Management and Political Sciences,openalex,abstract,exclude,TECH,0
W7161923247,,2025,Artificial Leadership AND Operational Efficiency OF Fast Food Firms in Awka Metropolis,Neliti,openalex,indexing,exclude,NOT_SCOPUS_OR_WOS_INDEXED,0
W4411766297,10.14743/apem2025.1.527,2025,Independent vs. collaborative blockchain Research and Development: Operational decisions in food supply chains,Advances in Production Engineering & Management,openalex,abstract,include,,1
W7110654536,,2023,AI and Machine Vision in Food Processing,University of Zagreb University Computing Centre (SRCE),openalex,abstract,exclude,OUTCOME,0
W4390145991,10.1016/j.jclepro.2023.140307,2023,Decision-making for circular economy implementation in agri-food systems: A transdisciplinary case study of cacao in Colombia,Journal of Cleaner Production,openalex,abstract,exclude,SETTING,0
W4414297577,10.1108/bfj-05-2024-0430,2025,A novel blockchain-based approach for enhanced food supply chain traceability and waste mitigation,British Food Journal,openalex,abstract,include,,1
W3092129196,10.1016/j.foodpol.2020.101963,2020,Viewpoint: The future of work in agri-food,Food Policy,openalex,title,exclude,TYPE,0
W4414353322,10.32782/2524-0072/2025-77-82,2025,INVESTMENT AND INNOVATION IN ORGANIC PRODUCTION: OPPORTUNITIES AND CHALLENGES FOR UKRAINE’S AGRI-FOOD SECTOR,Економіка та суспільство,openalex,abstract,exclude,SETTING,0
W4415071539,10.1007/s10845-025-02689-z,2025,A digital twin-based neutrosophic multi-objective optimization model for smart supply chains in the food industry,Journal of Intelligent Manufacturing,openalex,abstract,exclude,OUTCOME,0
W7212314026,10.1016/j.tifs.2026.106079,2026,"Digital twins and physics-informed machine learning for safe agro-industrial waste valorization: Bioactive recovery, food-grade standardization, and regulatory readiness",Trends in Food Science & Technology,openalex,title,exclude,OUTCOME,0
W4303650089,10.1155/2022/6050185,2022,Optimal Decision and Coordination of Organic Food Supply Chain from the Perspective of Blockchain,Discrete Dynamics in Nature and Society,openalex,abstract,include,,1
W4406037591,10.24294/jipd9497,2025,Blockchain technology and its influence on food supply chain transparency among small and medium enterprises,Journal of Infrastructure Policy and Development,openalex,abstract,exclude,OUTCOME,0
W3007662342,10.1016/j.orp.2020.100147,2020,Application of Machine Learning to support production planning of a food industry in the context of waste generation under uncertainty,Operations Research Perspectives,openalex,abstract,exclude,OUTCOME,0
W4411404906,10.1016/j.tifs.2025.105148,2025,"Advancing sustainable food Packaging: Integrating machine learning, deep learning, and artificial intelligence",Trends in Food Science & Technology,openalex,title,exclude,OUTCOME,0
W4406605570,10.1111/jfpe.70035,2025,"Emerging Trends in Food Process Engineering: Integrating Sensing Technologies for Health, Sustainability, and Consumer Preferences",Journal of Food Process Engineering,openalex,abstract,exclude,OUTCOME,0
W4407973845,10.3390/su17051996,2025,Digital Technologies in Food Supply Chain Waste Management: A Case Study on Sustainable Practices in Smart Cities,Sustainability,openalex,abstract,include,,1
W4400602286,10.1016/j.compag.2024.109194,2024,Aligning interoperability architectures for digital agri-food platforms,Computers and Electronics in Agriculture,openalex,abstract,exclude,OUTCOME,0
W3153383915,10.1111/cjag.12279,2021,Food supply chain resilience and the COVID‐19 pandemic: What have we learned?,Canadian Journal of Agricultural Economics/Revue canadienne d agroeconomie,openalex,abstract,exclude,TECH,0
W4388870743,10.1016/j.heliyon.2023.e22601,2023,Application of digital technologies for ensuring agricultural productivity,Heliyon,openalex,abstract,exclude,SETTING,0
W4402545520,10.1007/s11947-024-03586-8,2024,Valorization of Food Waste Using Pulsed Electric Fields: Applications in Diverse Food Categories,Food and Bioprocess Technology,openalex,title,exclude,OUTCOME,0
W4415150072,10.1108/jidt-02-2025-0008,2025,"Enabling digital transformation in food manufacturing small and medium enterprises: key drivers, barriers and strategic frameworks",Journal of Innovative Digital Transformation,openalex,abstract,exclude,OUTCOME,0
W3212428993,10.1016/j.biortech.2021.126324,2021,Microalgal transformation of food processing byproducts into functional food ingredients,Bioresource Technology,openalex,title,exclude,OUTCOME,0
W7162542940,10.56975/ijnrd.v11i5.325567,2026,Recent Trends in Artificial Intelligence and IoT in the Agro-Food Industry: Smarter Farming to Safer Plates,International Journal of Novel Research and Development,openalex,abstract,exclude,OUTCOME,0
W4409176348,10.52167/1609-1817-2025-136-1-96-107,2024,THE USE OF LOG ANALYSIS TO IDENTIFY DDOS ATTACKS AND DETERMINE USER BEHAVIOR IN THE PROCESS OF DEVELOPING A DIGITAL TWIN OF A FOOD INDUSTRY ENTERPRISE,Вестник КазАТК,openalex,abstract,exclude,OUTCOME,0
W4292600868,10.26565/2524-2547-2021-62-11,2021,FEATURES OF THE MARKETING STRATEGY IN THE CONDITIONS OF THE DIGITAL TRANSFORMATION,Social Economics,openalex,abstract,exclude,OUTCOME,0
W4318757045,10.1016/j.mlwa.2023.100453,2023,Predicting firm performance and size using machine learning with a Bayesian perspective,Machine Learning with Applications,openalex,abstract,exclude,TECH,0
W7211954581,10.1007/s43994-026-00357-3,2026,Advances in artificial intelligence and geomatics technology for the transformation of global agri-food systems: A review,Journal of Umm Al-Qura University for Applied Sciences,openalex,abstract,exclude,SETTING,0
W4411449014,10.1016/j.sftr.2025.100895,2025,Challenges and potential solutions to employment issues in the agri-food sector of developed countries - A systematic literature review,Sustainable Futures,openalex,abstract,exclude,TECH,0
W3214292776,10.3390/su132212341,2021,Business Process Re-Engineering to Digitalise Quality Control Checks for Reducing Physical Waste and Resource Use in a Food Company,Sustainability,openalex,abstract,include,,1
W4385583392,10.1016/j.resenv.2023.100133,2023,Hybrid machine learning-metaheuristic model for sustainable agri-food production and supply chain planning under water scarcity,Resources Environment and Sustainability,openalex,abstract,exclude,OUTCOME,0
W2948904885,10.1016/j.jclepro.2019.06.030,2019,Energy and resource efficiency of electroporation-assisted extraction as an emerging technology towards a sustainable bio-economy in the agri-food sector,Journal of Cleaner Production,openalex,abstract,include,,1
W4400744563,10.51594/farj.v6i7.1315,2024,Technological innovations in accounting for food supply chain management,Finance & Accounting Research Journal,openalex,abstract,exclude,OUTCOME,0
W4403493924,10.1007/s43546-024-00741-3,2024,Antecedents of digital transformation of Trinidad’s fast-food industry: an empirical investigation from the untapped Caribbean market,SN Business & Economics,openalex,title,exclude,OUTCOME,0
W7117214488,,2025,TRENDS AND RESEARCH DIRECTIONS ON CLIMATE CHANGE AND COMPETITIVENESS IN THE AGRI-FOOD SECTOR: A BIBLIOMETRIC ANALYSIS,DOAJ (DOAJ: Directory of Open Access Journals),openalex,abstract,exclude,TECH,0
W7202094434,10.56975/tijer.v13i8.163533,2026,"Development of an AI-Driven Digital Twin Framework for Intelligent Food Manufacturing Process Optimization, Predictive Quality Control, and Production Decision Support",Technix International Journal for Engineering Research,openalex,abstract,exclude,OUTCOME,0
W7161178890,10.1016/j.scowo.2026.100243,2026,Recent advances in valorization pathways for food manufacturing waste,Sustainable Chemistry One World,openalex,abstract,exclude,OUTCOME,0
W4410504791,10.53894/ijirss.v8i3.7171,2025,Impact of digital transformation on business performance: Empirical evidence from Vietnam listed food manufacturing enterprises,International Journal of Innovative Research and Scientific Studies,openalex,indexing,exclude,NOT_SCOPUS_OR_WOS_INDEXED,0
W4210701524,10.35940/ijeat.c3375.0211322,2022,A Literature Review on Consortium Blockchain Consistency to Improve Traceability in Food Supply Chain System,International Journal of Engineering and Advanced Technology,openalex,abstract,exclude,OUTCOME,0
W4401703139,10.22266/ijies2024.1031.51,2024,Deep Learning based Robust Food Supply Chain Enabled Effective Management with Blockchain,International journal of intelligent engineering and systems,openalex,abstract,include,,1
W7123344041,10.1016/j.clrc.2026.100393,2026,Sustainable valorisation of the species Cucurbita ficifolia in the context of the circular economy: a systematic review,Cleaner and Responsible Consumption,openalex,abstract,exclude,OUTCOME,0
W4283783452,10.1016/j.resconrec.2022.106499,2022,Food processing by-products as sources of hydrophilic carbon and nitrogen for sophorolipid production,Resources Conservation and Recycling,openalex,verification,exclude,OUTCOME,0
W7171517862,10.1108/jrf-12-2025-0555,2026,"Circular economy, emissions reduction and ESG risk: evidence from B Corp food firms",The Journal of Risk Finance,openalex,abstract,exclude,TECH,0
W3197895384,10.1108/imds-06-2020-0343,2021,Green sourcing in the era of industry 4.0: towards green and digitalized competitive advantages,Industrial Management & Data Systems,openalex,abstract,exclude,OUTCOME,0
W4205878839,10.1016/j.scitotenv.2021.152795,2022,Cyanobacterial biorefinery: Towards economic feasibility through the maximum valorization of biomass,The Science of The Total Environment,openalex,title,exclude,SETTING,0
W4408915472,10.36948/ijfmr.2025.v07i02.38464,2025,A Supply Chain Approach Highlighting the Use of Artificial Intelligence and Computer Vision to Improve the Efficiency of Food Supply Chains in the United States,International Journal For Multidisciplinary Research,openalex,abstract,exclude,OUTCOME,0
W7165865011,10.1007/s00170-026-18521-8,2026,Integrated competitiveness model for food manufacturing: an enhanced six-domain framework bridging industry 4.0 and industry 5.0,The International Journal of Advanced Manufacturing Technology,openalex,abstract,include,,1
W4402423947,10.1016/j.tifs.2024.104705,2024,Advancing food manufacturing: Leveraging robotic solutions for enhanced quality assurance and traceability across global supply networks,Trends in Food Science & Technology,openalex,abstract,exclude,OUTCOME,0
W4409359682,10.1016/j.energy.2025.136106,2025,Sustainability of gasification-based cogeneration with agri-food residues and heat recovery technologies: Techno-economic and life cycle analyses,Energy,openalex,abstract,include,,1
W2591298099,10.1956/jge.v22i3.897,2016,"AI-DRIVEN DIGITAL TRANSFORMATION IN AGRICULTURE: OPPORTUNITIES, CHALLENGES AND FUTURE DIRECTIONS",Journal of Global Economy,openalex,abstract,exclude,SETTING,0
W4402057867,10.1177/14657503241270275,2024,"Exploring the impact of crises on rural agri-food SMEs: The moderating role of support mechanisms, digitalisation, and networking",The International Journal of Entrepreneurship and Innovation,openalex,abstract,include,,1
W7167941464,10.3389/fsufs.2026.1859238,2026,Circular economy in action: analysis of research hotspots and emerging trends on agri-food waste and soil health,Frontiers in Sustainable Food Systems,openalex,abstract,exclude,OUTCOME,0
W4403998095,10.1016/j.heliyon.2024.e40091,2024,Transforming agri-food value chains in Bangladesh: A practical application of blockchain for traceability and fair pricing,Heliyon,openalex,abstract,exclude,OUTCOME,0
W7214089346,10.5281/zenodo.22913515,2026,"AI-Supported Creativity in the EU Agri-Food Sector: Skills, Challenges and Opportunities under the Triple Transition",Zenodo (CERN European Organization for Nuclear Research),openalex,abstract,exclude,OUTCOME,0
W7171728451,10.1007/s43621-026-04096-7,2026,Blockchain technology for food supply chain traceability using a systematic literature review and co-word analysis,Discover Sustainability,openalex,abstract,exclude,OUTCOME,0
W4413135080,10.1007/s43069-025-00511-3,2025,Transforming Agrifood Supply Chains with Digital Technologies: a Systematic Review of Safety and Quality Risk Management,Operations Research Forum,openalex,abstract,exclude,OUTCOME,0
W4285013930,10.3390/logistics6030046,2022,Quantifying the Benefits of Digital Supply Chain Twins—A Simulation Study in Organic Food Supply Chains,Logistics,openalex,abstract,include,,1
W4401029634,10.1504/ijbpim.2024.140154,2024,Robotic process automation for the advance payment to suppliers process,International Journal of Business Process Integration and Management,openalex,abstract,include,,1
W7122867958,10.23093/fsi.2025.58.4.343,2025,Safety management and production process automation in the food industry,식품과학과 산업,openalex,abstract,exclude,OUTCOME,0
W7163125129,10.1016/j.apmrv.2026.100429,2026,Analyzing firm size and stage-wise efficiency of financial performance for non-fragile firms: Evidence from the Indian food processing industry,Asia Pacific Management Review,openalex,abstract,exclude,TECH,0
W7213311520,10.71584/mgmt.2025.1244103,2026,Designing an Optimization Model for a Blockchain-Based Electronic Food Supply Chain Using the Imperialist Competitive Algorithm,Journal of Industrial Strategic Management,openalex,abstract,exclude,OUTCOME,0
W7203753343,10.1016/j.afres.2026.102511,2026,"Valorisation of agri-food by-products into bioactive compounds: Green extraction, microbial biotransformation and circular biorefinery strategies",Applied Food Research,openalex,abstract,exclude,OUTCOME,0
W4388412535,10.17352/afppn.000001,2023,Evaluating the efficacy and drawbacks of traceability technology in the quality assurance of the food supply chain,,openalex,abstract,exclude,OUTCOME,0
W4381855066,10.1108/jrme-01-2022-0010,2023,The impact of marketing modification on the performance of food processing SMEs in Ghana,Journal of Research in Marketing and Entrepreneurship,openalex,abstract,exclude,TECH,0
W4413354448,10.3389/fsufs.2025.1638313,2025,Green technology investment and channel selection in sustainable food supply chain based on blockchain technology,Frontiers in Sustainable Food Systems,openalex,abstract,include,,1
W2951788015,10.1016/j.cej.2019.121983,2019,Value-added chemicals from food supply chain wastes: State-of-the-art review and future prospects,Chemical Engineering Journal,openalex,title,exclude,OUTCOME,0
W4403217198,10.3390/su16198677,2024,Legal Barriers in Sustainable Agriculture: Valorization of Agri-Food Waste and Pesticide Use Reduction,Sustainability,openalex,abstract,exclude,TYPE,0
W4412607151,10.5937/ffr0-58161,2025,Emerging role of Artificial Intelligence and Big Data in driving sustainable growth in the global food industry,Food and Feed Research,openalex,abstract,exclude,OUTCOME,0
W4411916962,10.61797/ijaaiml.v5i1.421,2025,Integrating IoT and Blockchain for Sustainable Waste Management in Cold Chain Food Supply Chains: Enhancing Efficiency and Accountability,International Journal of Automation Artificial Intelligence and Machine Learning,openalex,abstract,exclude,OUTCOME,0
W2473569503,10.1016/j.fbp.2016.06.020,2016,"Electrotechnologies applied to valorization of by-products from food industry: Main findings, energy and economic cost of their industrialization",Food and Bioproducts Processing,openalex,abstract,include,,1
W4414555219,10.1007/s11947-025-04035-w,2025,Engineering Edible Biopolymer Sensors via Cold Plasma Treatment for Intelligent Packaging of Perishable Agri-Food Products,Food and Bioprocess Technology,openalex,title,exclude,OUTCOME,0
W2951337657,10.1089/ind.2019.29176.mda,2019,Bio-Valorization of CO 2 Using Microalgae: Techno-Economic Perspective,Industrial Biotechnology,openalex,abstract,exclude,SETTING,0
W2794747755,10.1177/1687814018766776,2018,Mass customization model in food industry using industry 4.0 standard with fuzzy-based multi-criteria decision making methodology,Advances in Mechanical Engineering,openalex,abstract,exclude,OUTCOME,0
W7214301292,10.1049/cim2.70082,2026,A Cross‐Sector DigiCircular Digital Twin Architecture for Collaborative and Sustainable Manufacturing,IET Collaborative Intelligent Manufacturing,openalex,verification,exclude,SETTING,0
W2750756472,10.1080/09537287.2018.1449264,2018,Creating loops with value recovery: empirical study of fresh food supply chains,Production Planning & Control,openalex,abstract,exclude,TECH,0
W7129089471,10.3390/agriculture16040462,2026,"A Bibliometric Review of Machine Learning for Sustainable Agri-Food Systems: Evolution, Collaboration Networks, and Future Directions",Agriculture,openalex,abstract,exclude,OUTCOME,0
W4409195502,10.1016/j.ifset.2025.104019,2025,A comprehensive review of blockchain with artificial intelligence integration for enhancing food safety and quality control,Innovative Food Science & Emerging Technologies,openalex,title,exclude,OUTCOME,0
W7216828807,,2026,Sustainable Material Reuse Strategies in Farming and Food Processing Industries,Frontiers in Emerging Multidisciplinary Sciences,openalex,abstract,exclude,TYPE,0
W4210836804,10.3390/app12031703,2022,"Seafood Processing, Preservation, and Analytical Techniques in the Age of Industry 4.0",Applied Sciences,openalex,abstract,exclude,OUTCOME,0
W3033908526,10.3390/en13112820,2020,Anaerobic Co-Digestion of Cheese Whey and Industrial Hemp Residues Opens New Perspectives for the Valorization of Agri-Food Waste,Energies,openalex,abstract,include,,1
W4414914993,10.3390/pr13103179,2025,Beyond Food Processing: How Can We Sustainably Use Plant-Based Residues?,Processes,openalex,abstract,exclude,OUTCOME,0
W4285800331,10.1142/s136391962250030x,2022,CAPABILITIES PATHWAY TO FIRM PERFORMANCE: MODERATING ROLE OF ENVIRONMENTAL DYNAMISM IN THE FOOD MANUFACTURING FIRMS OF PAKISTAN,International Journal of Innovation Management,openalex,abstract,include,,1
W4415472870,10.1007/s10668-025-06925-7,2025,Evaluating Brunei’s readiness for 4IR adoption in the Agri-food sector: insights from stakeholders using SWOT and PESTLE frameworks,Environment Development and Sustainability,openalex,title,exclude,OUTCOME,0
W4383106616,10.1186/s43014-023-00162-z,2023,Advances in mass transfer and fluid flows in non-thermal food processing industry – a review,Food Production Processing and Nutrition,openalex,abstract,exclude,OUTCOME,0
W2980240952,10.1007/s12649-019-00833-4,2019,Techno-economic and Environmental Evaluation of Cheesemaking Waste Valorization Through Process Simulation Using SuperPro Designer,Waste and Biomass Valorization,openalex,abstract,include,,1
W3000674702,10.1016/j.ifset.2019.102281,2020,Evaluation of the economic and environmental sustainability of high pressure processing of foods,Innovative Food Science & Emerging Technologies,openalex,abstract,include,,1
W7164530168,10.1016/j.fbp.2026.06.006,2026,"Decision-grade circular pathway design for small and medium-sized enterprise food processing using an integrated process-engineering, life cycle assessment, techno-economic, and multi-criteria framework",Food and Bioproducts Processing,openalex,abstract,include,,1
W7131637278,10.1108/nfs-08-2025-0288,2026,"Green food processing: food quality and safety, sustainability and food waste management",Nutrition & Food Science,openalex,abstract,exclude,OUTCOME,0
W4402991319,10.3390/foods13193121,2024,A Simulation-Based Approach for Evaluating the Effectiveness of Robotic Automation Systems in HMR Product Loading,Foods,openalex,abstract,include,,1
W7215131353,10.1080/87559129.2026.2739448,2026,"Hyperspectral Imaging for Food-Fiber Components and Fiber-Rich Food-Processing By-Products: Current Evidence, Analytical Challenges, and Valorization Prospects",Food Reviews International,openalex,abstract,exclude,OUTCOME,0
W3184403691,,2021,Impact of Employee Engagement on Revenue and Return of Investment with Respect to Food Industries in Nagpur Region: An Evidence study,,openalex,abstract,exclude,TECH,0
W7207686024,10.1016/j.cogsc.2026.101100,2026,Fungal valorisation of food-industry side-streams: An integration-first framework,Current Opinion in Green and Sustainable Chemistry,openalex,title,exclude,OUTCOME,0
W4396708969,10.1007/s10479-024-06021-5,2024,Digital technology based game-theoretic pricing strategies in a three-tier perishable food supply chain,Annals of Operations Research,openalex,abstract,include,,1
W4410256797,10.70838/pemj.370308,2025,"Exploring the Influence of Social Media Adoption on Firm Performance of the Food Industry in Cotabato Province, Philippines",Psychology and Education A Multidisciplinary Journal,openalex,indexing,exclude,NOT_SCOPUS_OR_WOS_INDEXED,0
W7130841910,10.6007/ijarbss/v16-i2/27651,2026,"Industry 4.0 Adoption in Malaysian Halal Food Manufacturing: Opportunities, Challenges and Future Research for Strengthening Halal Tourism Competitiveness",International Journal of Academic Research in Business and Social Sciences,openalex,abstract,exclude,OUTCOME,0
W7214662874,10.1016/j.spc.2026.09.022,2026,Process-level circular economy readiness in food supply chains: An integrated SCOR–Type-2 Neutrosophic WINGS–regret-theory WISP decision framework,Sustainable Production and Consumption,openalex,title,exclude,OUTCOME,0
W2551371102,10.3390/app6120379,2016,Valorization of Agri-Food Waste via Fermentation: Production of l-lactic Acid as a Building Block for the Synthesis of Biopolymers,Applied Sciences,openalex,abstract,exclude,OUTCOME,0
W4312186819,10.3389/fsufs.2022.1035357,2022,Economic assessment for vegetable waste valorization through the biogas-biomethane chain in Italy with a circular economy approach,Frontiers in Sustainable Food Systems,openalex,abstract,include,,1
W3207397981,10.1016/j.jclepro.2021.129388,2021,Circular economy strategy of reusing olive mill wastewater in the ceramic industry: How the plant location can benefit environmental and economic performance,Journal of Cleaner Production,openalex,abstract,include,,1
W4413048823,10.1016/j.rineng.2025.106591,2025,"HalalChain: A decentralized blockchain model for enhanced data integrity, real-time compliance, and automated verification in halal food supply chain",Results in Engineering,openalex,abstract,exclude,OUTCOME,0
W7128526990,10.1016/j.nexus.2026.100663,2026,"Co-pelletization of coarse olive pits and food-industry residues for sustainable bioenergy production: physicochemical, environmental, and techno-economic assessment",Energy Nexus,openalex,abstract,include,,1
W4413293942,10.1016/j.fbp.2025.08.006,2025,Boosting Sacha Inchi valorization through the biorefinery concept in Colombia: Techno-economic assessment,Food and Bioproducts Processing,openalex,abstract,include,,1
W4416336956,10.3390/inventions10060106,2025,Impact of Digital Twins on Real Practices in Manufacturing Industries,Inventions,openalex,abstract,exclude,SETTING,0
W4406130729,10.22434/ifamr.1128,2024,Learning-based analysis of the impact of environmental attention on food industry productivity,The International Food and Agribusiness Management Review,openalex,abstract,exclude,TECH,0
W4413376155,10.3390/pr13082662,2025,Recent Advances in Moderate Electric Field (MEF) Systems for Sustainable Food Processing,Processes,openalex,abstract,exclude,OUTCOME,0
W4316193935,10.3303/cet2187007,2021,Increase Food Production Efficiency Using the Executable Digital Twin (xdt),Chemical engineering transactions,openalex,abstract,exclude,OUTCOME,0
W3209669508,10.9734/ajaees/2021/v39i1130729,2021,Digital Transformation on Food Retail Industries-A Review,Asian Journal of Agricultural Extension Economics & Sociology,openalex,abstract,exclude,OUTCOME,0
W4403706402,10.15688/ek.jvolsu.2024.2.12,2024,Lean Manufacturing Tools as a Driver of the Company’s Digital Transformation,Вестник Волгоградского государственного университета. Серия 3: Экономика. Экология,openalex,abstract,exclude,OUTCOME,0
W7218076001,,2025,Smart Contract-Based Agricultural Food Supply Chain Traceability,Utilitas Mathematica,openalex,abstract,exclude,OUTCOME,0
W7136048166,10.1007/s43621-026-02944-0,2026,Microbial biorefinery of food processing residues advances ecosystem services and sustainable waste management,Discover Sustainability,openalex,abstract,exclude,OUTCOME,0
W7216993039,,2025,BIBLIOMETRIC ANALYSIS OF RESEARCH ON FOOD SUPPLY CHAIN OPTIMISATION,International Journal of Advanced Natural Sciences and Engineering Researches,openalex,abstract,exclude,TYPE,0
W4410419875,10.1016/j.jenvman.2025.125774,2025,Microbial composition and bioremediation in frass fertilizers from insect-based agri-food waste valorization,Journal of Environmental Management,openalex,abstract,exclude,OUTCOME,0
W4415133218,10.31004/ijisk.v2i3.177,2025,A Comparative Analysis Of Machine Learning Models For Inventory Demand Forecasting In A Food Manufacturing Sme,Indonesian Journal of Innovation Science and Knowledge,openalex,abstract,exclude,OUTCOME,0
W3182797139,10.1016/j.matpr.2021.06.419,2021,"Applications of artificial intelligence in business management, e-commerce and finance",Materials Today Proceedings,openalex,title,exclude,SETTING,0
W7203836874,10.1007/s10098-026-03579-5,2026,"Transforming food systems with artificial intelligence and machine learning: innovations, challenges and future directions in food safety, quality, and nutrition",Clean Technologies and Environmental Policy,openalex,title,exclude,OUTCOME,0
W3197341287,10.5958/2231-6736.2020.00009,2020,Robotic Automation in Dairy and Meat Processing Sector for Hygienic Processing and Enhanced Production,Journal of Community Mobilization and Sustainable Development,openalex,abstract,exclude,TYPE,0
W4413025279,10.2478/mosr-2024-0014,2024,A Conceptual Model for Sustainable Reusable Packaging in Food Supply Chains,Management of Organizations Systematic Research,openalex,abstract,exclude,TYPE,0
W7215881354,10.54443/morfai.v5i4.3225,2025,INTERNET OF THINGS (IOT) BASED SMART CHOPPER SYSTEM WITH WEIGHT MONITORING TO IMPROVE PRODUCTIVITY,MORFAI JOURNAL,openalex,abstract,exclude,OUTCOME,0
W7166314001,10.1016/j.aei.2026.105006,2026,Smart perishables food supply chains optimization under blockchain–IoT-based contract execution: optimal pricing and shipment consolidation,Advanced Engineering Informatics,openalex,abstract,exclude,OUTCOME,0
W4388004670,10.1108/ijebr-02-2023-0226,2023,Digital entrepreneurship in agrifood business: a resource bricolage perspective,International Journal of Entrepreneurial Behaviour & Research,openalex,abstract,exclude,OUTCOME,0
W7159801551,10.3390/sym18050735,2026,Structural Symmetry Modeling and Network Optimization for Evaluating Industrial Chain Integration and Firm Performance: Evidence from Xinjiang’s Characteristic Food Processing Industry Under the Big Food Concept,Symmetry,openalex,abstract,exclude,TECH,0
W4412923441,10.9734/jsrr/2025/v31i73336,2025,Unveiling Digital Transformation in Agriculture: An Analytical Review of Strategic Shifts and Market Dynamics,Journal of Scientific Research and Reports,openalex,abstract,exclude,SETTING,0
W7216737967,,2024,A Study on Relationship Between the Factors Influenced on Inventory Management System in Food Processing Industry,Nanotechnology Perceptions,openalex,abstract,exclude,OUTCOME,0
W4389351255,10.36282/ijasrm/8.1.2023.1888,2023,Innovative Solutions for Agri-Food: Transforming Agriculture through Digital Technologies,International Journal of Advanced Scientific Research and Management,openalex,abstract,exclude,SETTING,0
W4411199429,10.70382/sjasor.v8i9.024,2025,THE APPLICATION OF ARTIFICIAL INTELLIGENCE AND MACHINE LEARNING IN OPTIMIZING PROCESSES IN ALGAL TECHNOLOGY: FUTURE CHARACTERISTICS AND OPPORTUNITIES,Journal of Advanced Science and Optimization Research,openalex,abstract,exclude,OFFTOPIC,0
W3101234243,10.1016/j.compind.2020.103343,2020,Design of a reference architecture for developing smart warehouses in industry 4.0,Computers in Industry,openalex,abstract,exclude,OUTCOME,0
W4386096121,10.1186/s40066-023-00425-5,2023,"Meta-analysis of food supply chain: pre, during and post COVID-19 pandemic",Agriculture & Food Security,openalex,abstract,exclude,TYPE,0
W7214424646,10.1016/j.afres.2026.102650,2026,Stakeholder perceptions and barriers to the adoption of novel non-thermal food processing technologies for citrus waste valorization: A multi-actor study in Greece and Malta,Applied Food Research,openalex,abstract,exclude,OUTCOME,0
W7215558770,,2024,The Influence of Green Logistics towards the Business Performance under Circular Economy Principles: The Case of the Packaged Food Industry in Thailand,Business Administration and Management Journal Review,openalex,abstract,exclude,TECH,0
W4407486385,10.70382/mejaimr.v7i2.022,2025,"EXPLORING INVENTORY DIGITALISATION AND PRODUCT DELIVERY IN SELECTED FOOD MANUFACTURING FIRMS IN ILORIN, KWARA STATE, NIGERIA",International Journal of African Innovation and Multidisciplinary Research,openalex,indexing,exclude,NOT_SCOPUS_OR_WOS_INDEXED,0
W3004816071,10.1016/j.promfg.2020.01.044,2019,An application of collaborative robots in a food production facility,Procedia Manufacturing,openalex,abstract,include,,1
W4411781025,10.29278/azd.1652297,2025,Reflections of Automation in the Dairy Industry: A Bibliometric Analysis Approach on Robotic Milking Systems,Akademik Ziraat Dergisi,openalex,abstract,exclude,SETTING,0
W7218037281,,2024,The Role of Artificial Intelligence in Shaping Business Strategies within the Travel and Food Sectors: A Qualitative Analysis of Secondary Data,Library Progress (International),openalex,abstract,exclude,OUTCOME,0
W4387026915,10.1016/j.crfs.2023.100593,2023,Steps toward a digital twin for functional food production with increased health benefits,Current Research in Food Science,openalex,abstract,exclude,OUTCOME,0
W4303579574,10.1002/mar.21737,2022,Role of artificial intelligence in marketing strategies and performance,Psychology and Marketing,openalex,abstract,include,,1
W4313035466,10.1590/1678-6971/eramr220114.en,2022,The application and benefits of digital technologies for agri-food value chain: Evidence from an emerging country,RAM. Revista de Administração Mackenzie,openalex,abstract,exclude,OUTCOME,0
W7217876500,,2026,Enabling Block Chain Skills for Transparency in Marketing Channels: Evidence from Food Processing Industry.,European Economic Letters (EEL),openalex,abstract,exclude,OUTCOME,0
W3131665498,,2021,Industry 4.0 Approaches in Food and Bio Industry: Recent Developments and Future Trends,DergiPark (Istanbul University),openalex,abstract,exclude,TYPE,0
W7140109060,10.1108/sl-08-2025-0274,2026,Strategic orientation and firm performance: the role of digital technology,Strategy and Leadership,openalex,abstract,include,,1
W4411805351,10.24874/pes07.02c.002,2025,AN OVERVIEW OF INTEGRATING THE INTERNET OF THINGS AND ADVANCED AUTOMATION TECHNOLOGIES FOR SUSTAINABLE CROP GROWTH AND MONITORING IN PRECISION AGRICULTURE,Proceedings on Engineering Sciences,openalex,abstract,exclude,SETTING,0
W4407548462,10.3390/w17040536,2025,"A State-of-the-Art Review of Microalgae-Based Food Processing Wastewater Treatment: Progress, Problems, and Prospects",Water,openalex,abstract,exclude,OUTCOME,0
W4410143476,10.48130/tia-0025-0003,2025,Agri-tech evolution: harnessing digital pathways for sustainable agri-food systems,Technology in Agronomy,openalex,abstract,exclude,SETTING,0
W4410243637,10.47772/ijriss.2025.90400243,2025,"Effect of Tax Policy Reforms on Financial Performance of Food Manufacturing Companies in Industrial Area, Nairobi Kenya",International Journal of Research and Innovation in Social Science,openalex,abstract,exclude,TECH,0
W2951201843,10.22161/ijaers.6.6.26,2019,Cost Reduction in Soybean Production Through Automation of the Water Capture System Using the M2M Communication Protocol,International Journal of Advanced Engineering Research and Science,openalex,indexing,exclude,NOT_SCOPUS_OR_WOS_INDEXED,0
W7203551901,10.5281/zenodo.21947813,2026,IIoT-Based Automated Environmental Control and Quality Tracking System for Food Processing and Storage Facilities,Zenodo (CERN European Organization for Nuclear Research),openalex,abstract,exclude,OUTCOME,0
W4239649094,10.35940/ijitee.l1126.10812s219,2019,Opportunities and Challenges for Implementing Automation among Selected SMEs of Food Manufacturing Industry,International Journal of Innovative Technology and Exploring Engineering,openalex,indexing,exclude,NOT_SCOPUS_OR_WOS_INDEXED,0
W4380669306,10.1108/scm-12-2022-0484,2023,Leveraging on technology and sustainability to innovate the supply chain: a proposal of agri-food value chain model,Supply Chain Management An International Journal,openalex,abstract,exclude,OUTCOME,0
W3165314224,10.1002/adfm.202102745,2021,Biocompatible Blends of an Intrinsically Conducting Polymer as Stretchable Strain Sensors for Real‐Time Monitoring of Starch‐Based Food Processing,Advanced Functional Materials,openalex,abstract,exclude,OUTCOME,0
W7163098561,10.3303/cet26124030,2026,Valorization of Food Industry By-Products through the Cultivation of the Microalga Chromochloris Zofingiensis,Chemical engineering transactions,openalex,abstract,exclude,OUTCOME,0
W4414723338,10.1016/j.jfoodeng.2025.112822,2025,Energy-efficient start-up optimization via digital twin for a vegetable broth sterilization process,Journal of Food Engineering,openalex,abstract,include,,1
W4405107066,10.3390/pr12122791,2024,Conceptual Design of Simulation-Based Approach for Robotic Automation Systems: A Case Study of Tray Transporting,Processes,openalex,abstract,include,,1
W7117476732,10.3390/agriculture16010070,2025,"Digital Dividend or Digital Divide? How the Digital Economy Shapes China’s Agri-Food Trade Dynamics: Evidence on Impacts, Mechanisms, and Heterogeneity",Agriculture,openalex,abstract,exclude,SETTING,0
W4402499923,10.37256/fse.5220243707,2024,"Deployment of Industry 4.0 into the Agricultural Food Industry: A Focus on Facet, Insight, Knowledge, and Resilience (FIKR) Personality Traits and AI-Powered Inventory Management",Food Science and Engineering,openalex,abstract,exclude,SETTING,0
W4206770491,10.3390/s22010274,2021,Digital Strategy Decision Support Systems: Agrifood Supply Chain Management in SMEs,Sensors,openalex,abstract,exclude,OUTCOME,0
W4407595024,10.52340/eab.2024.16.04.05,2025,Cluster - One of the Best Ways of Effective Digital Transformation,Economics and Business,openalex,abstract,exclude,TYPE,0
W7167235048,10.1016/j.biteb.2026.102912,2026,Closing the loop: Valorizing ready-to-use (RTU) processing side-streams into functional nanocoatings: A techno-economic perspective,Bioresource Technology Reports,openalex,abstract,include,,1
W4392767081,10.1111/jfpe.14552,2024,"Impact of pulsed electric fields on membrane disintegration, drying, and osmotic dehydration of foods",Journal of Food Process Engineering,openalex,abstract,exclude,OUTCOME,0
W4414113404,10.14445/22315381/ijett-v74i3p124,2024,"Enhancing Sustainability and Transparency in Food Supply Chains through Blockchain-Based Traceability, Smart Contracts, and Decentralized Data Security in E-Business Environment",International Journal of Engineering Trends and Technology,openalex,abstract,exclude,OUTCOME,0
W4393931089,10.1016/j.tifs.2024.104476,2024,Paper-based lab-on-a-chip devices for detection of agri-food contamination,Trends in Food Science & Technology,openalex,title,exclude,OUTCOME,0
W3093815506,10.3390/fermentation6040099,2020,Techno-Economic Analysis of Bioethanol Plant By-Product Valorization: Exploring Market Opportunities with Protein-Rich Fungal Biomass Production,Fermentation,openalex,abstract,exclude,SETTING,0
W7121546811,10.1016/j.ifset.2025.104420,2026,"A comprehensive review of the applications of pulsed electric field: Primary emphasis on extraction, modification, and inactivation",Innovative Food Science & Emerging Technologies,openalex,title,exclude,OUTCOME,0
W4408364301,10.1016/j.jenvman.2025.124935,2025,Agri-food waste to phenolic compounds: Life cycle and eco-efficiency assessments,Journal of Environmental Management,openalex,abstract,include,,1
W7163414017,10.1016/j.foodres.2026.119600,2026,From green extraction to clean-label formulation: natural deep eutectic solvents as multifunctional extraction–formulation systems for agri-food valorization,Food Research International,openalex,abstract,exclude,OUTCOME,0
W2892780972,10.1016/j.tifs.2018.09.024,2018,Valorisation of pineapple wastes for food and therapeutic applications,Trends in Food Science & Technology,openalex,title,exclude,OUTCOME,0
W7133202623,10.1007/s43615-026-00743-3,2026,Examining How Circular Economy and Sustainable Supply Chain Integration Influence Sustainability Performance: Evidence from Food Manufacturing in Emerging Markets,Circular Economy and Sustainability,openalex,abstract,exclude,TECH,0
W7215804001,10.31538/iijse.v9i2.9255,2026,"Strengthening The ""Mampesendong"" Food Processed MSME Business in Malang City Through Business Management Assistance",Indonesian Interdisciplinary Journal of Sharia Economics (IIJSE),openalex,abstract,exclude,TECH,0
W3000653370,10.1016/j.agsy.2019.102763,2020,Digitalisation of agricultural knowledge and advice networks: A state-of-the-art review,Agricultural Systems,openalex,abstract,exclude,SETTING,0
W7165024906,10.3390/molecules31122136,2026,From Agri-Food Byproducts to High-Value Bioactive Compounds: A Critical Review Linking Green Recovery and Chemical Profiling to Circular Valorization,Molecules,openalex,abstract,exclude,OUTCOME,0
W4323928940,10.1016/j.foodres.2023.112663,2023,Cold plasma as a pre-treatment for processing improvement in food: A review,Food Research International,openalex,title,exclude,OUTCOME,0
W7171535931,10.1016/j.agsy.2026.104889,2026,Adoption of digital technologies to promote animal welfare data exchange in agri-food value chains,Agricultural Systems,openalex,abstract,exclude,OUTCOME,0
W7134064597,10.9734/ajraf/2026/v12i1482,2026,"Agro-Food Processing Units and Their Contribution to Sustainable Development: Evidence from Butanyerera Province, Burundi",Asian Journal of Research in Agriculture and Forestry,openalex,abstract,exclude,TECH,0
W2998596542,10.24011/barofd.577714,2019,Intelligent and Natural Agriculture with Industry 4.0,Bartın Orman Fakültesi Dergisi,openalex,abstract,exclude,SETTING,0
W4377252697,10.35940/ijaent.c7232.0511523,2023,A Review on Technologies in Robotic Gripper,International Journal of Advanced Engineering and Nano Technology,openalex,abstract,exclude,OUTCOME,0
W7134058637,10.3390/horticulturae12030313,2026,"Valorization of Plant-Based Agro-Waste, Tomato Pomace, into Potential Sustainable Food Packaging Materials: Techno-Economic Approach",Horticulturae,openalex,abstract,include,,1
W2979238495,10.17700/jai.2019.1.1.498,2019,Management support systems in the Hungarian food manufacturing sector,Journal of Agricultural Informatics,openalex,abstract,exclude,OUTCOME,0
W4412723004,10.7203/ciriec-e.114.30373,2025,Agri-food cooperatives in the European scientific literature in the period 2005-2024,CIRIEC-España revista de economía pública social y cooperativa,openalex,abstract,exclude,OFFTOPIC,0
W4376279039,10.3390/su15107884,2023,Using the Transparency of Supply Chain Powered by Blockchain to Improve Sustainability Relationships with Stakeholders in the Food Sector: The Case Study of Lavazza,Sustainability,openalex,abstract,exclude,OUTCOME,0
W3183276726,10.9734/cjast/2021/v40i1831439,2021,Advancements in Food Technology Using Artificial Intelligence- Deep Learning,Current Journal of Applied Science and Technology,openalex,abstract,exclude,OUTCOME,0
W4312213526,10.1093/qopen/qoac037,2022,The effect of trade and customs digitalization on agrifood trade: A gravity approach,Q Open,openalex,abstract,include,,1
W7162097048,10.1016/j.compchemeng.2026.109715,2026,Analysis and optimization of biofuel-food supply chains involving the water-energy-food nexus,Computers & Chemical Engineering,openalex,title,exclude,SETTING,0
W7135025834,10.3390/su18062736,2026,Circularity of the Economy and Sustainable Performance of Agri-Food Systems in the European Union,Sustainability,openalex,abstract,exclude,TECH,0
W4389402754,10.56082/annalsarsciagr.2023.2.5,2023,Bioharmonisation of Agri-food Anthroposystems with the Natural Ecosystems,Annals of the Academy of Romanian Scientists Series on Agriculture Silviculture and Veterinary Medicine,openalex,abstract,exclude,TYPE,0
W4387504796,10.35631/jistm.832006,2023,INTERNET OF THINGS-ENABLED FRAMEWORK FOR GULA APONG INDUSTRY,Journal of Information System and Technology Management,openalex,abstract,exclude,OUTCOME,0
W7214384456,10.1007/s10669-026-10145-3,2026,"Sustainability in food processing systems: a scopus-based systematic review of emerging themes, research gaps, and decision-support priorities",Environment Systems & Decisions,openalex,title,exclude,OUTCOME,0
W4411586215,10.36871/ek.up.p.r.2025.03.13.021,2025,AGRO-FOOD SECTOR: ANALYSIS AND PROSPECTS,EKONOMIKA I UPRAVLENIE PROBLEMY RESHENIYA,openalex,abstract,exclude,TYPE,0
W7171804747,10.13135/2785-7867/13851,2026,"Digital agriculture and gender bias. Artificial intelligence, structural inequalities and legal responses","Journal of Law, Market & Innovation",openalex,abstract,exclude,SETTING,0
W2789929229,10.19026/ajfst.13.5160,2017,Influence of Pulsed Electric Field Pretreatment on Vacuum Freeze-dried Apples and Process Parameter Optimization,Advance Journal of Food Science and Technology,openalex,indexing,exclude,NOT_SCOPUS_OR_WOS_INDEXED,0
W4412387216,10.22194/jgias/25.1712,2025,Exploring Food Supply Chain Resilience: A Systematic Literature Review of Technology and Policy Strategies,Journal of Global Innovations in Agricultural Sciences,openalex,abstract,exclude,OUTCOME,0
W4389346796,10.7896/j.2498,2023,Effects of digitalisation on food safety,Studies in Agricultural Economics,openalex,abstract,exclude,OUTCOME,0
W3117002570,10.3390/fermentation7010003,2020,Fermentation as a Strategy for Bio-Transforming Waste into Resources: Lactic Acid Production from Agri-Food Residues,Fermentation,openalex,abstract,exclude,OUTCOME,0
W4393149424,10.3390/su16072663,2024,Research Trends in the Use of the Internet of Things in Sustainability Practices: A Systematic Review,Sustainability,openalex,abstract,exclude,OUTCOME,0
W4406007967,10.32782/2414-4436/2024-3-8,2024,From traditional to digital solutions : modern aspects of the information and analytical approach in the food industry,Public administration and local government,openalex,abstract,exclude,TYPE,0
W4393375858,10.1007/s10479-024-05929-2,2024,Responsible artificial intelligence for measuring efficiency: a neural production specification,Annals of Operations Research,openalex,title,exclude,SETTING,0
W7204761864,10.3389/fsufs.2026.1890516,2026,Digital agricultural technologies and sustainable agri-food system transformations: a review of global debates and Kenyan realities,Frontiers in Sustainable Food Systems,openalex,abstract,exclude,SETTING,0
W7116952487,10.55779/ng54461,2025,Environmental protection by minimizing food waste using AI driven food supply chain framework,Nova Geodesia,openalex,abstract,include,,1
W7216678079,,2024,Enhancing Business Profitability and Sustainability through Digitalized Supply Chain Elements,Policy Journal of Social Science Review,openalex,indexing,exclude,NOT_SCOPUS_OR_WOS_INDEXED,0
W2765487282,10.17951/sil.2017.26.1.503,2017,The Food Production in Circular Economy – Selected Legal Aspects,Studia Iuridica Lublinensia,openalex,abstract,exclude,TYPE,0
W4409167444,10.55041/ijsrem43797,2025,An Analytical Review of Online Tiffin Services: Opportunities and Challenges in the Digital Food Sector,INTERANTIONAL JOURNAL OF SCIENTIFIC RESEARCH IN ENGINEERING AND MANAGEMENT,openalex,abstract,exclude,OUTCOME,0
W7216893159,,2026,Intelligent Predictive Optimization Framework for Demand Forecasting and Inventory Planning in Food Supply Chains,Multidisciplinary Journal of Research in Engineering and Technology,openalex,abstract,exclude,OUTCOME,0
W4367626895,10.3390/metabo13050624,2023,Value Addition Employing Waste Bio-Materials in Environmental Remedies and Food Sector,Metabolites,openalex,abstract,exclude,OUTCOME,0
W7201834757,10.3389/fsufs.2026.1916378,2026,"Artificial intelligence for food security or digital inequality? Quantifying the global trade-offs between agricultural productivity, social inclusion, sustainable livelihoods, and responsible land stewardship",Frontiers in Sustainable Food Systems,openalex,abstract,exclude,SETTING,0
W4411456899,10.3390/su17125635,2025,A Model for a Circular Food Supply Chain Using Metro Infrastructure for Quito’s Food Bank Network,Sustainability,openalex,abstract,exclude,OUTCOME,0
W7154316080,10.21776/ub.afssaae.2026.009.01.9,2026,Integrating digital green management accounting with circular economy: A systematic literature review of the palm oil agroindustry,Advances in Food Science Sustainable Agriculture and Agroindustrial Engineering,openalex,abstract,exclude,OUTCOME,0
W7214517144,10.12688/f1000research.189729.1,2026,Determinants of Digital Marketing Adoption and MSME Performance in Indonesia’s Halal Food Sector,F1000Research,openalex,indexing,exclude,NOT_SCOPUS_OR_WOS_INDEXED,0
W3123278238,10.3390/en14030561,2021,Combined Use of Solar and Biomass Energy for Sustainable and Cost-Effective Low-Temperature Drying of Food Processing Residues on Industrial-Scale,Energies,openalex,abstract,include,,1
W4412464826,10.47772/ijriss.2025.906000324,2025,"Strategic Innovations in Halal Frozen Food Supply Chains: Enhancing Compliance, Sustainability, and Global Market Competitiveness",International Journal of Research and Innovation in Social Science,openalex,abstract,exclude,TYPE,0
W4412437488,10.1016/j.sftr.2025.100979,2025,Enhancing food supply chain sustainability: exploring the role of IoT enablers and sustainable development goals,Sustainable Futures,openalex,abstract,exclude,OUTCOME,0
W4307715300,10.1007/s10460-022-10383-6,2022,"Constructing agri-food for finance: startups, venture capital and food future imaginaries",Agriculture and Human Values,openalex,abstract,exclude,OFFTOPIC,0
W4391260737,10.1111/beer.12658,2024,Scaling circular economy business models: A capability perspective,Business Ethics the Environment & Responsibility,openalex,abstract,exclude,OUTCOME,0
W7162991493,10.1016/j.farsys.2026.100244,2026,Challenges and opportunities of AI adoption for agri-food system sustainability: Environmental footprint reduction,Farming System,openalex,abstract,exclude,SETTING,0
W4413938461,10.1016/j.compag.2025.110927,2025,"Artificial intelligence in agriculture: ethics, impact possibilities, and pathways for policy",Computers and Electronics in Agriculture,openalex,abstract,exclude,SETTING,0
W3212001940,10.33258/birci.v4i4.3120,2021,The Impact of Digital Economy Literacy Strategy Model on Firm Performance of Small Medium Enterprises,Budapest International Research and Critics Institute  (BIRCI-Journal): Humanities and Social Sciences,openalex,verification,exclude,TECH,0
W4402976623,10.1016/j.afres.2024.100532,2024,Advancing food security: The role of machine learning in pathogen detection,Applied Food Research,openalex,abstract,exclude,OUTCOME,0
W3187497132,10.1111/rsp3.12463,2021,The impact of Industry 4.0 on the Indonesian economy: A general equilibrium assessment,Regional Science Policy & Practice,openalex,verification,exclude,SETTING,0
W2552055126,10.1016/j.biortech.2016.11.090,2016,Economic feasibility of microalgal bacterial floc production for wastewater treatment and biomass valorization: A detailed up-to-date analysis of up-scaled pilot results,Bioresource Technology,openalex,title,exclude,SETTING,0
W4408006647,10.22214/ijraset.2025.67087,2025,Artificial Intelligence in Agriculture and Allied Sciences,International Journal for Research in Applied Science and Engineering Technology,openalex,abstract,exclude,SETTING,0
W4411432670,10.4103/jpbs.jpbs_381_25,2025,The Role of Artificial Intelligence in Safeguarding Patient Privacy in Healthcare Systems,Journal of Pharmacy And Bioallied Sciences,openalex,abstract,exclude,OUTCOME,0
W4412036783,10.20473/jiet.v10i1.60891,2025,Spatial Analysis of Digital Transformation on Food Security in Sumatra: Amidst Climate Change,Jurnal Ilmu Ekonomi Terapan,openalex,abstract,exclude,OUTCOME,0
W2519807357,10.4018/ijrat.2016010103,2016,Improving Productivity,International Journal of Robotics Applications and Technologies,openalex,abstract,exclude,TYPE,0
W4401367425,10.1108/jstpm-12-2023-0215,2024,The fourth industrial revolution and the agri-food labour market: a systematic literature review,Journal of Science and Technology Policy Management,openalex,abstract,exclude,OUTCOME,0
W4405775097,10.1016/j.jafr.2024.101616,2024,Assessing the use of ChatGPT among agri-food researchers: A global perspective,Journal of Agriculture and Food Research,openalex,abstract,exclude,OFFTOPIC,0
W4416076176,10.7753/ijcatr0812.1014,2025,IoT Security Assessment Framework for Solar-Powered Agricultural Systems: Integrating Cybersecurity Controls into Renewable Energy Food Processing Infrastructure,International Journal of Computer Applications Technology and Research,openalex,abstract,exclude,OUTCOME,0
W4372267190,10.1109/mpot.2023.3250019,2023,Embracing robots in our lives [Editorial],IEEE Potentials,openalex,abstract,exclude,TYPE,0
W7205708424,10.59324/ejiss.2026.2(5).01,2026,"Green Processing Technologies for Sustainable Food Manufacturing: Current Advances, Industrial Applications, and Future Perspectives",European Journal of Innovative Studies and Sustainability,openalex,abstract,exclude,TYPE,0
W4408764426,10.21083/ruralreview.v9i1.8330,2025,Enabling Responsible AI-Driven Agri-Food Innovation in Ontario: Challenges and Opportunities,Rural Review Ontario Rural Planning Development and Policy,openalex,abstract,exclude,OUTCOME,0
W4385421287,10.3390/electronics12153262,2023,MoBiSea: A Binary Search Algorithm for Product Clustering in Industry 4.0,Electronics,openalex,abstract,exclude,OUTCOME,0
W7116900315,10.1002/eng2.70539,2025,Bioactive Compounds From Agri‐Food By‐Products: Advancements in Environmental Sustainability and Bioeconomic Progress,Engineering Reports,openalex,abstract,exclude,OUTCOME,0
W7160103768,10.21273/jashs05597-26,2026,Use of Artificial Intelligence in Controlled Environment Agriculture: A Review,Journal of the American Society for Horticultural Science,openalex,abstract,exclude,SETTING,0
W7212385707,10.1016/j.clfs.2026.100063,2026,A narrative review of food packaging-related measures to reduce food loss and waste throughout the food supply chain,Cleaner Food Systems,openalex,abstract,exclude,OUTCOME,0
W2905671087,10.1002/jsfa.9545,2018,How should we turn data into decisions in AgriFood?,Journal of the Science of Food and Agriculture,openalex,abstract,exclude,TYPE,0
W7204875740,10.14416/jaset.kmutnb.2026.02.001,2026,"Emerging Technologies for Sustainable Food Innovation: Integrating Processing, Powder Engineering, Digitalisation, Circularity, and Sustainable Packaging",Journal of Applied Science and Emerging Technology,openalex,abstract,exclude,TYPE,0
W7155508417,10.3390/foods15091482,2026,Solid-State Fermentation Towards Sustainability and Circularity in the Bioprocessing of Agri-Food Industrial Wastes,Foods,openalex,abstract,exclude,OUTCOME,0
W4393203337,10.1111/jfpe.14590,2024,Application of artificial intelligence techniques in meat processing: A review,Journal of Food Process Engineering,openalex,abstract,exclude,OUTCOME,0
W4393431698,10.3176/proc.2024.2.06,2024,Autonomous mobile robots for production logistics: a process optimization model modification,Proceedings of the Estonian Academy of Sciences,openalex,abstract,exclude,OUTCOME,0
W2234544996,10.1016/j.rser.2015.12.123,2016,Giant reed as energy crop for Southern Italy: An economic feasibility study,Renewable and Sustainable Energy Reviews,openalex,title,exclude,SETTING,0
W4395080574,10.1016/j.cogsc.2024.100927,2024,Leveraging the potential of fourth industrial revolution technologies to reduce and valorize waste and by-products in the dairy sector,Current Opinion in Green and Sustainable Chemistry,openalex,abstract,exclude,OUTCOME,0
W4403600510,10.3390/su16209045,2024,A Novel Framework for the Iraqi Manufacturing Industry Towards the Adoption of Industry 4.0,Sustainability,openalex,abstract,exclude,SETTING,0
W3040717887,10.1038/s41598-020-68156-2,2020,A machine learning workflow for raw food spectroscopic classification in a future industry,Scientific Reports,openalex,abstract,exclude,OUTCOME,0
W7165550513,10.1051/bioconf/202623904004/pdf,2026,Farm-Level Efficiency of Digital Agri-Food Technologies under Water Scarcity: Evidence from the Aral Sea Region,Springer Link (Chiba Institute of Technology),openalex,abstract,exclude,SETTING,0
W3178255207,10.46666/2021-2.2708-9991.13,2021,Innovative technologies in sheep breeding: economic efficiency,Problems of AgriMarket,openalex,abstract,exclude,SETTING,0
W4321505786,10.33545/26631067.2023.v5.i1a.152,2023,Economic impact of artificial intelligence in the field of agriculture,International Journal of Horticulture and Food Science,openalex,abstract,exclude,SETTING,0
W4393181667,10.55452/1998-6688-2024-21-1-28-41,2024,"DEVELOPMENT OF A PROCESS AUTOMATION SYSTEM FOR HEATING, VENTILATION AND AIR CONDITIONING FOR THE FOOD INDUSTRY ON THE BASIS OF HONEYWELL EQUIPMENT",Herald of Kazakh-British technical university,openalex,abstract,exclude,OUTCOME,0
W4414027115,10.2174/0115734013371588250815061734,2025,The Role of AI and ML in Shaping the Future of the Food Industry,Current Nutrition & Food Science,openalex,abstract,exclude,OUTCOME,0
W4402093773,10.1016/j.ijbiomac.2024.135204,2024,"Valorizing Lycii fructus waste residue into polysaccharide-rich extracts: Extraction methodologies, physicochemical characterization, in vitro activities and economic feasibility",International Journal of Biological Macromolecules,openalex,abstract,exclude,OUTCOME,0
W3162189320,10.3390/su13105516,2021,Analyzing AgriFood-Tech e-Business Models,Sustainability,openalex,abstract,exclude,OUTCOME,0
W3118102813,,2020,Application of the elements of the Industry 4.0 concept in chemical industry and comparison with other industrial areas in the Czech Republic,Digitální knihovna Univerzity Pardubice (Univerzity Pardubice),openalex,abstract,exclude,OUTCOME,0
W3028019740,10.1016/j.jclepro.2020.121788,2020,Food waste biorefinery advocating circular economy: Bioethanol and distilled beverage from sweet potato,Journal of Cleaner Production,openalex,title,exclude,OUTCOME,0
W4408869864,10.1080/19476337.2025.2477659,2025,Management of urban manufacturing byproducts: food circular economy and safety aspects,CyTA - Journal of Food,openalex,abstract,exclude,OUTCOME,0
W7211916214,10.1007/s44173-026-00037-9,2026,"Food waste valorisation for a circular bioeconomy: integrating biochemical, thermochemical, and digital technologies with sustainability metrics",Green Technology Resilience and Sustainability,openalex,abstract,exclude,OUTCOME,0
W4399533900,10.1108/ijlm-12-2023-0509,2024,Prioritizing evaluation criteria of IoT-driven warehousing startups: a silver lining to the unorganized sector in food supply chain,The International Journal of Logistics Management,openalex,abstract,include,,1
W4387628585,10.22214/ijraset.2023.56055,2023,Design and Simulation of Robot Gripper and Conveyor System for Workstations,International Journal for Research in Applied Science and Engineering Technology,openalex,abstract,exclude,SETTING,0
W7155655691,,2023,"Constructing agri‑food for finance: startups, venture capital and food",Qucosa (Saxon State and University Library Dresden),openalex,title,exclude,TECH,0
W4281554268,10.1016/j.fct.2022.113184,2022,Bioprocessing of biowaste derived from food supply chain side-streams for extraction of value added bioproducts through biorefinery approach,Food and Chemical Toxicology,openalex,title,exclude,OUTCOME,0
W7215641089,,2024,Artificial Intelligence in Manufacturing and Processing: A Comprehensive Review of Applications and Future Trends,JURIHUM : Jurnal Inovasi dan Humaniora,openalex,abstract,exclude,SETTING,0
W7125377863,10.1108/bfj-08-2025-1115,2026,Integrating renewable energy into food supply chains: evidence from negative electricity pricing events in the European power market,British Food Journal,openalex,abstract,exclude,TECH,0
W4416566302,10.1016/j.jfutfo.2025.09.027,2025,Exploring the potential of artificial intelligence for restructuring the food packaging,Journal of Future Foods,openalex,abstract,exclude,OUTCOME,0
W4410287806,10.32651/254-55,2025,PROBLEMS OF DIGITAL TRANSFORMATION OF THE ORGANIZATIONAL AND ECONOMIC MECHANISM OF CONTRACTUAL INTEGRATION IN THE SUPPLY CHAIN OF PRODUCTS IN THE AGRO-INDUSTRIAL COMPLEX,Экономика сельского хозяйства России,openalex,abstract,exclude,TYPE,0
W7128592839,10.1016/j.tifs.2026.105612,2026,The application and development of artificial intelligence in functional food research,Trends in Food Science & Technology,openalex,title,exclude,OUTCOME,0
W3171893216,10.35219/eai15840409127,2020,Implications of the Implementation of the Circular Economy in Agriculture and Rural Development in Romania,Annals of Dunarea de Jos University of Galati Fascicle I Economics and Applied Informatics,openalex,abstract,exclude,SETTING,0
W4361286242,10.3390/methane2020009,2023,"Techno-Economic Assessment of On-Site Production of Biomethane, Bioenergy, and Fertilizer from Small-Scale Anaerobic Digestion of Jabuticaba By-Product",Methane,openalex,abstract,include,,1
W4416806686,10.1108/bfj-01-2025-0096,2025,Reducing food loss and waste within cold food supply chains – empirical evidence from developing economies,British Food Journal,openalex,abstract,include,,1
W4406767045,10.3390/admsci15020033,2025,The Impact of Artificial Intelligence on Communication Dynamics and Performance in Organizational Leadership,Administrative Sciences,openalex,verification,exclude,TECH,0
W4405087651,10.32535/ijthap.v7i3.3610,2024,Financial Performance Evaluation of Fast-Food Restaurant,International Journal of Tourism and Hospitality in Asia Pasific,openalex,abstract,exclude,TECH,0
W4313588520,10.3389/fsufs.2022.1087867,2023,Extraction of high-quality grade cellulose and cellulose nanocrystals from different lignocellulosic agri-food wastes,Frontiers in Sustainable Food Systems,openalex,abstract,exclude,OUTCOME,0
W4407642359,10.3390/jsan14010021,2025,"Advanced Digital Solutions for Food Traceability: Enhancing Origin, Quality, and Safety Through NIRS, RFID, Blockchain, and IoT",Journal of Sensor and Actuator Networks,openalex,abstract,exclude,OUTCOME,0
W4393002780,10.3390/recycling9020025,2024,Unlocking the Potential of Agrifood Waste for Sustainable Innovation in Agriculture,Recycling,openalex,abstract,exclude,OUTCOME,0
W3153516162,10.3390/app11083454,2021,Development of Technological Capabilities through the Internet of Things (IoT): Survey of Opportunities and Barriers for IoT Implementation in Portugal’s Agro-Industry,Applied Sciences,openalex,abstract,exclude,OUTCOME,0
W7130406192,10.3929/ethz-c-000790658,2025,"Integrated strategies for enhancing agrifood productivity, lowering greenhouse gas emissions, and improving soil health",Repository for Publications and Research Data (ETH Zurich),openalex,abstract,exclude,SETTING,0
W4410790816,10.22434/ifamr.1269,2025,Digitalisation and sustainability in the Armenian wine sector: challenges and opportunities,The International Food and Agribusiness Management Review,openalex,abstract,exclude,OUTCOME,0
W4411978829,10.3390/microorganisms13071571,2025,Harnessing Waste Bread: From Potential Use in Microbial Growth and Enzyme Production to Techno-Economic Assessment,Microorganisms,openalex,abstract,include,,1
W4383668235,10.3329/sja.v21i1.66340,2023,Sustainable Transformation of Agrifood Systems: A Circular Economic and Agroecological Perspective,SAARC Journal of Agriculture,openalex,abstract,exclude,TYPE,0
W4390523543,10.3390/foods13010150,2024,A Conceptual Model Relationship between Industry 4.0—Food-Agriculture Nexus and Agroecosystem: A Literature Review and Knowledge Gaps,Foods,openalex,abstract,exclude,OUTCOME,0
W4412613280,10.9734/ejnfs/2025/v17i71791,2025,Leveraging Blockchain for Food Safety and Traceability in the Digital Age,European Journal of Nutrition & Food Safety,openalex,abstract,exclude,OUTCOME,0
W4402978436,10.22306/al.v11i3.527,2024,Production and logistics 4.0 in the food industry in the Czech Republic,Acta Logistica,openalex,abstract,exclude,OUTCOME,0
W3211513265,10.3390/su132212627,2021,An Empirical Study on How Livestreaming Can Contribute to the Sustainability of Green Agri-Food Entrepreneurial Firms,Sustainability,openalex,abstract,include,,1
W7162221487,,2026,"Inventory optimization in the food industry: A review of LIFO, FIFO and emerging technologies",Dialnet (Universidad de la Rioja),openalex,indexing,exclude,NOT_SCOPUS_OR_WOS_INDEXED,0
W4416254171,10.1016/j.jafr.2025.102524,2025,Impacts of artificial intelligence on recent developments in modern packaging technology,Journal of Agriculture and Food Research,openalex,abstract,exclude,OUTCOME,0
W4411624902,10.3390/foods14132239,2025,"Comparative Analysis of Cost, Energy Efficiency, and Environmental Impact of Pulsed Electric Fields and Conventional Thermal Treatment with Integrated Heat Recovery for Fruit Juice Pasteurization",Foods,openalex,abstract,include,,1
W4403840657,10.22610/imbr.v16i3s(i)a.4173,2024,Technological Innovation for Sustainable Supply Chain Management in the Food Industry,Information Management and Business Review,openalex,abstract,exclude,TYPE,0
W4306399824,10.1016/j.jenvman.2022.116419,2022,"Techno-economic analysis of single-stage and temperature-phase anaerobic co-digestion of sewage sludge, wine vinasse, and poultry manure",Journal of Environmental Management,openalex,abstract,include,,1
W3096448659,,2016,Research frontiers in Agrifood systems,,openalex,abstract,exclude,SETTING,0
W4415881159,10.37433/aad.v6i4.609,2025,Enabling responsible AI-driven agri-food innovation in Ontario: A framework for analysis of adoption challenges and opportunities,Advancements in Agricultural Development,openalex,abstract,exclude,SETTING,0
W4379472758,10.3390/pr11061720,2023,Machine Learning Algorithms and Fundamentals as Emerging Safety Tools in Preservation of Fruits and Vegetables: A Review,Processes,openalex,abstract,exclude,OUTCOME,0
W3033968703,10.51599/are.2020.06.01.09,2020,Development of organizational culture in the management system of the food industry enterprises,Agricultural and Resource Economics International Scientific E-Journal,openalex,abstract,exclude,TECH,0
W2884834538,10.1016/j.cogsc.2018.07.007,2018,Valorisation strategies for cocoa pod husk and its fractions,Current Opinion in Green and Sustainable Chemistry,openalex,title,exclude,OUTCOME,0
W7162447301,10.5281/zenodo.20350668,2026,OPTIMIZING DIGITAL TRANSFORMATION IN QUICK-SERVICE RESTAURANTS: AN ENHANCED OPERATIONAL PLAN FOR URBAN FAST-FOOD ESTABLISHMENTS,Zenodo (CERN European Organization for Nuclear Research),openalex,abstract,exclude,OUTCOME,0
W4391033529,10.1016/j.jafr.2024.100985,2024,Recent climate-smart innovations in agrifood to enhance producer incomes through sustainable solutions,Journal of Agriculture and Food Research,openalex,abstract,exclude,SETTING,0
W4402083733,10.1016/j.tifs.2024.104697,2024,The multi-objective data-driven approach: A route to drive performance optimization in the food industry,Trends in Food Science & Technology,openalex,abstract,exclude,OUTCOME,0
W3162669911,10.1016/j.foodcont.2021.108246,2021,Improving food allergen management in food manufacturing: An incentive-based approach,Food Control,openalex,title,exclude,TECH,0
W7164761830,10.1016/j.tifs.2026.105880,2026,How food supply chains respond to heterogeneous disruptions: A systematic review of resilience strategies and dynamic capability configurations,Trends in Food Science & Technology,openalex,title,exclude,TECH,0
W4417246977,10.1016/j.fbp.2025.12.011,2025,Uncovering the environmental and economic feasibility of an integral tomato-based biorefinery for obtaining pectin and seed oil,Food and Bioproducts Processing,openalex,abstract,include,,1
W4282918759,10.1016/j.jafr.2022.100326,2022,The role of blockchain for food safety and market efficiency,Journal of Agriculture and Food Research,openalex,abstract,exclude,TYPE,0
W4399371332,10.32317/2221-1055.202402051,2024,Implementation of circular economy principles to promote the development of rural areas,Ekonomika APK,openalex,abstract,exclude,SETTING,0
W4294631579,10.1016/j.ijpe.2022.108630,2022,The mediating role of supply chain quality management for traceability and performance improvement: Evidence among Chinese food firms,International Journal of Production Economics,openalex,abstract,include,,1
W3097352535,10.1016/j.envpol.2020.115985,2020,A review on the valorisation of food waste as a nutrient source and soil amendment,Environmental Pollution,openalex,title,exclude,SETTING,0
W4415264978,10.1002/fsn3.71104,2025,"Aflatoxin Contamination in Agri‐Food Systems: A Comprehensive Review of Toxicity, Food Security, Economic Impacts, and Sustainable Mitigation Across the Value Chain",Food Science & Nutrition,openalex,abstract,exclude,OUTCOME,0
W4323668321,10.3390/su15064821,2023,Selection of Technology Acceptance Model for Adoption of Industry 4.0 Technologies in Agri-Fresh Supply Chain,Sustainability,openalex,abstract,exclude,OUTCOME,0
W4416940563,10.3390/economies13120351,2025,From Challenges to Opportunities: Strengthening Local Agri-Food Markets for Sustainable Rural Development,Economies,openalex,abstract,exclude,TECH,0
W3113455717,10.1016/j.matpr.2020.10.936,2020,A pneumatic robot arm for sorting of objects with chromatic sensor module,Materials Today Proceedings,openalex,title,exclude,SETTING,0
W2490604400,10.21847/1728-9343.2016.3(143).74827,2016,Information support of marketing in the food industry,Skhid,openalex,verification,exclude,OUTCOME,0
W4391692923,10.56726/irjmets48795,2024,CROP MANAGEMENT USING ARTIFICIAL INTELLIGENCE: A LITERATURE SURVEY,International Research Journal of Modernization in Engineering Technology and Science,openalex,abstract,exclude,SETTING,0
W4410460705,10.53067/ije2.v4i3.191,2024,"PKM DIGITAL MARKETING: TRANSFORMATION OF MALSA CHOCOLATE BUSINESS IN MARA FOOD INDUSTRY COMPLEX, MALAYSIA",International Journal of Engagement and Empowerment (IJE2),openalex,abstract,exclude,TECH,0
W2893509073,10.5281/zenodo.10036135,2018,Real-Time Data Collection to Improve Energy Efficiency in Food Manufacturing,Lincoln Repository (University of Lincoln),openalex,indexing,exclude,NOT_SCOPUS_OR_WOS_INDEXED,0
W7201020087,,2026,Empowering women through GIS: Case studies from agri-food systems,CGSPace A Repository of Agricultural Research Outputs (Consultative Group for International Agricultural Research),openalex,abstract,exclude,OFFTOPIC,0
W4400121824,10.52693/jsas.1447066,2024,Demand Forecast Analysis for Bagel Sales in the Food Industry,İstatistik ve Uygulamalı Bilimler Dergisi,openalex,abstract,exclude,OUTCOME,0
W4404859201,10.21275/sr240614173223,2024,Development of Soft Robotics for Manipulating Irregularly Shaped Food Products,International Journal of Science and Research (IJSR),openalex,abstract,exclude,OUTCOME,0
W4409411421,10.30838/ep.199.288-292,2025,INFORMATION AND ANALYTICAL SUPPORT FOR ANTI-CRISIS MANAGEMENT OF FOOD INDUSTRY ENTERPRISES,Economic scope,openalex,abstract,exclude,TYPE,0
W4402773759,10.3390/recycling9050079,2024,Harnessing the Potential of Whey in the Creation of Innovative Food Products: Contributions to the Circular Economy,Recycling,openalex,abstract,exclude,OUTCOME,0
W4411155865,10.56293/ijmsssr.2025.5530,2025,Current and Future Trends in Fast Food Industry Evolution,International Journal of Management Studies and Social Science Research,openalex,abstract,exclude,TYPE,0
W4206515667,10.25140/2411-5363-2020-3(21)-112-119,2020,DESIGN OF THE HANDLING PROCESS AT THE WORKPLACE WITH ABB ROBOT AND MODULAR CONVEYOR,TECHNICAL SCIENCES AND TECHNOLOGIES,openalex,abstract,exclude,OUTCOME,0
W4406300880,10.58812/wsis.v2i12.1521,2024,Analysis of the Impact of Process Automation and Human Resource Management on Production Completion Time and Product Quality in the Fast Food Industry in West Java,West Science Interdisciplinary Studies,openalex,indexing,exclude,NOT_SCOPUS_OR_WOS_INDEXED,0
W2996257828,10.20914/2310-1202-2019-3-364-367,2019,Improving the efficiency of food industry enterprises as a result of the modern IT solutions implementation,Proceedings of the Voronezh State University of Engineering Technologies,openalex,abstract,exclude,TYPE,0
W4403730475,10.3390/app14219727,2024,Computer Vision as a Tool to Support Quality Control and Robotic Handling of Fruit: A Case Study,Applied Sciences,openalex,abstract,exclude,OUTCOME,0
W7203687134,10.1016/j.bej.2026.110373,2026,Process design and techno-economic assessment of microbial oil and carotenoid co-production via food waste upcycling,Biochemical Engineering Journal,openalex,abstract,include,,1
W3088527926,10.3390/robotics9040077,2020,Occupancy Grid and Topological Maps Extraction from Satellite Images for Path Planning in Agricultural Robots,Robotics,openalex,abstract,exclude,SETTING,0
W4407217124,10.1002/cft2.70027,2025,A narrative review of artificial intelligence to optimize the use of fertilizers: A game changing opportunity,Crop Forage & Turfgrass Management,openalex,abstract,exclude,SETTING,0
W4410362388,10.54660/.ijmrge.2022.3.1.1064-1074,2022,Artificial Intelligence in Agricultural Supply Chains: Lessons from the US for Nigeria,International Journal of Multidisciplinary Research and Growth Evaluation,openalex,abstract,exclude,OUTCOME,0
W3043874093,10.1016/j.seppur.2020.117403,2020,Continuous adsorption in food industry: The recovery of sinapic acid from rapeseed meal extract,Separation and Purification Technology,openalex,abstract,include,,1
W7106664874,10.5281/zenodo.17709218,2025,Leveraging Artificial Intelligence to Minimise Food Waste and Enhance Global Food Security,International Journal of Science and Research Archive,openalex,abstract,exclude,OUTCOME,0
W7148743411,10.47703/2789-8253-2026-1-88-103,2026,Digitalization of Agribusiness and its Impact on Productivity and Sustainability: A Systematic Literature Review,Eurasian Journal of Economic and Business Studies,openalex,abstract,exclude,SETTING,0
W4385069035,10.3390/molecules28145536,2023,Co-Fermentation of Agri-Food Residues Using a Co-Culture of Yeasts as a New Bioprocess to Produce 2-Phenylethanol,Molecules,openalex,abstract,exclude,OUTCOME,0
W2805385328,10.3390/jsan7030033,2018,Software Defined Networks in Industrial Automation,Journal of Sensor and Actuator Networks,openalex,abstract,exclude,OUTCOME,0
W7127622360,10.1016/j.ccst.2026.100582,2026,Integration of adsorption-based carbon capture with alkaline wastewater neutralization: Pilot-scale techno-economic and environmental assessment,Carbon Capture Science & Technology,openalex,abstract,include,,1
W7213623910,10.63544/zh5bf906,2026,Data Collection and Analysis Empowered with AI for Robotized Olive Oil Precision Farming,Journal of Engineering and Computational Intelligence Review,openalex,abstract,exclude,SETTING,0
W3164743013,10.37128/2411-4413-2020-4-3,2020,INNOVATIVE DEVELOPMENT OF ENTERPRISES OF THE FOOD INDUSTRY OF UKRAINE,EСONOMY FINANСES MANAGEMENT Topical issues of science and practical activity,openalex,abstract,exclude,OUTCOME,0
W4406114034,10.3390/su17010335,2025,A Review of the Biomass Valorization Hierarchy,Sustainability,openalex,abstract,exclude,OUTCOME,0
W7206213782,10.5281/zenodo.22255977,2026,PENETRATING THE GLOBAL MARKET: EMPOWERING SALAK COMMODITY MSMES THROUGH STRENGTHENING REGULATION AND BUSINESS OPERATIONAL EFFICIENCY,IRPITAGE JOURNAL,openalex,abstract,exclude,OFFTOPIC,0
W4225158350,10.1093/af/vfac020,2022,Automation in the fish industry,Animal Frontiers,openalex,abstract,include,,1
W4408156292,10.15587/1729-4061.2025.322429,2025,Identifying areas for improving management accounting tools in the food industry,Eastern-European Journal of Enterprise Technologies,openalex,abstract,exclude,TYPE,0
W4382318759,10.1093/erae/jbad021,2023,Digital innovations for sustainable and resilient agricultural systems,European Review of Agricultural Economics,openalex,abstract,exclude,SETTING,0
W7204154450,10.1007/s10098-026-03581-x,2026,A collaborative framework for zero waste and circular supply chains solution in the circular economy,Clean Technologies and Environmental Policy,openalex,title,exclude,SETTING,0
W4411768832,10.69930/jsi.v2i3.381,2025,Artificial Intelligence in Food Marketing: Comparing Traditional Advertising Techniques with AI-Driven Strategies,Journal of Scientific Insights,openalex,indexing,exclude,NOT_SCOPUS_OR_WOS_INDEXED,0
W4409378913,10.46666/2025-1.2708-9991.21,2025,Food industry of Kazakhstan: current state and ways to improve the efficiency of enterprises,Problems of AgriMarket,openalex,abstract,exclude,TECH,0
W4408734154,10.1016/j.eti.2025.104165,2025,"Integrated process design, techno-economic and environmental analysis of chokeberry pomace biorefineries: Phenolic compounds extraction with ethanol or energy production?",Environmental Technology & Innovation,openalex,abstract,include,,1
W7127109281,10.1051/matecconf/202541103003/pdf,2025,The implementation of supply chain technology in the agricultural food sector,Springer Link (Chiba Institute of Technology),openalex,abstract,exclude,SETTING,0
W4404624676,10.1016/j.sciaf.2024.e02479,2024,Modeling the circular economy in food production: insights from a dynamic stochastic general equilibrium analysis,Scientific African,openalex,abstract,include,,1
W4416407251,10.3390/agriculture15222390,2025,The Use of Food Industry By-Products in Pig Diets as a Challenge Option to Reduce the Environmental Footprint,Agriculture,openalex,abstract,exclude,SETTING,0
W7138899732,10.3389/fsci.2026.1808328,2026,"Advancing microbial electrochemical technologies for the circular economy, energy resilience, and environmental sustainability",Frontiers in Science,openalex,abstract,exclude,TYPE,0
W4414306921,10.64388/irev9i3-1710658-1422,2025,Artificial Intelligence-Driven Mechatronic System for Energy Efficiency in U.S Manufacturing Industries,Iconic Research and Engineering Journals,openalex,abstract,exclude,SETTING,0
W4402566212,10.1016/j.pursup.2024.100967,2024,The role of blockchain technology in supply chain relationships: Balancing efficiency and relational dynamics,Journal of Purchasing and Supply Management,openalex,abstract,exclude,OUTCOME,0
W4414512297,10.52276/25792822-2025.sp-77,2025,Enhancing Food Loss and Waste Management for Improved Sustainable Agri-Food System: Empirical Study in the Republic of Armenia,AgriScience and Technology,openalex,abstract,exclude,TECH,0
W2997095118,10.1016/j.ifacol.2019.11.203,2019,Machine Learning in Predicting Demand for Fast-Moving Consumer Goods: An Exploratory Research,IFAC-PapersOnLine,openalex,abstract,exclude,OUTCOME,0
W3127781088,10.24263/2225-2916-2019-26-13,2019,The promising materials for the filtration membranes of the food industry,Food Industry,openalex,abstract,exclude,OUTCOME,0
W7216953910,,2025,Development of Circular Resource Flow Systems in Agricultural and Food Sectors,European International Journal of Multidisciplinary Research and Management Studies,openalex,abstract,exclude,TYPE,0
W7119728798,10.1016/j.foohum.2026.101008,2026,Bioactive packaging films derived from food industry by‑products: A systematic review,Food and Humanity,openalex,title,exclude,OUTCOME,0
W3174165552,10.1016/j.wri.2021.100154,2021,Implementation of magnetic bentonite in food industry wastewater treatment for reuse in agricultural irrigation,Water Resources and Industry,openalex,abstract,exclude,OUTCOME,0
W4377096056,10.1108/ejim-10-2022-0563,2023,Business model innovation in the food sector: towards a dimensional framework for analyzing the value proposition of digital platforms for food information services,European Journal of Innovation Management,openalex,abstract,exclude,OFFTOPIC,0
W4408207127,10.24018/ejbmr.2025.10.1.2592,2025,Does Paradoxical Leadership Enhance Organizational Ambidexterity and Organizational Success: A Study in the Food Industry Sector of Egypt?,European Journal of Business Management and Research,openalex,abstract,exclude,TECH,0
W4293741309,10.30430/gjae.2022.0302,2022,Why did Ukraine become a Key Player on the World Agri-Food Markets? An Enterprise-Level Perspective,German Journal of Agricultural Economics,openalex,abstract,exclude,SETTING,0
W4403620477,10.3390/forecast6040046,2024,Transforming Agricultural Productivity with AI-Driven Forecasting: Innovations in Food Security and Supply Chain Optimization,Forecasting,openalex,abstract,exclude,OUTCOME,0
W7133195603,10.1007/s43621-026-02909-3,2026,"Economic, cultural and institutional dynamics in transitioning Africa’s agri-food system toward sustainable regional food and nutrition security",Discover Sustainability,openalex,abstract,exclude,TECH,0
W7125523147,10.12688/f1000research.165434.2,2026,"Sustainability in the Food Industry: Trends, Thematic Axes, and Emerging Topics from a Bibliometric Analysis",F1000Research,openalex,abstract,exclude,OUTCOME,0
W4416421866,10.1016/j.wasman.2025.115253,2025,Sustainable valorisation of postharvest waste for disease control and quality preservation in fruits and vegetables,Waste Management,openalex,title,exclude,OUTCOME,0
W3107956853,10.1016/j.foodcont.2020.107784,2020,"Effect of high pressure processing, allyl isothiocyanate, and acetic acid stresses on Salmonella survivals, storage, and appearance color in raw ground chicken meat",Food Control,openalex,title,exclude,OUTCOME,0
W4392255207,10.18196/jrc.v4i6.19102,2023,Visual Servo Kinematic Control of Delta Robot using YOLOv5 Algorithm,Journal of Robotics and Control (JRC),openalex,abstract,exclude,OUTCOME,0
W4412423179,10.1016/j.compchemeng.2025.109269,2025,Integrated decision-making approach for the simultaneous design of food packaging and waste management technologies to achieve a Circular Economy,Computers & Chemical Engineering,openalex,abstract,include,,1
W7218249590,,2025,Monetization of ecosystem services for agrifood production systems,Indian Farming,openalex,abstract,exclude,OFFTOPIC,0
W7216953245,,2025,ANALYZING THE RESEARCH ON HOW THE ORGANIC FOOD SECTOR HAS INTEGRATED AI INTO ITS PRODUCT DEVELOPMENT PROCESSES,International Journal of Innovation Studies,openalex,abstract,exclude,OUTCOME,0
W4401613082,10.32996/jbms.2024.6.4.17,2024,Integrating Artificial Intelligence and Predictive Analytics in Supply Chain Management to Minimize Carbon Footprint and Enhance Business Growth in the USA,Journal of Business and Management Studies,openalex,abstract,exclude,SETTING,0
W4393433659,10.36349/easjebm.2024.v07i03.006,2024,"Beyond Reuse, Reinvent: Circular Innovations Reshaping Musandam's Food Sector",East African Scholars Journal of Economics Business and Management,openalex,abstract,exclude,OUTCOME,0
W4413286425,10.35679/2226-0226-2025-15-5-627-637,2025,ISSUES OF ANALYSIS AND OPTIMIZATION OF BUSINESS PROCESSES AT THE FOOD INDUSTRY ENTERPRISE OF JSC DENEB,Scientific Review Theory and Practice,openalex,abstract,exclude,OUTCOME,0
W3157315647,10.1016/j.biombioe.2021.106079,2021,Integrated biorefinery process for olive pomace valorisation,Biomass and Bioenergy,openalex,title,exclude,OUTCOME,0
W7152101645,10.32996/bjes.2025.5.3.2,2025,"Sustainable Industrial Water Management: Integrating Stormwater Reuse, Circular Economy, and Resource Recovery",British Journal of Environmental Studies,openalex,abstract,exclude,SETTING,0
W2984551529,10.1016/j.watres.2019.115275,2019,Hybrid life cycle assessment of agro-industrial wastewater valorisation,Water Research,openalex,title,exclude,OUTCOME,0
W4413003349,10.37637/ab.v8i2.2078,2025,Development of Indonesian Organic Agrifood: Certification Process and Issues,Agro Bali Agricultural Journal,openalex,abstract,exclude,SETTING,0
W7213966298,10.59324/stss.2026.3(9).13,2026,Biotechnological Innovations in Food Technology: From Precision Fermentation to Sustainable Food Manufacturing,"Scientia. Technology, science and society.",openalex,abstract,exclude,OUTCOME,0
W4399022632,10.31893/multirev.2023ss079,2024,Exploring robotic devices and self-governing mechanisms in food and beverage management: A comprehensive review,Multidisciplinary Reviews,openalex,abstract,exclude,OUTCOME,0
W7160278195,10.1016/j.tifs.2026.105786,2026,Digitalisation of food value chains in developing countries: Systemic barriers and a digital-maturity-stratified strategy for integrated and inclusive adoption,Trends in Food Science & Technology,openalex,title,exclude,OUTCOME,0
W3135867608,10.35940/ijeat.c2253.0210321,2021,Predicting the Demand for Fmcg using Machine Learning,International Journal of Engineering and Advanced Technology,openalex,abstract,exclude,OUTCOME,0
W4409551196,10.70970/eta59d93,2025,A model for enhancing franchisee effectiveness in the fast food industry,Journal of Financial and Management Sciences,openalex,abstract,exclude,TECH,0
W7112737985,,2025,Integrating forecasting and inventory decisions using machine learning,Lirias,openalex,indexing,exclude,NOT_SCOPUS_OR_WOS_INDEXED,0
W7154593733,10.3390/su18083975,2026,Sustainable Inventory Management for Perishable Dairy Products: A Circular-Economy Approach Integrating Environmental Costs,Sustainability,openalex,abstract,include,,1
W4387957137,10.24263/2225-2924-2023-29-4-8,2023,"The usage of outsourcing at food industry enterprises: theory, practice, features",Scientific Works of National University of Food Technologies,openalex,abstract,exclude,TECH,0
W7217390401,,2025,Operational efficiency and waste in halal manufacturing: insights from case studies of Malaysian MSMEs,Journal of Islamic Social Economics and Development,openalex,abstract,exclude,TECH,0
W3014400210,10.20546/ijcmas.2020.903.013,2020,Machine Vision Techniques Used in Agriculture and Food Industry: A Review,International Journal of Current Microbiology and Applied Sciences,openalex,abstract,exclude,OUTCOME,0
W7203500330,10.3389/fagro.2026.1892552,2026,Closing the phosphorus loop: circular economy approaches for phosphorus recovery from agricultural wastes in India,Frontiers in Agronomy,openalex,abstract,exclude,OUTCOME,0
W7162762659,10.5281/zenodo.20279566,2026,CUSTOMER RETENTION STRATEGIES AND BUSINESS PERFORMANCE IN THE NIGERIAN FAST FOOD INDUSTRY,Zenodo (CERN European Organization for Nuclear Research),openalex,abstract,exclude,TECH,0
W7131628686,10.3389/fanim.2026.1765104,2026,Drawing a circle for the livestock and agrifood sector: fundamentals to a sustainable supply chain,Frontiers in Animal Science,openalex,abstract,exclude,SETTING,0
W4417526430,10.1093/af/vfaf054,2025,Artificial intelligence for animal science: from applications to integrated knowledge systems,Animal Frontiers,openalex,abstract,exclude,SETTING,0
W7123911431,10.9734/jsrr/2026/v32i13880,2026,Strengthening Socio-Ecological Resilience of Tribal Farm Women through Capacity Building in Agri-Food Innovations,Journal of Scientific Research and Reports,openalex,abstract,exclude,SETTING,0
W4200126220,10.1108/er-03-2021-0111,2021,Recent trends in labor productivity,Employee Relations,openalex,abstract,exclude,SETTING,0
W2206972814,10.1016/j.indcrop.2015.10.052,2015,Valorisation of local agro-industrial processing waters as growth media for polyhydroxyalkanoates (PHA) production,Industrial Crops and Products,openalex,title,exclude,OUTCOME,0
W4392672526,10.30574/wjarr.2024.21.3.0719,2024,Concept paper: Innovative approaches to food quality control: AI and machine learning for predictive analysis,World Journal of Advanced Research and Reviews,openalex,abstract,exclude,TYPE,0
W7218187509,,2026,Machine Learning Based Raw Material Quality Prediction,International Journal of Engineering Research and Science & Technology,openalex,abstract,exclude,OUTCOME,0
W4388623830,10.1108/ejim-04-2023-0302,2023,Linking innovation and firm performance in an emerging market: does supply chain play a mediation role?,European Journal of Innovation Management,openalex,abstract,include,,1
W4409849378,10.47772/ijriss.2025.90400053,2025,Assessing Inventory Strategies on Business Performance among Food Manufacturing Enterprises,International Journal of Research and Innovation in Social Science,openalex,abstract,exclude,TECH,0
W3111593252,10.1038/s41598-020-78430-y,2020,From cheese whey permeate to Sakacin-A/bacterial cellulose nanocrystal conjugates for antimicrobial food packaging applications: a circular economy case study,Scientific Reports,openalex,abstract,include,,1
W4400619959,10.1016/j.jenvman.2024.121796,2024,Towards a circular economy - Repurposing side streams from the potato processing industry by Chlorella vulgaris,Journal of Environmental Management,openalex,abstract,exclude,OUTCOME,0
W4413006026,10.32983/2222-4459-2025-5-276-285,2025,Agrifood Market of Ukraine and Exports of Agriproducts by Type of Transport,Business Inform,openalex,abstract,exclude,TECH,0
W4402022429,10.1016/j.foohum.2024.100378,2024,"Computer vision in the food industry: Accurate, real-time, and automatic food recognition with pretrained MobileNetV2",Food and Humanity,openalex,title,exclude,OUTCOME,0
W4400533630,10.3390/polym16141981,2024,Extraction and Depolymerization of Lignin from Different Agricultural and Forestry Wastes to Obtain Building Blocks in a Circular Economy Framework,Polymers,openalex,abstract,exclude,OUTCOME,0
W4405956834,10.30591/jpit.v9i3.5897,2024,Sistem Monitoring Pertumbuhan Tanaman Sawi Menggunakan Artificial Intelligence Pada Aquaponik,Jurnal Informatika Jurnal Pengembangan IT,openalex,abstract,exclude,SETTING,0
W7212387550,10.5281/zenodo.22721155,2026,DEVELOPMENT FACTORS AND CONTEMPORARY TRENDS OF THE FOOD INDUSTRY IN UZBEKISTAN: AN ECONOMIC AND STATISTICAL ANALYSIS,Zenodo (CERN European Organization for Nuclear Research),openalex,abstract,exclude,TECH,0
W4311058632,10.1002/fsat.3604_13.x,2022,Boosting productivity with tech,Food Science and Technology,openalex,abstract,exclude,TYPE,0
W4402293678,10.1016/j.biortech.2024.131447,2024,Waste from the food industry: Innovations in biorefineries for sustainable use of resources and generation of value,Bioresource Technology,openalex,abstract,exclude,OUTCOME,0
W7211998620,10.3389/fsufs.2026.1904938,2026,Radical epistemic change in periurban agrifood systems of the Global South,Frontiers in Sustainable Food Systems,openalex,abstract,exclude,TYPE,0
W4311211721,10.1111/jfpe.14227,2022,An artificial intelligence approach for modeling nachos developed from bhimkol banana (Musa balbisiana) blossom,Journal of Food Process Engineering,openalex,abstract,exclude,OUTCOME,0
W7214980516,10.22037/afb.v13i1.52052,2026,Use of Biotechnology in Food Industry: From Production to Food Quality Improvement,Applied food biotechnology,openalex,abstract,exclude,OUTCOME,0
W2935761878,,2018,An evaluation of the impact of strategic information systems on the competitiveness of the food manufacturing industry in Zimbabwe,University of Zimbabwe Institutional Repository (University of Zimbabwe),openalex,indexing,exclude,NOT_SCOPUS_OR_WOS_INDEXED,0
W7140103510,10.1016/j.crfs.2026.101389,2026,Quality-aware robotic frying of fragile sheet intermediates using a dual-slot gripper,Current Research in Food Science,openalex,abstract,include,,1
W4291910451,10.1109/access.2022.3199021,2022,Prediction of Pakistani Honey Authenticity Through Machine Learning,IEEE Access,openalex,abstract,exclude,OUTCOME,0
W3179723251,10.1016/j.cej.2021.131082,2021,Redox-mediated electrochemical desalination for waste valorization in dairy production,Chemical Engineering Journal,openalex,title,exclude,OUTCOME,0
W3132572723,10.31871/ijntr.6.12.27,2021,A Framework for Performance Monitoring in Agrifood Supply Chains via IoT Sensors,International Journal of New Technology and Research,openalex,abstract,exclude,TYPE,0
W7168181531,10.9734/ajaar/2026/v26i7739,2026,"Transforming Agriculture through AI, IoT, and Blockchain: Opportunities and Barriers in the Shift to Agriculture 4.0",Asian Journal of Advances in Agricultural Research,openalex,abstract,exclude,SETTING,0
W4409578755,10.1016/j.jrurstud.2025.103682,2025,"Internationalization, innovation, and resilience: Financial performance of agricultural cooperatives in southeastern Spain's rural economy",Journal of Rural Studies,openalex,abstract,exclude,TECH,0
W4392381006,10.1016/j.asoc.2024.111447,2024,"An enhanced decision making model for industrial robotic selection using three factors: Positive, abstained, and negative grades of membership",Applied Soft Computing,openalex,title,exclude,SETTING,0
W7160642706,10.1016/j.jenvman.2026.129763,2026,Nano-enabled remediation technologies for water and agrifood sustainability: A critical review,Journal of Environmental Management,openalex,title,exclude,SETTING,0
W4392546875,10.32996/jbms.2024.6.2.4,2024,Using Machine Learning Techniques to Forecast Mehram Company's Sales: A Case Study,Journal of Business and Management Studies,openalex,abstract,exclude,OUTCOME,0
W3199402182,10.1093/jimb/kuab056,2021,Microbial valorization of underutilized and nonconventional waste streams,Journal of Industrial Microbiology & Biotechnology,openalex,abstract,exclude,OUTCOME,0
W4413797098,10.55248/gengpi.6.0825.3090,2025,Leveraging Agricultural Credit and Digital Finance for Enhancing Smallholder Productivity and Rural Economic Growth,International Journal of Research Publication and Reviews,openalex,abstract,exclude,SETTING,0
W3160084526,10.1016/j.indcrop.2021.113578,2021,Valorisation of grape stalks and pomace for the production of bio-based succinic acid by Actinobacillus succinogenes,Industrial Crops and Products,openalex,title,exclude,OUTCOME,0
W4402215338,10.1016/j.jafr.2024.101372,2024,Real-time Sorting of Broiler Chicken Meat with Robotic arm: XAI-enhanced Deep Learning and LIME Framework for Freshness Detection,Journal of Agriculture and Food Research,openalex,abstract,exclude,OUTCOME,0
W4399462947,10.1049/cim2.12109,2024,An orchestrated IoT‐based blockchain system to foster innovation in agritech,IET Collaborative Intelligent Manufacturing,openalex,abstract,exclude,SETTING,0
W4389336817,10.22213/2410-9304-2023-1-71-78,2023,Development of Software and Tools to Optimize a Manufacturing Enterprise Logistics in Food Industry,Intellekt Sist Proizv,openalex,abstract,exclude,OUTCOME,0
W4409044753,10.21511/ppm.23(1).2025.57,2025,Factors constituting effective communication: An empirical study of the food industry in Greece,Problems and Perspectives in Management,openalex,abstract,exclude,TECH,0
W4389506863,10.36948/ijfmr.2023.v05i06.10071,2023,Significance of Biotechnology in Promoting Energy and Food Industries: Exploring the Potential of Bio-based Products,International Journal For Multidisciplinary Research,openalex,abstract,exclude,OUTCOME,0
W7163873402,10.1016/j.tifs.2026.105871,2026,Engineering Trichoderma reesei into a programmable eukaryotic chassis for efficient production of raw materials in the food industry,Trends in Food Science & Technology,openalex,title,exclude,OUTCOME,0
W4254316294,10.1002/fsat.3204_16.x,2018,Productivity framework,Food Science and Technology,openalex,abstract,exclude,OFFTOPIC,0
W3110772734,10.3390/md18120622,2020,"Fishery Wastes as a Yet Undiscovered Treasure from the Sea: Biomolecules Sources, Extraction Methods and Valorization",Marine Drugs,openalex,abstract,exclude,OUTCOME,0
W4409145685,10.22213/2413-1172-2025-1-46-58,2025,Optimization of Robotic Beverage Bottling Lines Based on Mathematical Modeling and Process Efficiency Analysis,Vestnik IzhGTU imeni M T Kalashnikova,openalex,indexing,exclude,NOT_SCOPUS_OR_WOS_INDEXED,0
W2968835540,10.1016/j.jclepro.2019.118021,2019,Food quality traceability prototype for restaurants using blockchain and food quality data index,Journal of Cleaner Production,openalex,title,exclude,OUTCOME,0
W4416936076,10.3389/fsufs.2025.1672125,2025,How does digital economy affect food system resilience? A quasi-natural experiment on China’s smart city pilot policy using double machine learning,Frontiers in Sustainable Food Systems,openalex,abstract,exclude,OUTCOME,0
W2978736679,10.1016/j.jbiotec.2019.09.017,2019,Optimization of lactic acid production using immobilized Lactobacillus Rhamnosus and carob pod waste from the Lebanese food industry,Journal of Biotechnology,openalex,title,exclude,OUTCOME,0
W4415752625,10.1016/j.rineng.2025.108003,2025,Pig bone-derived biochar from food industry waste for heavy metal remediation: Sustainable consumption and production,Results in Engineering,openalex,abstract,include,,1
W7146947658,10.3389/fsufs.2026.1758947,2026,Generative AI-enabled adaptive material reintegration framework for proactive circular economy waste reclamation in food industrial ecosystems,Frontiers in Sustainable Food Systems,openalex,abstract,include,,1
W4386687084,10.54254/2754-1169/11/20230547,2023,Research on the Risk and Profitability of McDonald’s,Advances in Economics Management and Political Sciences,openalex,abstract,exclude,TECH,0
W4382762854,10.36548/jtcsst.2023.1.005,2023,DEAGRICHAIN Blockchain-based solution for agriculture,Journal of Trends in Computer Science and Smart Technology,openalex,abstract,exclude,OUTCOME,0
W7165786562,10.1007/s11301-026-00617-w,2026,Harnessing digital technologies for sustainable transformation in the wine industry,Management Review Quarterly,openalex,abstract,exclude,OUTCOME,0
W4413975500,10.46783/smart-scm/2025-32-2,2025,Information and Procedural Support for Sales Management in the Segment of Profitable Organic Product Brands,Electronic Scientific Journal Intellectualization of Logistics and Supply Chain Management #1 2020,openalex,indexing,exclude,NOT_SCOPUS_OR_WOS_INDEXED,0
W2959928210,10.1016/j.biombioe.2019.105294,2019,Valorization of agro-starchy wastes as substrates for oleaginous microbes,Biomass and Bioenergy,openalex,title,exclude,OUTCOME,0
W4391975574,10.12681/ta.36748,2023,Food industry biowaste as substrate for biosolvents production focusing on lactic acid and ethyl lactate,Technical Annals,openalex,abstract,exclude,OUTCOME,0
W1968088213,10.1016/j.fbp.2015.03.006,2015,Valorization of Nixtamalization wastewaters (Nejayote) by integrated membrane process,Food and Bioproducts Processing,openalex,title,exclude,OUTCOME,0
W4410793374,10.70764/gdpu-jbc.2025.1(1)-03,2025,The Role of Blockchain Technology in Addressing Business Fraud,Journal of Business Crime,openalex,indexing,exclude,NOT_SCOPUS_OR_WOS_INDEXED,0
W7170509114,10.1108/jadee-09-2024-0285,2026,The twin transition in agribusiness: a co-occurrence-driven literature review of digital sustainability,Journal of Agribusiness in Developing and Emerging Economies,openalex,abstract,exclude,OUTCOME,0
W4378894806,10.1016/j.egyr.2023.05.175,2023,"Profitability of the agricultural biogas plants operation in Poland, depending on the substrate use model",Energy Reports,openalex,abstract,include,,1
W7160135935,10.1016/j.jclepro.2026.148328,2026,Energy-efficient drying via an advanced conveyor-based tumbling cold plasma system: Enhancing process efficiency and industrial sustainability,Journal of Cleaner Production,openalex,abstract,include,,1
W7171529634,10.1108/ijlss-09-2025-0260,2026,"The role of lean, Six Sigma, and lean Six Sigma in driving sustainability through a circular economy framework in agribusiness: a systematic literature review",International Journal of Lean Six Sigma,openalex,abstract,exclude,TECH,0
W4413942231,10.32317/ekon.apk/1.2025.47,2024,Marketing monitoring as a tool for assessing the competitiveness of food industry enterprises in the agro-industrial complex,Ekonomika APK,openalex,abstract,exclude,SETTING,0
W4411406387,10.1016/j.wasman.2025.114948,2025,"Advancing the valorisation of meat co-products in food, pet food, and biomedicine applications",Waste Management,openalex,abstract,exclude,OUTCOME,0
W4411527073,10.1016/j.sftr.2025.100898,2025,An analytical approach to blockchain technology influence on sustainable supply chain,Sustainable Futures,openalex,abstract,exclude,OUTCOME,0
W7218219068,,2021,Distributed Food Ordering System Using Python with Django And Machine Learning,International Journal of Research & Technology,openalex,abstract,exclude,TYPE,0
W4413336173,10.29136/mediterranean.1622702,2025,Development and evaluation of machine learning models for predicting chicken meat production,Mediterranean Agricultural Sciences,openalex,abstract,exclude,SETTING,0
W7202278451,10.1108/tqm-04-2026-0205,2026,Cost of quality management in the agrifood sector: a systematic review of indicators and implementation outcomes,The TQM Journal,openalex,abstract,exclude,TECH,0
W4412111234,10.9734/ajeba/2025/v25i71874,2025,Evaluating the Acceptance of iProSES: A Web Based Inventory System for Food Sector MSMEs Using the Technology Acceptance Model (TAM),Asian Journal of Economics Business and Accounting,openalex,abstract,exclude,OUTCOME,0
W3179019800,10.1016/j.chemosphere.2021.131477,2021,Valorisation of biomass and diaper waste into a sustainable production of the medical mushroom Lingzhi Ganoderma lucidum,Chemosphere,openalex,abstract,exclude,OUTCOME,0
W7131258919,10.3390/su18052163,2026,A Macroeconomic and Technological Perspective on the Sustainable Valorization of Plant-Based Waste Streams in European States,Sustainability,openalex,abstract,exclude,OUTCOME,0
W4393934784,10.47604/ijsmp.2455,2024,The Influence of Social Media Marketing on Brand Equity: Evidence from the Fast-Food Industry in Brazil,International Journal of Strategic Marketing Practice,openalex,abstract,exclude,OFFTOPIC,0
W4312648081,10.1109/access.2022.3227712,2022,A Two-Stage Feature Selection Approach for Fruit Recognition Using Camera Images With Various Machine Learning Classifiers,IEEE Access,openalex,abstract,exclude,OUTCOME,0
W4412688803,10.1007/s11274-025-04494-5,2025,AI-enhanced bioprocess technologies: machine learning implementations from upstream to downstream operations,World Journal of Microbiology and Biotechnology,openalex,title,exclude,SETTING,0
W7172355697,10.1111/joes.70144,2026,Drivers and Barriers to Innovation Adoption in the EU Agro‐Food Sector: A Structured Literature Review of Firms and Farms,Journal of Economic Surveys,openalex,abstract,exclude,OUTCOME,0
W4312466702,10.20545/isctj.v08.i09.01,2022,Blockchain Technology to Ensure Traceability of Agriculture Supply Chain Management,International Supply Chain Technology Journal,openalex,abstract,exclude,TYPE,0
W4416816181,10.28991/esj-2025-09-05-011,2025,"Integrated AI, IoT, and Blockchain for Enhancing Security and Traceability in Perishable Logistics",Emerging Science Journal,openalex,abstract,exclude,OUTCOME,0
W3171272182,10.5281/zenodo.18617829,2021,Agroblock-Blockchain Based Solution for Agriculture,Zenodo (CERN European Organization for Nuclear Research),openalex,abstract,exclude,TYPE,0
W7172482491,10.21511/ee.17(3).2026.06,2026,"Digitalization, green transformation, and agricultural productivity in transition economies: Panel evidence with illustrative insights for Moldova and Armenia",Environmental Economics,openalex,abstract,exclude,SETTING,0
W4387335746,10.3389/fenrg.2023.1129311,2023,Automated method based on a neural network model for searching energy-efficient complex movement trajectories of industrial robot in a differentiated technological process,Frontiers in Energy Research,openalex,abstract,include,,1
W7116851361,10.1108/bfj-08-2025-1013,2025,"How digital solutions are transforming food traceability: a systematic literature review of managerial perspectives, advantages and challenges",British Food Journal,openalex,abstract,exclude,OUTCOME,0
W4388007732,10.7735/ksmte.2023.32.5.297,2023,Study on the Process Establishment Using FOM-BI and CPS for a Small and Medium-sized Food Manufacturing Company,Journal of the korean society of manufacturing technology engineers,openalex,abstract,exclude,OUTCOME,0
W7171361893,10.3390/foods15152635,2026,The ESG-FLW Index: A Multidimensional Composite Index for Comparing Food Loss and Waste Valorisation Pathways,Foods,openalex,abstract,exclude,TECH,0
W4377886635,10.5281/zenodo.7965563,2023,CONNECTING FARMERS WITH WHOLESALERS: A REVIEW OF A WEBSITE FOR IMPROVING AGRICULTURAL PROFITABILITY,Zenodo (CERN European Organization for Nuclear Research),openalex,abstract,exclude,OUTCOME,0
W2888374263,10.1079/pavsnnr201813021,2018,Digital revolution and Big Data: a new revolution in agriculture.,CABI Reviews,openalex,abstract,exclude,SETTING,0
W4415267829,10.1108/bfj-04-2025-0537,2025,Design and implementation of a blockchain-enabled financial cost accounting framework for food supply and sourcing systems,British Food Journal,openalex,abstract,include,,1
W2974914322,10.22214/ijraset.2019.5327,2019,A Meta-Analysis on Blockchain Technology and Bitcoins,International Journal for Research in Applied Science and Engineering Technology,openalex,abstract,exclude,OFFTOPIC,0
W4389611510,10.56726/irjmets47131,2023,COFFEE SUPPLY MANAGEMENT SYSTEM USING BLOCKCHAIN TECHNOLOGY,International Research Journal of Modernization in Engineering Technology and Science,openalex,abstract,exclude,OUTCOME,0
W4411004355,10.55248/gengpi.6.0525.1901,2025,"Review of Tech-Driven Transitions in African Agrifood Systems, Innovations, Impacts, and Pathways to Sustainability",International Journal of Research Publication and Reviews,openalex,abstract,exclude,OUTCOME,0
W7167103261,10.52951/dasj.26180112,2026,Empirical Analysis of Post-Harvest Losses in Leafy Vegetables for Sustainable Livelihoods in Southwest Nigeria's Agrifood System,Diyala Agricultural Sciences Journal,openalex,abstract,exclude,TECH,0
W4414067826,10.54660/ijmfd.2022.3.1.43-53,2022,The Role of Digital Monitoring Systems in Improving Food Quality and Safety,International Journal of Multidisciplinary Futuristic Development,openalex,abstract,exclude,OUTCOME,0
W4413998587,10.3389/fnut.2025.1660245,2025,The case for computational and artificial intelligence-based approaches for sustainable functional food systems for sub-Saharan Africa,Frontiers in Nutrition,openalex,abstract,exclude,TYPE,0
W4365511560,10.1016/j.tifs.2023.04.008,2023,Recent advances in valorization of pineapple (Ananas comosus) processing waste and by-products: A step towards circular bioeconomy,Trends in Food Science & Technology,openalex,title,exclude,OUTCOME,0
W2914444828,10.4172/2165-7866.1000248,2018,Value Creation through Blockchain Technology in Supply Chain Management,Journal of Information Technology & Software Engineering,openalex,abstract,exclude,TYPE,0
W4406837805,10.11591/ijeecs.v38.i1.pp333-343,2025,Machine learning-based classification of corn seed viability using electrical impedance spectroscopy,Indonesian Journal of Electrical Engineering and Computer Science,openalex,abstract,exclude,SETTING,0
W4403161596,10.35679/2226-0226-2024-14-4-628-638,2024,RESEARCH AND INTEGRATION OF AUTOMATION OF CONFECTIONERY EQUIPMENT,Scientific Review Theory and Practice,openalex,abstract,exclude,OUTCOME,0
W4412917362,10.52710/cfs.721,2024,AI and Blockchain in Critical Food Supply Infrastructure: Cybersecurity Threats and Solutions,Computer Fraud & Security,openalex,indexing,exclude,NOT_SCOPUS_OR_WOS_INDEXED,0
W4409645047,10.63544/ijss.v3i3.90,2024,The Gig Economy and Automation: Implications for Human Resource Management in Pakistan,Inverge Journal of Social Sciences,openalex,abstract,exclude,OFFTOPIC,0
W4319332275,10.5281/zenodo.7616158,2023,A Review of Avocado Waste Valorization and Integrated Biorefinery System,Zenodo (CERN European Organization for Nuclear Research),openalex,abstract,exclude,OUTCOME,0
W4397009164,10.3390/recycling9030040,2024,Valorizing Fruit and Vegetable Waste: The Untapped Potential for Entrepreneurship in Sub-Saharan Africa—A Systematic Review,Recycling,openalex,abstract,exclude,OUTCOME,0
W4392799728,10.3389/fsufs.2024.1367362,2024,Consumers’ purchase propensity for pasta tracked with blockchain technology and labelled with sustainable credence attributes,Frontiers in Sustainable Food Systems,openalex,abstract,include,,1
W2593328082,10.1016/j.biortech.2017.03.056,2017,Valorization of carob waste: Definition of a second-generation bioethanol production process,Bioresource Technology,openalex,title,exclude,OUTCOME,0
W2972854211,10.1007/s13197-019-04083-z,2019,Post-harvest processing and valorization of Kinnow mandarin (Citrus reticulate L.): A review,Journal of Food Science and Technology,openalex,title,exclude,OUTCOME,0
W4417459097,10.9734/sajsse/2025/v22i121223,2025,Analysis of Toll Road Development on MSME Growth and Regional Economic Performance in Tebing Tinggi City,South Asian Journal of Social Studies and Economics,openalex,abstract,exclude,TECH,0
W4411198554,10.1016/j.engappai.2025.111227,2025,Enhanced process monitoring using machine learning-based control charts for poisson-distributed data,Engineering Applications of Artificial Intelligence,openalex,title,exclude,SETTING,0
W7162070661,10.1177/23939575261446645,2026,Environmental Strategy and Economic Performance: A Longitudinal Analysis of Sustainable Business Practices in Colombian Small Firms,Journal of Entrepreneurship and Innovation in Emerging Economies,openalex,abstract,exclude,TECH,0
W7215612829,,2025,"Blockchain-Enabled Supply Chain Management: Architectures, Security, Traceability, And Intelligent Integration Across Global Industrial Ecosystems",Ethiopian International Journal of Multidisciplinary Research,openalex,abstract,exclude,TYPE,0
W4411987134,10.1016/j.techfore.2025.124262,2025,Achieving sustainable carbon-neutral supply chain: A perspective of integrating blockchain technology,Technological Forecasting and Social Change,openalex,abstract,include,,1
W4409424286,10.1016/j.egg.2025.100349,2025,Machine learning-based transcriptome mining to discover key genes for density stress in sweet corn,Ecological Genetics and Genomics,openalex,title,exclude,SETTING,0
W4412372249,10.22495/cgsrv9i3p5,2025,Blockchain strategy for transparent and sustainable agricultural governance: A PRISMA-guided context analysis,Corporate Governance and Sustainability Review,openalex,abstract,exclude,OUTCOME,0
W4402700633,10.1016/j.cie.2024.110586,2024,Using blockchain technology to achieve sustainability in the hospitality industry by reducing food waste,Computers & Industrial Engineering,openalex,abstract,exclude,OUTCOME,0
W4210672007,10.31585/jbba-5-1-(3)2022,2022,"Blockchain Adoption Factors, Enablers, and Barriers in Fisheries Supply Chain: Preliminary Findings from a Systematic Literature Review",The Journal of British Blockchain Association,openalex,abstract,exclude,OUTCOME,0
W4225845188,10.1109/tem.2022.3154841,2022,Agriculture Digitalization: A Global Examination Based on Bibliometric Analysis,IEEE Transactions on Engineering Management,openalex,abstract,exclude,SETTING,0
W4377943307,10.47836/pjst.31.4.01,2023,Optimization of Sugarcane Bagasse Conversion Technologies Using Process Network Synthesis Coupled with Machine Learning,Pertanika journal of science & technology,openalex,abstract,exclude,OUTCOME,0
W4323567552,10.3389/fsufs.2022.1013701,2023,Using machine learning to evaluate 1.2 million studies on small-scale farming and post-production food systems in low- and middle-income countries,Frontiers in Sustainable Food Systems,openalex,abstract,exclude,OFFTOPIC,0
W4412366976,10.54117/ijet.v1i2.19,2025,"Integrating Data Simulation, Machine Learning, and Mathematical Modeling for Predicting Critical Operational Parameters and Evaluating Overall Equipment Effectiveness in Food Production",IPS Journal of Engineering and Technology,openalex,indexing,exclude,NOT_SCOPUS_OR_WOS_INDEXED,0
W4399652014,10.52340/eab.2024.16.01.03,2024,From Traditional Agriculture to Industrial (Digital) Agriculture,Economics and Business,openalex,abstract,exclude,SETTING,0
W4390177011,10.11591/ijai.v13.i1.pp1139-1148,2023,Efficient plant leaf detection through machine learning approach based on corn leaf image classification,IAES International Journal of Artificial Intelligence,openalex,abstract,exclude,SETTING,0
W4384205975,10.3389/fpls.2023.1199436,2023,Sustainable valorization of co-products from asparagus cultivation by obtaining bioactive compounds,Frontiers in Plant Science,openalex,abstract,exclude,OUTCOME,0
W4363652190,10.1016/j.scitotenv.2023.163311,2023,Converting food waste into soil amendments for improving soil sustainability and crop productivity: A review,The Science of The Total Environment,openalex,title,exclude,SETTING,0
W7148540364,10.5935/jetia.v12i58.3107,2026,Automation of the food deep-freezing process using a PLC-controlled freezing tunnel,ITEGAM- Journal of Engineering and Technology for Industrial Applications (ITEGAM-JETIA),openalex,abstract,exclude,OUTCOME,0
W4416287652,10.1016/j.supflu.2025.106803,2025,Valorisation of tomato peel waste for lycopene encapsulation: Optimization and comparison of two green techniques,The Journal of Supercritical Fluids,openalex,abstract,exclude,OUTCOME,0
W4397291996,10.1016/j.saa.2024.124480,2024,Geographical origin identification of Khao Dawk Mali 105 rice using combination of FT-NIR spectroscopy and machine learning algorithms,Spectrochimica Acta Part A Molecular and Biomolecular Spectroscopy,openalex,title,exclude,OUTCOME,0
W4398193088,10.1016/j.jenvman.2024.121210,2024,Environmental prospective of valorizing corn processing effluent to produce ferulic acid grafted chitosan polymer,Journal of Environmental Management,openalex,abstract,include,,1
W4412092594,10.1021/acssuschemeng.5c03425,2025,Architecture Design of Nanofiltration-Based Redox Electrodialysis for Whey Protein Valorization,ACS Sustainable Chemistry & Engineering,openalex,abstract,include,,1
W4376119975,10.1016/j.iot.2023.100786,2023,An interval multi-criteria decision-making model for evaluating blockchain-IoT technology in supply chain networks,Internet of Things,openalex,title,exclude,SETTING,0
W2905245590,10.1186/s12896-018-0487-1,2018,Simultaneous enzymatic saccharification and comminution for the valorization of lignocellulosic biomass toward natural products,BMC Biotechnology,openalex,abstract,exclude,SETTING,0
W7135205567,10.1007/s11947-026-04277-2,2026,Valorization of Fruit and Vegetable Waste and By-products into Bioactive-Rich Powders for Functional Food Applications: A Review,Food and Bioprocess Technology,openalex,title,exclude,OUTCOME,0
W3205929478,10.15544/mts.2021.37,2021,Competitive Strategies of Personnel Management in Business Processes of Agricultural Enterprises Focused on Digitalization,Management Theory and Studies for Rural Business and Infrastructure Development,openalex,abstract,exclude,TECH,0
W4393982913,10.48077/scihor3.2024.154,2024,Innovative approaches to improving the agricultural sector in the era of digitalization of the economy,Scientific Horizons,openalex,abstract,exclude,SETTING,0
W4415223395,10.1016/j.bcra.2025.100405,2025,Blockchain-Powered Traceability in the Wine Industry: Enhancing Transparency and Consumer Trust,Blockchain Research and Applications,openalex,indexing,exclude,NOT_SCOPUS_OR_WOS_INDEXED,0
W7203857452,10.1016/j.sciaf.2026.e03584,2026,"Determinants of blockchain adoption in beekeeping: Evidence from selected regions of Spain, Tunisia, and Turkey",Scientific African,openalex,abstract,exclude,OUTCOME,0
W4416525193,10.1016/j.foodchem.2025.147230,2025,Valorization of red beet peel through green extraction and carrier-driven microencapsulation for improved betalain stability,Food Chemistry,openalex,abstract,exclude,OUTCOME,0
W4399352445,10.1016/j.scitotenv.2024.173701,2024,Functional use of carbon dioxide for the sustainable valorization of orange peel in the pyrolysis process,The Science of The Total Environment,openalex,title,exclude,OUTCOME,0
W7155049175,10.1016/j.foodcont.2026.112243,2026,Towards intelligent food systems: Digital and innovative technologies for sustainable food safety and quality,Food Control,openalex,abstract,exclude,OUTCOME,0
W4210628939,10.35679/2226-0226-2021-11-7-2138-2148,2021,DIRECTIONS FOR INCREASING EFFICIENCY AND REDUCING THE RISK OF ACTIVITIES OF AGRO ENTERPRISES IN THE DIGITAL ENVIRONMENT,Scientific Review Theory and Practice,openalex,abstract,exclude,SETTING,0
W4409516604,10.3389/fdata.2025.1556157,2025,Safeguarding digital livestock farming - a comprehensive cybersecurity roadmap for dairy and poultry industries,Frontiers in Big Data,openalex,abstract,exclude,SETTING,0
W4409657744,10.1016/j.clwas.2025.100300,2025,"Waste not, want not: Comprehensive valorization of fruit and vegetable waste from single-product recovery to zero-waste strategies",Cleaner Waste Systems,openalex,abstract,exclude,OUTCOME,0
W2971588582,,2019,Subcritical hydrolysis: An approach to valorize ice cream wastewater,Open PRAIRIE (South Dakota State University),openalex,abstract,exclude,OUTCOME,0
W4386572814,10.1002/fsn3.3659,2023,"Exploration of nutritional, pharmacological, and the processing trends for valorization of finger millet (Eleusine coracana): A review",Food Science & Nutrition,openalex,abstract,exclude,OUTCOME,0
W4393854074,10.3390/foods13071095,2024,Valorization of Peach Fruit and Wine Lees through the Production of a Functional Peach and Grape Juice,Foods,openalex,abstract,exclude,OUTCOME,0
W3123880477,10.1007/s11135-021-01095-w,2021,Big data for corporate social responsibility: blockchain use in Gioia del Colle DOP,Quality & Quantity,openalex,title,exclude,OUTCOME,0
W4414862068,10.3390/agriengineering7100335,2025,Citrus Waste Valorisation Processes from an Environmental Sustainability Perspective: A Scoping Literature Review of Life Cycle Assessment Studies,AgriEngineering,openalex,abstract,exclude,OUTCOME,0
W7216864071,,2025,Smart postharvest management of horticultural crops through digital solutions,Indian Horticulture,openalex,abstract,exclude,OUTCOME,0
W4412504457,10.1080/07388551.2025.2529590,2025,Holistic approach in the valorization of fruit and vegetable by-products generated through processing and postharvest storage,Critical Reviews in Biotechnology,openalex,abstract,exclude,OUTCOME,0
W7128861785,10.3390/molecules31040646,2026,Valorization of Plant-Based Food By-Products Through Green Extraction of Bioactive Compounds for Functional Food,Molecules,openalex,abstract,exclude,OUTCOME,0
W4398142827,10.52326/jes.utm.2024.31(1).07,2024,POSSIBILITIES OF OBTAINING AND VALORIZING DIETARY FIBERS IN THE CONTEXT OF THE CIRCULAR BIOECONOMY,Journal of Engineering Science,openalex,abstract,exclude,OUTCOME,0
W4211236026,10.35679/2226-0226-2021-11-8-2492-2502,2021,ISSUES OF AUTOMATION OF PROJECT MANAGEMENT AT THE ENTERPRISE (BASED ON MATERIALS OF MAKHACHKALINSKII GORMOLZAVOD JSC),Scientific Review Theory and Practice,openalex,indexing,exclude,NOT_SCOPUS_OR_WOS_INDEXED,0
W4396828753,10.1016/j.vas.2024.100356,2024,Feeding pomegranate pulp to Ghezel lambs for enhanced productivity and meat quality,Veterinary and Animal Science,openalex,abstract,exclude,SETTING,0
W4285079321,10.1007/s13593-022-00792-6,2022,Future agricultural systems and the role of digitalization for achieving sustainability goals. A review,Agronomy for Sustainable Development,openalex,abstract,exclude,SETTING,0
W7140291971,10.1016/j.scowo.2026.100218,2026,Hydrogen energy production from various food wastes: A sustainable and holistic approach for food waste valorization,Sustainable Chemistry One World,openalex,title,exclude,OUTCOME,0
W7204208518,10.9734/afsj/2026/v25i9917,2026,"Valorisation of Market Food Waste for Sustainable Polyhydroxyalkanoate Production: A Critical Review of Feedstock Variability, Bioprocess Integration and Scale-Up",Asian Food Science Journal,openalex,abstract,exclude,OUTCOME,0
W4406994180,10.62754/joe.v4i1.6133,2025,Exploring Blockchain Adoption in Food Safety: A Dual-Stakeholder Perspective Using the UTAUT Model,Journal of Ecohumanism,openalex,abstract,exclude,OUTCOME,0
W3202368191,10.1016/j.jclepro.2021.129099,2021,"Digital agricultural technologies for food loss and waste prevention and reduction: Global trends, adoption opportunities and barriers",Journal of Cleaner Production,openalex,abstract,exclude,OUTCOME,0
W4386800104,10.1016/j.atech.2023.100326,2023,Digital technologies to remove the information asymmetry in the food market,Smart Agricultural Technology,openalex,abstract,exclude,OUTCOME,0
W4396888687,10.21070/ijins.v25i1.1109,2024,Unveiling Key Factors and Solutions to Boost MSME Food Productivity,Indonesian Journal of Innovation Studies,openalex,abstract,exclude,TECH,0
W7216721252,,2024,Digitalization of India’s Farming Sector for Sustainable Development and Advancing Agriculture 4.0,Journal of Informatics Education and Research,openalex,abstract,exclude,SETTING,0
W4306861500,10.1111/raq.12748,2022,Valorization of waste materials from seaweed industry: An industry survey based biorefinery approach,Reviews in Aquaculture,openalex,abstract,exclude,OUTCOME,0
W4280580278,10.1002/ep.13893,2022,Water–food–energy nexus: Assessing challenges in the trend toward digitalization: The case study of an Italian winemaking industry,Environmental Progress & Sustainable Energy,openalex,abstract,exclude,OUTCOME,0
W7135242081,10.1016/j.jwpe.2026.109857,2026,Update rate optimization in a continuous-flow Chlorella vulgaris wastewater treatment reactor for valorizing reverse-osmosis concentrate,Journal of Water Process Engineering,openalex,title,exclude,OUTCOME,0
W4409894679,10.3390/molecules30091933,2025,Valorization of Winemaking By-Products: White and Red Grape Seed Oils Improve Glucose Consumption and Uptake In Vitro,Molecules,openalex,abstract,exclude,OUTCOME,0
W4312805896,10.36887/2415-8453-2020-4-48,2020,INNOVATIVE PROJECTS MANAGEMENT OF RESOURCE SAVING AT AGRICULTURAL ENTERPRISES BASED ON DIGITALIZATION,Ukrainian Journal of Applied Economics and Technology,openalex,abstract,exclude,TYPE,0
W7215704595,10.55824/0cmdjb05,2025,"Application of Science and Technology to Improve Productivity, Quality, and Marketing of Mocaf Bolen in Semarang City",Society Jurnal Pengabdian Masyarakat,openalex,indexing,exclude,NOT_SCOPUS_OR_WOS_INDEXED,0
W7214794698,10.1016/j.jrurstud.2026.104443,2026,A systematic literature review on the digital divide in agriculture,Journal of Rural Studies,openalex,abstract,exclude,SETTING,0
W7131252126,10.1177/09713557261423721,2026,Digital Technology at the Core: Facilitating Adoption for Enhanced SME Performance and Sustainability,The Journal of Entrepreneurship,openalex,abstract,include,,1
W4402827111,10.1016/j.indcrop.2024.119718,2024,Engineering arabinose-to-arabitol conversion in industrial Saccharomyces cerevisiae for sugar beet pulp valorization,Industrial Crops and Products,openalex,abstract,exclude,OUTCOME,0
W4386303389,10.3390/molecules28176331,2023,Ganoderma lucidum Mycelia Mass and Bioactive Compounds Production through Grape Pomace and Cheese Whey Valorization,Molecules,openalex,abstract,exclude,OUTCOME,0
W3090424917,10.32417/1997-4868-2020-200-9-74-82,2020,Digital vector in the technological interaction of agricultural production entities,Agrarian Bulletin of the,openalex,abstract,exclude,SETTING,0
W4407397420,10.47233/jpmittc.v4i1.2524,2025,Transformasi Digital di D’Besto dalam Teknologi Pesanan Online,Jurnal Pemberdayaan Publikasi Hasil Pengabdian Kepada Masyarakat,openalex,abstract,exclude,OUTCOME,0
W4399200432,10.1088/1748-9326/ad52b1,2024,Assessing climate resilience in rice production: measuring the impact of the Millennium Challenge Corporation’s IWRM scheme in the Senegal River Valley using remote sensing and machine learning,Environmental Research Letters,openalex,abstract,exclude,SETTING,0
W4381033679,10.1016/j.tifs.2023.06.014,2023,Trends on valorization of pitaya fruit biomass through value-added and green extraction technology – A critical review of advancements and processes,Trends in Food Science & Technology,openalex,title,exclude,OUTCOME,0
W4411996523,10.64252/bbsjg259,2025,Transforming Agro-Food Smes In Malaysia Through Digital Innovation And Smart Technologies For Sustainable Competitiveness,International Journal of Environmental Sciences,openalex,abstract,exclude,TYPE,0
W4366254347,10.1016/j.techfore.2023.122549,2023,Digital platforms as common goods or economic goods? Constructing the worth of a nascent agricultural data platform,Technological Forecasting and Social Change,openalex,abstract,exclude,OUTCOME,0
W4414475379,10.1016/j.afres.2025.101384,2025,Advancing sustainable closed-loop solutions: Supercritical carbon dioxide technology for aquatic biological waste valorization,Applied Food Research,openalex,abstract,exclude,OUTCOME,0
W7123703461,10.2298/jas2504451n,2025,The impact of stakeholder behavior on the optimization of digitalization in the Moroccan agricultural supply chain: A PLS-based verification,Journal of Agricultural Sciences Belgrade,openalex,abstract,include,,1
W4410984266,10.5304/jafscd.2025.143.010,2025,Understanding the social implications of digital agricultural technologies,Journal of Agriculture Food Systems and Community Development,openalex,abstract,exclude,TYPE,0
W7168237207,10.1016/j.indcrop.2026.123653,2026,Valorizing watermelon rind waste into eco-friendly bioplastics: A comprehensive overview from fundamentals to market potential,Industrial Crops and Products,openalex,abstract,exclude,OUTCOME,0
W4387297452,10.18502/kss.v8i17.14112,2023,Assesing the Impact of Digital Technologies on Governance Policies for Food Security: A Case Study of Indonesia,KnE Social Sciences,openalex,abstract,exclude,SETTING,0
W4365506181,10.1108/k-09-2022-1326,2023,The effects of digital innovations and sustainable supply chain management on business competitive performance post-COVID-19,Kybernetes,openalex,abstract,include,,1
W4378214833,10.13031/ja.15211,2023,Sweet Sorghum And Sweet Pearl Millet Carbohydrate Extraction and Preservation for Bioethanol Production and Bagasse Valorization: A Review,Journal of the ASABE,openalex,abstract,exclude,OUTCOME,0
W4411823308,10.37680/amalee.v6i1.6814,2025,"Effect of Technology Introduction on Opak Productivity in Kebumen Village, Tersono District, Batang Regency",Amalee Indonesian Journal of Community Research and Engagement,openalex,indexing,exclude,NOT_SCOPUS_OR_WOS_INDEXED,0
W4412878855,10.1016/j.meatsci.2025.109921,2025,"Sustainable livestock production by utilising forages, supplements, and agricultural by-products: Enhancing productivity, muscle gain, and meat quality – A review",Meat Science,openalex,abstract,exclude,SETTING,0
W4408940414,10.3390/su17073007,2025,The Opportunities and Barriers in Developing Interactive Digital Extension Services for Smallholder Farmers as a Pathway to Sustainable Agriculture: A Systematic Review,Sustainability,openalex,abstract,exclude,SETTING,0
W4400143825,10.61707/qty1gn15,2024,Digitalization of Solutions to Improve the Performance of MSMEs in Pekanbaru City,International Journal of Religion,openalex,indexing,exclude,NOT_SCOPUS_OR_WOS_INDEXED,0
W4405915717,10.58253/2078-1628-2024-2(32)-018,2024,PECULIARITIES OF ASSESSING THE LEVEL OF DIGITAL AND INFORMATION TECHNOLOGIES USING IN THE ENTERPRISE’S MARKETING ACTIVITIES,Bulletin of East European University of Economics and Management,openalex,abstract,exclude,TYPE,0
W7154914416,10.5281/zenodo.19655405,2026,Blockchain Adoption and International Trade Performance: Evidence from Panel ARDL Analysis of BRICS Economies,Zenodo (CERN European Organization for Nuclear Research),openalex,abstract,exclude,SETTING,0
W4399145866,10.59879/o1lor,2024,Revolutionizing agriculture: Exploring the potential of digital technologies and controlled environmental agriculture,Sylwan,openalex,abstract,exclude,SETTING,0
W7118971459,10.1007/s13198-025-03129-0,2026,"Blockchain non-fungible tokens for secure, sustainable, and traceable food systems in Web 3.0 era: a review of NFT marketplaces, sectoral applications, global adoption, potential benefits, and challenges",International Journal of Systems Assurance Engineering and Management,openalex,title,exclude,OUTCOME,0
W7115729744,10.3389/fsufs.2025.1707114,2025,Food safety and its digital traceability strategies: a supplier-processor profit distribution perspective,Frontiers in Sustainable Food Systems,openalex,abstract,include,,1
W4412410304,10.54373/imeij.v6i4.3705,2025,"Digital Customer Focus, Innovation, and Sustainable Competitive Advantage in Fresh Food E-Commerce for Enhanced Urban Food Accessibility",Indo-MathEdu Intellectuals Journal,openalex,abstract,exclude,TYPE,0
W4221025723,10.3390/su14053126,2022,Versatile Green Processing for Recovery of Phenolic Compounds from Natural Product Extracts towards Bioeconomy and Cascade Utilization for Waste Valorization on the Example of Cocoa Bean Shell (CBS),Sustainability,openalex,abstract,exclude,OUTCOME,0
W7196965788,10.1007/s00217-026-05250-1,2026,Single-stage valorization of arctic sea urchin waste generates calcium lactate with enhanced dissolution kinetics: statistical process validation and pilot capability analysis,European Food Research and Technology,openalex,title,exclude,OUTCOME,0
W4413066260,10.28983/asj.y2025i6pp124-133,2025,Increasing labor productivity by using an automated knowledge and skills monitoring system based on training technologies,The Agrarian Scientific Journal,openalex,indexing,exclude,NOT_SCOPUS_OR_WOS_INDEXED,0
W4412553374,10.7759/s44404-025-05924-1,2025,Information Taxonomy and Value Proposition Map to Enhance Value Flow and Digital Technology Adoption among Smallholder Farmers,Cureus Journal of Business and Economics.,openalex,abstract,exclude,TYPE,0
W4404510039,10.35313/ijem.v4i2.5579,2024,Digital Literacy Mediation In Balikpapan Micro And Small Industries' Business Performance,Indonesian Journal of Economics and Management,openalex,indexing,exclude,NOT_SCOPUS_OR_WOS_INDEXED,0
W4375846766,10.22214/ijraset.2023.51616,2023,Digital Tiffin Services Using Responsive Web Application,International Journal for Research in Applied Science and Engineering Technology,openalex,abstract,exclude,OUTCOME,0
W4412159090,10.3389/fsufs.2025.1462328,2025,Digital technologies to accelerate the impact of climate smart agriculture by next-generation farmers in Africa,Frontiers in Sustainable Food Systems,openalex,abstract,exclude,SETTING,0
W7218240471,,2023,Digital Tiffin’s Services Using Responsive Web Application,International Journal of Research in Engineering Science and Management,openalex,abstract,exclude,OUTCOME,0
W7161629645,10.1016/j.agsy.2026.104823,2026,Promoting sustainable pest management through digital decision support tools: Insights from India,Agricultural Systems,openalex,abstract,exclude,SETTING,0
W4317735676,10.3390/su15032064,2023,The Impact of Digitalization and Sustainability on Governance Structures and Corporate Communication: A Cross-Industry and Cross-Country Approach,Sustainability,openalex,abstract,exclude,OUTCOME,0
W7172495413,10.1111/joes.70136,2026,Digitalization of Agricultural Productive Services for Inclusive Rural Development: A Systematic Literature Review,Journal of Economic Surveys,openalex,abstract,exclude,SETTING,0
W2897519213,10.31775/2305-3100-2018-3-38-43,2018,PERFORMANCE OF THE APPLICATION OF THE ELECTRONIC CONTROL SYSTEM OF THE DAIRY STAGE IN THE CONDITIONS OF DIGITALIZATION OF THE ECONOMY,Scientific bulletin of the Southern Institute of Management,openalex,abstract,exclude,SETTING,0
W4381746990,10.36887/2415-8453-2023-1-16,2023,AGROENTREPRENEURSHIP IN THE CONTEXT OF DIGITAL ECONOMY DEVELOPMENT AND ENSURING FOOD SECURITY,Ukrainian Journal of Applied Economics and Technology,openalex,abstract,exclude,SETTING,0
W7214627055,10.3389/fsufs.2026.1934315,2026,"Nitrogen-centered nutrient innovation for decoupling agricultural productivity from greenhouse-gas intensity: evidence, limits, and implementation pathways",Frontiers in Sustainable Food Systems,openalex,abstract,exclude,SETTING,0
W7118183568,10.3390/cleantechnol8010005,2026,Life Cycle Optimization of Circular Industrial Processes: Advances in By-Product Recovery for Renewable Energy Applications,Clean Technologies,openalex,abstract,exclude,OUTCOME,0
W4404268088,10.60008/thequest.v3i1.171,2024,Digital Revolution in Food Entrepreneurship: Perspectives from Select Small and Micro Food Enterprises,The QUEST Journal of Multidisciplinary Research and Development,openalex,abstract,exclude,OUTCOME,0
W4415406523,10.9734/jabb/2025/v28i103178,2025,Innovative Technologies in Horticultural Crops: A Comprehensive Review,Journal of Advances in Biology & Biotechnology,openalex,abstract,exclude,SETTING,0
W7139093169,10.3390/foods15061098,2026,Synergistic Mechanisms and Product Regulation in the Co-Pyrolysis of Biomass and Food Packaging Waste: A Study Based on Reaction Kinetics and GHG Calculation,Foods,openalex,abstract,include,,1
W3120521892,10.46827/ejefr.v4i4.974,2020,VALUING APPLES: FROM THE MYSTIC APPLE TO THE DIGITAL APPLES OF THE 21st CENTURY,European Journal of Economic and Financial Research,openalex,abstract,exclude,OFFTOPIC,0
W7216233687,10.35335/enrichment.v15i5.2424,2025,Business feasibility and strategic development analysis of kebab kota raja culinary msme in the digital era,Enrichment Journal of Management,openalex,abstract,exclude,TECH,0
W7106815824,10.36253/bae-17313,2025,The potential of digital agriculture start-ups to reshape market dynamics in the ag-input industry: A case study from Argentina,Bio-based and Applied Economics,openalex,abstract,exclude,SETTING,0
W4404888368,10.61796/jscs.v1i3.196,2024,PKM TRAINING AND BUSINESS DEVELOPMENT AND DIGITAL MARKETING AT MSMES MITRA RAZZ FOOD SUPPLIER DEPOK WEST JAVA,Journal of Social Comunity Services (JSCS),openalex,abstract,exclude,OUTCOME,0
W7216149656,10.32996/jcsts.2026.8.8.22,2026,Industry 5.0: Human-Centric Manufacturing for Sustainable and Intelligent Production Systems,Journal of Computer Science and Technology Studies,openalex,abstract,exclude,SETTING,0
W7161593755,10.5281/zenodo.20269036,2026,"Digital Agrarian Regimes in Latin America: How Data, Finance, and Platforms Reorder Smallholder Food Systems",HAL (Le Centre pour la Communication Scientifique Directe),openalex,abstract,exclude,TYPE,0
W3113975314,10.52625/j-agr-sosekpenyuluhan.v16i2.174,2020,STRATEGI PEMASARAN PRODUK OLAHAN HASIL PETERNAKAN BAKSO GORENG PADA KELOMPOK WANITA TANI MELALUI DIGITAL MARKETING SYSTEM,Jurnal Agrisistem Seri Sosek dan Penyuluhan,openalex,abstract,exclude,TECH,0
W7218185413,,2026,Strategi Intervensi Operasional dan Digital untuk Peningkatan Keberlanjutan UMKM Kuliner di Lamongan : Penelitian,Jurnal Pengabdian Masyarakat dan Riset Pendidikan,openalex,abstract,exclude,OUTCOME,0
W4407181619,10.52783/jisem.v10i8s.1098,2025,Pandemic Disruptions and Supply Chain Resilience: A Retail Food Perspective,Journal of Information Systems Engineering & Management,openalex,abstract,exclude,TECH,0
W2908820335,10.1016/j.resconrec.2019.01.015,2019,Pathways and barriers to circularity in food systems,Resources Conservation and Recycling,openalex,title,exclude,OUTCOME,0
W7217687706,,2025,Penguatan Kapasitas Nelayan Dalam Pengolahan Dan Pemasaran Digital Untuk Meningkatkan Daya Saing Produk Cencaluk Sebagai Makanan Tradisional Khas Bengkalis,ABDIMAS EKODIKSOSIORA Jurnal Pengabdian Kepada Masyarakat Ekonomi Pendidikan dan Sosial Humaniora (e-ISSN 2809-3917),openalex,abstract,exclude,OUTCOME,0
W7218306707,,2026,การบรณาการ IOT บลอกเชน และ AI เพอเพมความสามารถในการตรวจสอบยอนกลบและสมรรถนะ การปฏบตการในหวงโซอปทานอาหาร: การทบทวนวรรณกรรมอยางเปนระบบ และการวเคราะหตามกรอบ TOE ในประเทศไทย,Journal of SciTech-ASEAN,openalex,indexing,exclude,NOT_SCOPUS_OR_WOS_INDEXED,0
W4413817019,10.3390/standards5030021,2025,"Smart Kitchens of the Future: Technology’s Role in Food Safety, Hygiene, and Culinary Innovation",Standards,openalex,abstract,exclude,OUTCOME,0
W4322771389,10.3390/s23052725,2023,A Smart Agricultural System Based on PLC and a Cloud Computing Web Application Using LoRa and LoRaWan,Sensors,openalex,abstract,exclude,SETTING,0
W7117713489,10.25077/jwa.32.04.489-496.2025,2025,"Strengthening the Role of Community Health Workers and Digital Innovation in Stunting Prevention in Nagari Dusun Baru Tapan, Pesisir Selatan Regency, West Sumatra Province",Warta Pengabdian Andalas,openalex,abstract,exclude,OFFTOPIC,0
W7167679613,10.1016/j.crfs.2026.101495,2026,"Deep learning in food quality and safety management: A review of architectures, applications, and future directions",Current Research in Food Science,openalex,abstract,exclude,OUTCOME,0
W4414167221,10.1002/jsfa.70206,2025,The contribution of vibrational spectroscopy and data analytics towards the achievement of the global sustainability goals,Journal of the Science of Food and Agriculture,openalex,abstract,exclude,OUTCOME,0
W7161902171,10.20935/acadeng8291,2026,"Smart cold chains for food systems: IoT monitoring, predictive analytics, and emerging technologies",Academia Engineering,openalex,abstract,exclude,OUTCOME,0
W4409979438,10.30574/wjaets.2025.15.1.0463,2025,Revolutionizing food and beverage: Technical applications of AI Across the Value Chain,World Journal of Advanced Engineering Technology and Sciences,openalex,abstract,exclude,TYPE,0
W3127389057,10.1016/j.cor.2021.105237,2021,Lateral inventory share-based models for IoT-enabled E-commerce sustainable food supply networks,Computers & Operations Research,openalex,abstract,exclude,TECH,0
W4213090033,10.1016/j.applthermaleng.2022.118227,2022,A semi-empirical model for de-watering and cooling of leafy vegetables,Applied Thermal Engineering,openalex,title,exclude,OUTCOME,0
W7172502509,10.5958/2278-4853.2026.00012.5,2026,Sustainable Supply Chain Resilience in Volatile International Markets,Asian Journal of Multidimensional Research,openalex,abstract,exclude,TYPE,0
W4391590757,,2018,Comparison of time-oriented methods to check manufacturing activities and an examination of their efficiency,DOAJ (DOAJ: Directory of Open Access Journals),openalex,abstract,exclude,TECH,0
W2965762843,10.1016/j.ejor.2019.07.053,2019,"A stochastic planning framework for the discovery of complementary, agricultural systems",European Journal of Operational Research,openalex,title,exclude,OUTCOME,0
W4403795345,10.31891/2307-5740-2023-318-3-58,2023,СТРАТЕГІЧНІ ПЕРСПЕКТИВИ РОЗВИТКУ АГРОПРОДОВОЛЬЧОГО СЕКТОРУ В УМОВАХ ГЛОБАЛЬНОЇ ЦИРКУЛЯРНОЇ ЕКОНОМІКИ,Herald of Khmelnytskyi National University Economic sciences,openalex,abstract,exclude,TECH,0
W4404020503,10.3390/chemengineering8060112,2024,Investigating the Routes to Produce Cellulose Fibers from Agro-Waste: An Upcycling Process,ChemEngineering,openalex,abstract,exclude,OUTCOME,0
W4405769631,10.71143/6m3z1250,2024,Sorting Machine for Fruits and Vegetables for Agricultural Advancements using IoT,International Journal of Research and Review in Applied Science Humanities and Technology,openalex,verification,exclude,SETTING,0
W4366298683,10.4995/inn2022.2022.15746,2023,Opportunities and Barriers of Smart Farming Adoption by Farmers Based on a Systematic Literature Review,,openalex,abstract,exclude,SETTING,0
W7134169961,10.1051/epjconf/202635404006/pdf,2026,"Development of a Low-Cost, Power-Efficient Smart Farming Framework using LoRa and IoT",Springer Link (Chiba Institute of Technology),openalex,abstract,exclude,SETTING,0
W4416059323,10.12688/f1000research.165434.1,2025,"Sustainability in the Food System: trends, key themes, and emerging topics",F1000Research,openalex,abstract,exclude,TECH,0
W7134952118,10.48346/imist.prsm/ajlp-gs.v9i1.62102,2025,"GNSS-Driven Digital Agriculture and Private Sector Engagement to Link Rural Smallholder Farmers with Modern Markets in African Countries. Insights from Kigali City, Rwanda.",African Journal on Land Policy and Geospatial Sciences,openalex,abstract,exclude,SETTING,0
W3207470853,10.3390/pr9101839,2021,Extraction Methods of Oils and Phytochemicals from Seeds and Their Environmental and Economic Impacts,Processes,openalex,abstract,include,,1
W4387139922,10.1007/s43926-023-00040-7,2023,Hunger games search optimization with deep learning model for sustainable supply chain management,Discover Internet of Things,openalex,abstract,exclude,OUTCOME,0
W7159899967,,2026,Формування системи esg-управління на основі цифрової аналітики,The Scientific Issues of Ternopil Volodymyr Hnatiuk National Pedagogical University Series pedagogy,openalex,abstract,exclude,OUTCOME,0
W4417166910,10.55186/25876740_2025_68_6_783,2025,Research of innovative structural changes in the agro-food complex using the interdisciplinary balance methodology,Mezhdunarodnyi sel skokhozyaistvennyi zhurnal,openalex,verification,exclude,SETTING,0
W2793933957,10.1002/jsfa.8898,2018,Potential effects of sulforaphane to fight obesity,Journal of the Science of Food and Agriculture,openalex,abstract,exclude,OFFTOPIC,0
W4403442575,10.1016/j.mfglet.2024.09.021,2024,A review of ice cream manufacturing process and system improvement strategies,Manufacturing Letters,openalex,abstract,exclude,OUTCOME,0
W7216344930,10.53762/grjnst.04.04.01,2026,AI Capability and Performance: The Strategic Roles of Cyber Risk Management Firm and Knowledge Management Systems in Pakistan Halal Foods,Global Research Journal of Natural Science and Technology,openalex,indexing,exclude,NOT_SCOPUS_OR_WOS_INDEXED,0
W7154938093,10.3390/su18084097,2026,IoT-Enabled Real-Time Monitoring: Optimizing Waste and Energy Efficiency in Food Green Supply Chains,Sustainability,openalex,abstract,include,,1
W4404283769,10.32752/1993-6788-2024-1-279-152-158,2024,THEORETICAL PRINCIPLES OF CHANGE MANAGEMENT IN AGRO-FOOD ENTERPRISES,Actual Problems of Economics,openalex,abstract,exclude,TYPE,0
W2917841436,10.3390/en12040767,2019,Energy Embedded in Food Loss Management and in the Production of Uneaten Food: Seeking a Sustainable Pathway,Energies,openalex,abstract,exclude,OUTCOME,0
W4412651279,10.1016/j.ajsl.2025.07.002,2025,Innovative intermodal transportation business models for perishables: A scoping review,The Asian Journal of Shipping and Logistics,openalex,abstract,exclude,TECH,0
W4413867620,10.1111/jfpe.70207,2025,"Advances in Renewable Energy‐Based Drying Systems for Food Materials: A Comprehensive Review of Innovations, Smart Integration, and Sustainability",Journal of Food Process Engineering,openalex,verification,exclude,OUTCOME,0
W2194758297,10.1016/j.foodres.2015.12.009,2015,An overview of the impact of electrotechnologies for the recovery of oil and high-value compounds from vegetable oil industry: Energy and economic cost implications,Food Research International,openalex,abstract,include,,1
W4388142544,10.1016/j.jafr.2023.100845,2023,Economic benefits and soil improvement: Impacts of vermicompost use in spinach production through industrial symbiosis,Journal of Agriculture and Food Research,openalex,abstract,exclude,SETTING,0
W4411745385,10.1007/s12393-025-09416-7,2025,Review on Electroporation Mechanisms for PEF-Assisted Extraction and Microbial Inactivation,Food Engineering Reviews,openalex,title,exclude,OUTCOME,0
W4280518838,10.1186/s13068-022-02149-3,2022,Recycling industrial food wastes for lipid production by oleaginous yeasts Rhodosporidiobolus azoricus and Cutaneotrichosporon oleaginosum,Biotechnology for Biofuels and Bioproducts,openalex,abstract,exclude,OUTCOME,0
W4404196307,10.30574/wjarr.2024.24.2.3357,2024,Optimizing food transportation processes for grocery stores across the US,World Journal of Advanced Research and Reviews,openalex,abstract,exclude,OUTCOME,0
W3143437158,10.22004/ag.econ.302973,2020,Розвиток організаційної культури в системі менеджменту підприємств харчової промисловості,RePEc: Research Papers in Economics,openalex,abstract,exclude,TECH,0
W4366828985,10.3390/foods12091750,2023,Multi-Criteria Optimization including Environmental Impacts of a Microwave-Assisted Extraction of Polyphenols and Comparison with an Ultrasound-Assisted Extraction Process,Foods,openalex,abstract,include,,1
W4399025087,10.1016/j.rser.2024.114535,2024,Technology projection in biofuel production using agricultural waste materials as a source of energy sustainability: A comprehensive review,Renewable and Sustainable Energy Reviews,openalex,title,exclude,SETTING,0
W7122655909,10.26619/erbe-2025.5.1.5,2025,Integrating Strategy and Control: A Sector-Specific Balanced Scorecard Framework for Food SMEs,ERBE- European Review of Business Economics,openalex,abstract,exclude,TYPE,0
W7214908526,10.1108/msar-09-2025-0341,2026,Harnessing big data and AI for competitive and sustainable performance: the mediating role of supply chain innovation in emerging economies,Management & Sustainability An Arab Review,openalex,indexing,exclude,NOT_SCOPUS_OR_WOS_INDEXED,0
W7127416220,10.1016/j.jafr.2026.102748,2026,"The multifunctionality of plant pigments: roles, recovery from by-products and stability challenges",Journal of Agriculture and Food Research,openalex,abstract,exclude,OUTCOME,0
W3037449108,10.5311/josis.2020.20.669,2020,Data-driven agriculture for rural smallholdings,Journal of Spatial Information Science,openalex,abstract,exclude,SETTING,0
W4412379864,10.15294/joct.v2i2.29251,2025,Energy Transformation in the Dairy Industry Towards Process Efficiency and Environmental Impact Reduction,Journal of Clean Technology,openalex,indexing,exclude,NOT_SCOPUS_OR_WOS_INDEXED,0
W4387532505,10.3389/fhort.2023.1282615,2023,"New developments and opportunities for AI in viticulture, pomology, and soft-fruit research: a mini-review and invitation to contribute articles",Frontiers in Horticulture,openalex,abstract,exclude,SETTING,0
W3177282371,10.3390/su13126921,2021,"Monomers, Materials and Energy from Coffee By-Products: A Review",Sustainability,openalex,abstract,exclude,OUTCOME,0
W7216234228,10.70134/identik.v3i1.1070,2026,Sistem Informasi Manajemen Sebagai Penunjang Kinerja Operasional Industri Makanan,"Jurnal Ilmu Ekonomi, Pendidikan dan Teknik.",openalex,abstract,exclude,OUTCOME,0
W4409895289,10.36948/ijfmr.2025.v07i02.41577,2025,The Role of AI and OCR-Based Label Verification Systems in Enhancing Food Traceability and Supply Chain Transparency,International Journal For Multidisciplinary Research,openalex,abstract,exclude,TYPE,0
W7117127270,10.1007/s44187-025-00706-x,2025,Machine vision techniques for quality control in the wine industry,Discover Food,openalex,abstract,exclude,OUTCOME,0
W4402095638,10.1016/j.tifs.2024.104695,2024,Salt reduction in food products: A systematic review of clean-label ingredients and non-thermal technologies,Trends in Food Science & Technology,openalex,title,exclude,OUTCOME,0
W4385071673,10.1007/s11947-023-03171-5,2023,"Mechanisms, Capabilities, Limitations, and Economic Stability Outlook for Extracting Phenolics from Agro-byproducts Using Emerging Thermal Extraction Technologies and Their Combinative Effects",Food and Bioprocess Technology,openalex,abstract,exclude,OUTCOME,0
W2884709031,10.3390/s20072078,2020,An Autonomous Wireless Device for Real-Time Monitoring of Water Needs,Sensors,openalex,abstract,exclude,SETTING,0
W7218163969,,2026,Development of a Smart Mechanized Kuih Ros Production System with Integrated Yield Monitoring and Process Optimization,International Research Journal of Advanced Engineering and Technology,openalex,indexing,exclude,NOT_SCOPUS_OR_WOS_INDEXED,0
W7214521106,10.1177/17816858261492060,2026,"Securing Europe’s food system: Innovation, resilience and the common agricultural policy",European View,openalex,abstract,exclude,TECH,0
W4412636903,10.3390/pr13082352,2025,Predictive Framework for Membrane Fouling in Full-Scale Membrane Bioreactors (MBRs): Integrating AI-Driven Feature Engineering and Explainable AI (XAI),Processes,openalex,abstract,exclude,OUTCOME,0
W7126203939,10.1002/bbb.70113,2026,Advances in fermentative production of xanthan gum from agrofood industry wastes,Biofuels Bioproducts and Biorefining,openalex,abstract,include,,1
W4405078464,10.3390/en17236125,2024,Using Microalgae to Convert Brewery Carbon Gas Emissions into Valuable Bioproducts,Energies,openalex,abstract,include,,1
W4410777412,10.70737/z3rm3z39,2025,AI Solutions for Sustainable Agricultural Supply Chains,Agriculture and Biology,openalex,abstract,exclude,TYPE,0
W4408808491,10.3390/en18071636,2025,Environmental and Economic Benefits of Waste Heat Recovery as a Symbiotic Scenario in Sweden,Energies,openalex,abstract,exclude,SETTING,0
W4224243365,10.3390/ijms23084152,2022,Biotransformation of Waste Bile Acids: A New Possible Sustainable Approach to Anti-Fungal Molecules for Crop Plant Bioprotection?,International Journal of Molecular Sciences,openalex,abstract,exclude,OUTCOME,0
W7161296675,10.47115/bsagriculture.1911694,2026,Advancing Medicinal and Aromatic Plant Cultivation through Smart Greenhouse Technologies,Black Sea Journal of Agriculture,openalex,abstract,exclude,SETTING,0
W4385700615,10.1080/09537287.2023.2240751,2023,A balance of economic advancement and social needs via improving supply chain traceability for future food sustainability: an empirical study from China,Production Planning & Control,openalex,abstract,include,,1
W3121839809,10.1080/87559129.2021.1875232,2021,Trends in Approaches to Assist Freeze-Drying of Food: A Cohort Study on Innovations,Food Reviews International,openalex,abstract,include,,1
W7152406731,10.1007/s44279-025-00385-3,2026,Sustainable engineering solutions for achieving resilient food security in Nigeria,Discover Agriculture,openalex,abstract,exclude,SETTING,0
W7216325641,10.63544/r8b2b185,2024,The Transformative Role of Block chain Technology in Supply Chain Management,Journal of Engineering and Computational Intelligence Review,openalex,abstract,exclude,SETTING,0
W4411104422,10.21474/ijar01/20905,2025,NON-THERMAL PROCESSING AND PACKAGING REQUIREMENTS: RECENT TRENDS AND APPLICATIONS,International Journal of Advanced Research,openalex,abstract,exclude,OUTCOME,0
W4403316457,10.23093/fsi.2024.57.3.236,2024,Utilization methods and challenges of AI technology in the field of functional food materials,식품과학과 산업,openalex,abstract,exclude,OUTCOME,0
W3048734519,10.3390/drones4030041,2020,A Review on Drone-Based Data Solutions for Cereal Crops,Drones,openalex,abstract,exclude,SETTING,0
W4415566566,10.1021/acs.iecr.5c03156,2025,Optimal Integrated Design for a Multiproduct Biorefinery Producing Green Chemicals and Juice from Apples,Industrial & Engineering Chemistry Research,openalex,abstract,include,,1
W7203707452,10.3390/ani16162576,2026,"The Carbon Footprint of Finishing Yearling Bulls Fed a Diet Containing Vegetable By-Products in Navarra, Spain",Animals,openalex,abstract,exclude,SETTING,0
W4408617425,10.3390/foods14061051,2025,Predicting Corn Moisture Content in Continuous Drying Systems Using LSTM Neural Networks,Foods,openalex,abstract,exclude,OUTCOME,0
W7166695926,10.70730/tureview.v29i1.241255,2026,Examining the Antecedents of Continuous Usage Intention for Smart Self-Service Automated Kiosks in Bangkok,Thammasat Review,openalex,abstract,exclude,OUTCOME,0
W4400928287,10.15406/hij.2024.08.00296,2024,Implementing multifunctional and integrated productive approaches to improve socioeconomic sustainability and develop rural marginal area: a bet for the future of agriculture,Horticulture International Journal,openalex,abstract,exclude,TYPE,0
W7217166529,,2025,AI-Powered Chatbots in Food Ordering: Personalized Recommendations & Sentiment Analysis,Journal of Management and Service Science (JMSS),openalex,abstract,exclude,OUTCOME,0
W4387211991,10.4144/rpsj.70.11,2023,Novel Environmental and Agricultural Applications of Discharge Plasma Generated Using Pulsed Power Technology,Resources Processing,openalex,abstract,exclude,OUTCOME,0
W4410445040,10.38124/ijsrmt.v4i1.499,2025,"A Data-Driven Framework for Real-Time Decision-Making in Food Safety Quality Assurance: Integrating SPC, AI, and Industrial Process Optimization",International Journal of Scientific Research and Modern Technology.,openalex,abstract,exclude,OUTCOME,0
W7216850371,,2026,"Upcycling fruit and vegetable peels into high-value functional food products: Physicochemical characterization, nutritional profiling, and consumer acceptability of novel culinary and nutraceutical ingredients",Cultura,openalex,indexing,exclude,NOT_SCOPUS_OR_WOS_INDEXED,0
W4415491056,10.3390/su17219424,2025,Agriculture over the Horizon: A Synthesis for the Mid-21st Century,Sustainability,openalex,abstract,exclude,SETTING,0
W4415104506,10.62154/ajasfr.2025.020.01030,2025,Agro-Industrial Wastes as Sustainable Substrates for Microbial Enzyme Production,African Journal of Agricultural Science and Food Research,openalex,abstract,exclude,OUTCOME,0
W2954519164,10.1007/s11367-019-01655-1,2019,Food loss and waste metrics: a proposed nutritional cost footprint linking linear programming and life cycle assessment,The International Journal of Life Cycle Assessment,openalex,title,exclude,TECH,0
W4393232834,10.56726/irjmets50912,2024,Advanced AI-driven Multi-Sensor Fusion for Fruit and Vegetable Segregation,International Research Journal of Modernization in Engineering Technology and Science,openalex,abstract,exclude,OUTCOME,0
W4403133043,10.55524/ijircst.2024.12.5.10,2024,A Study of the Application Domain of a Large Language Models in the Agricultural Sector,International Journal of Innovative Research in Computer Science & Technology,openalex,abstract,exclude,SETTING,0
W4280622784,10.1007/s43154-022-00080-x,2022,Sustainable Food and Agriculture: Employment of Renewable Energy Technologies,Current Robotics Reports,openalex,abstract,exclude,OUTCOME,0
W3086844398,10.3390/s20185280,2020,Remote Insects Trap Monitoring System Using Deep Learning Framework and IoT,Sensors,openalex,abstract,exclude,OUTCOME,0
W4416295661,10.3390/microorganisms13112606,2025,Exploring the Potential of Haematococcus pluvialis as a Source of Bioactives for Food Applications: A Review,Microorganisms,openalex,abstract,exclude,OUTCOME,0
W4410397635,10.1016/j.foodres.2025.116631,2025,Single-cell proteins as alternative sources of proteins and nutrients,Food Research International,openalex,title,exclude,TECH,0
W7204188321,10.48416/ijsaf.v32i2.808,2025,“They Took Our Jobs!”,International journal of sociology of agriculture and food,openalex,abstract,exclude,OUTCOME,0
W4400724506,10.3390/su16146111,2024,Mapping the Sustainability of Waste-to-Energy Processes for Food Loss and Waste in Mexico—Part 1: Energy Feasibility Study,Sustainability,openalex,abstract,exclude,OUTCOME,0
W3106480779,10.3390/su12219272,2020,A Systemic Design Approach Applied to Rice and Wine Value Chains. The Case of the InnovaEcoFood Project in Piedmont (Italy),Sustainability,openalex,abstract,exclude,OUTCOME,0
W4406846999,10.33727/jriss.2024.2.32:289-303,2024,THE SIGNIFICANCE AND ROLE OF USING INNOVATIVE TECHNOLOGIES IN MODERN AGRICULTURAL PRODUCTION,Journal of Research and Innovation for Sustainable Society,openalex,abstract,exclude,SETTING,0
W3201945519,10.1016/j.biortech.2021.126065,2021,Advances in solid-state fermentation for bioconversion of agricultural wastes to value-added products: Opportunities and challenges,Bioresource Technology,openalex,title,exclude,SETTING,0
W4414254456,10.31891/2307-5740-2025-344-4-86,2025,ФОРМУВАННЯ МЕХАНІЗМУ ЦИФРОВІЗАЦІЇ ТА ЕКОСИСТЕМНОГО МОДЕЛЮВАННЯ ПІДПРИЄМСТВ АПК В УМОВАХ ЦИРКУЛЯРНОЇ ЕКОНОМІКИ МАЙБУТНЬОГО,Herald of Khmelnytskyi National University Economic sciences,openalex,abstract,exclude,TYPE,0
W4415722508,10.3390/su17219642,2025,AI-Driven Supply Chain Decarbonization: Strategies for Sustainable Carbon Reduction,Sustainability,openalex,abstract,include,,1
W4411747764,10.52783/eel.v15i2.3366,2025,"Tech-Driven Transformation of street food in Delhi NCR: Innovation in hygiene, ordering and payment system",European Economic Letters (EEL),openalex,indexing,exclude,NOT_SCOPUS_OR_WOS_INDEXED,0
W3086393791,10.1016/j.ijgfs.2020.100260,2020,3D food printing of as the new way of preparing food: A review,International Journal of Gastronomy and Food Science,openalex,title,exclude,OUTCOME,0
W7165188769,10.1007/s42360-026-00975-1,2026,Managing plant health in changing climate: Indian context,Indian Phytopathology,openalex,title,exclude,SETTING,0
W4413201528,10.1016/j.carbpol.2025.124230,2025,"From wastes to functional materials: Preparation, modification, and applications of polysaccharide-based biodegradable films",Carbohydrate Polymers,openalex,title,exclude,OUTCOME,0
W7128501099,10.3389/fsrma.2025.1736249,2026,The contributions of Controlled-Environment Agriculture in Newfoundland and Labrador,Frontiers in Sustainable Resource Management,openalex,abstract,exclude,SETTING,0
W7139961847,10.3390/foods15061100,2026,"Toward Sustainable Xanthan Gum Production: Waste-Derived Substrates, Fermentation Optimization, and Eco-Friendly Extraction Approaches",Foods,openalex,abstract,exclude,OUTCOME,0
W7134136263,10.1108/md-12-2024-2975,2026,Rising stakes: how higher wages and unions shape technology adoption,Management Decision,openalex,abstract,include,,1
W4407293890,10.3303/cet2081232,2020,Design and Integration of Heat Recovery in Combination with Solar and Biomass-based Heating in a Drying Plant,Chemical engineering transactions,openalex,abstract,include,,1
W4225133957,10.1093/af/vfab077,2022,We need to rethink production technology for meat-packers—the old cutting table is being revived,Animal Frontiers,openalex,abstract,exclude,TYPE,0
W7159559270,,2025,Enhancing the Economic Framework for Managing Product Competitiveness in Food Enterprises,Neliti,openalex,abstract,exclude,TYPE,0
W4405102896,10.1016/j.foohum.2024.100477,2024,By-products of Baru and Monguba: A review of their potential,Food and Humanity,openalex,title,exclude,OUTCOME,0
W4409678118,10.1111/1541-4337.70174,2025,From waste to value: Integrating legume byproducts into sustainable industrialization,Comprehensive Reviews in Food Science and Food Safety,openalex,abstract,exclude,OUTCOME,0
W4409101512,10.1016/j.afres.2025.100869,2025,Integrated hydrothermal carbonization to enhance resource and energy recovery from food waste,Applied Food Research,openalex,abstract,exclude,OUTCOME,0
W7204115083,10.2147/nsa.s621362,2026,"Applications and Emergent Solutions for the Nanofood Industry and Nanoagriculture: Technology Landscape, Market Analysis, and Patent Trends",Nanotechnology Science and Applications,openalex,abstract,exclude,OUTCOME,0
W4407183866,10.31891/2307-5740-2024-336-91,2024,ФОРМУВАННЯ ІНВЕСТИЦІЙНО-ІННОВАЦІЙНОЇ СТРАТЕГІЇ ПІДПРИЄМСТВ ХАРЧОВОЇ ГАЛУЗІ В УМОВАХ ЦИФРОВІЗАЦІЇ ТА РИЗИКОВОГО СЕРЕДОВИЩА,Herald of Khmelnytskyi National University Economic sciences,openalex,abstract,exclude,TYPE,0
W4211073092,10.6090/jarq.55.463,2021,Crop Development with Data-driven Approach towards Sustainable Agriculture: Lifting the Achievements and Opportunities of Collaborative Research between CIAT and Japan,Japan Agricultural Research Quarterly JARQ,openalex,abstract,exclude,SETTING,0
W1873565211,10.14674/1120-1770/ijfs.v80,2015,SOCIO-ECONOMIC ASSESSMENT OF DIRECT SALES IN SICILIAN FARMS,"Nova Science Publishers (Nova Science Publishers, Inc.)",openalex,abstract,exclude,TECH,0
W7128384188,10.1016/j.foodchem.2026.148362,2026,A comprehensive review of decontamination techniques for mycotoxin control in food: Advancement from conventional to unconventional strategies and the way forward,Food Chemistry,openalex,title,exclude,OUTCOME,0
W7119518104,10.3389/fsufs.2025.1709154,2026,Integrating agronomy into the framework of Sustainable Development Goals: a review,Frontiers in Sustainable Food Systems,openalex,abstract,exclude,SETTING,0
W4319826120,10.1002/bit.28346,2023,Advances in bioreactor control for production of biotherapeutic products,Biotechnology and Bioengineering,openalex,abstract,exclude,SETTING,0
W4402941964,10.17268/sci.agropecu.2024.038,2024,Compositional and structural characterization of eleven types of lignocellulosic biomass and its potential application in obtaining nanopolysaccharides and producing polyhydroxyalkanoates,Scientia Agropecuaria,openalex,abstract,exclude,OUTCOME,0
W4413168327,10.1079/fsncases.2025.0019,2025,Reviving Resources: The Role of Upcycled Foods in the Future of Food,Food Science and Nutrition Cases,openalex,abstract,exclude,OUTCOME,0
W4415503463,10.1007/s11130-025-01427-3,2025,"Oca (Oxalis tuberosa Mol.): An Andean Tuber With Promising Physicochemical, Technological and Nutritional Properties for Potential Industrial Applications",Plant Foods for Human Nutrition,openalex,title,exclude,OUTCOME,0
W3149476640,10.1007/s13399-021-01467-0,2021,Poly-gamma-glutamic acid biopolymer: a sleeping giant with diverse applications and unique opportunities for commercialization,Biomass Conversion and Biorefinery,openalex,title,exclude,SETTING,0
W4396776172,10.31989/ffs.v4i5.1326,2024,"Non-thermal techniques for microbiological safety, nutritional preservation, and enhanced efficiency in dairy processing",Functional Food Science - Online ISSN 2767-3146,openalex,abstract,exclude,OUTCOME,0
W7218093279,,2023,Decentralized Application for Selling Agricultural Production through Block Chain,International Journal of Intelligent Systems and Applications in Engineering,openalex,abstract,exclude,OUTCOME,0
W7169515528,10.5281/zenodo.21410475,2026,"Embedding Industry 5.0 in the Indian PPE, Safety Shoe and Safety Boot Industry: A Roadmap for Manufacturing Excellence, Supply Chain Resilience and Sustainable Innovation",Zenodo (CERN European Organization for Nuclear Research),openalex,abstract,exclude,SETTING,0
W4413376607,10.3390/su17167373,2025,Sustainable Extraction of Bioactive Compounds from Cocoa Shells Waste and Brewer’s Spent Grain Using a Novel Two-Stage System Integrating Ohmic-Accelerated Steam Distillation (OASD) and Supercritical CO2 Extraction (SSCO2),Sustainability,openalex,abstract,exclude,OUTCOME,0
W4414712970,10.1002/bab.70058,2025,Biosurfactant Production From Agro‐Industrial and Food Waste: A Sustainable Approach to Waste Management,Biotechnology and Applied Biochemistry,openalex,abstract,exclude,SETTING,0
W7133228549,10.1016/j.tifs.2026.105662,2026,AI-driven food bioprocessing: How far its integration with practice?,Trends in Food Science & Technology,openalex,title,exclude,OUTCOME,0
W4413184327,10.1016/j.jece.2025.118640,2025,"Transforming waste to worth: Integrated multi-tech green approaches for environment-friendly and sustainable production of bio-enzymes, bio-cleaners, and organic acids from fruit waste",Journal of environmental chemical engineering,openalex,title,exclude,OUTCOME,0
W2935821396,10.1093/biosci/biz012,2019,Agricultural Disruption,BioScience,openalex,abstract,exclude,SETTING,0
W4417000572,10.1007/s43621-025-02344-w,2025,TFNs-based reliability centric analysis of automated slaughterhouse system under imprecise failure and repair rates,Discover Sustainability,openalex,abstract,exclude,OUTCOME,0
W4401403114,10.1016/j.psep.2024.08.002,2024,Comparative analysis of bioenergy and mycoprotein production from apple pomace: Strategies for enhancement and environmental benefits,Process Safety and Environmental Protection,openalex,title,exclude,OUTCOME,0
W4406062150,10.1016/j.jenvman.2024.123963,2025,Barriers to implementing circular citrus supply chains: A systematic literature review,Journal of Environmental Management,openalex,title,exclude,OUTCOME,0
W7104176305,10.1016/j.foohum.2025.100889,2025,"Generative AI in agriculture 4.0: Applications, challenges, and integration in the Indian context",Food and Humanity,openalex,title,exclude,SETTING,0
W4412501025,10.33545/26174693.2025.v9.i7j.4842,2025,Innovations in fruit pulping and processing: From traditional methods to smart technologies,International Journal of Advanced Biochemistry Research,openalex,abstract,exclude,OUTCOME,0
W4405890321,10.1016/j.jwpe.2024.106888,2024,Black soldier fly and microbiome collaborate to bioconvert the tofu whey water in an efficient and environment-friendly manner,Journal of Water Process Engineering,openalex,title,exclude,OUTCOME,0
W4405950491,10.14719/pst.5515,2024,An extensive investigation of combined freeze-drying technologies for fruit conservation,Plant Science Today,openalex,abstract,include,,1
W7127093328,10.1051/shsconf/202521801016/pdf,2025,Value investment analysis in quick-service restaurant industry in the US: A case study of Domino’s Pizza,Springer Link (Chiba Institute of Technology),openalex,abstract,exclude,OFFTOPIC,0
W7132826023,10.3390/agriculture16050542,2026,"Conceptualisation of Economic Injury Level and Economic Threshold: Agricultural Management, Food Security, Climate Factors, and Value Chain",Agriculture,openalex,abstract,exclude,SETTING,0
W7154204825,10.1002/csr.70595,2026,From Waste to Value: A Bibliometric‐Systematic Review of Biogas and Biomethane Business Literature,Corporate Social Responsibility and Environmental Management,openalex,abstract,exclude,SETTING,0
W4395703050,10.1111/ijfs.17168,2024,Redefining food safety: the confluence of Web 3.0 and AI technologies in the meat supply chain—a systematic review,International Journal of Food Science & Technology,openalex,abstract,exclude,OUTCOME,0
W4417449301,10.1038/s41598-025-25366-w,2025,Sustainable supply chain management using Bi-GRU network optimized by hybrid maritime search and rescue algorithm,Scientific Reports,openalex,abstract,include,,1
W2916013904,10.1111/ijfs.14128,2019,Food uses of pineapple waste and by‐products: a review,International Journal of Food Science & Technology,openalex,abstract,exclude,OUTCOME,0
W7128608509,10.1016/j.tifs.2026.105614,2026,An emerging biorefinery of mycelial food products from sustainable feedstocks,Trends in Food Science & Technology,openalex,title,exclude,OUTCOME,0
W4410991578,10.1016/j.energy.2025.136892,2025,Inclusion of quinoa in cropping systems for ensuring food and nutrition security in drought prone semi-arid regions: An energy-water-carbon-food nexus approach,Energy,openalex,title,exclude,SETTING,0
W2789324904,10.1016/j.tifs.2018.02.014,2018,Integrated processing of plant-derived waste to produce value-added products based on the biorefinery concept,Trends in Food Science & Technology,openalex,title,exclude,OUTCOME,0
W4414426680,10.71222/xs550s80,2025,Strategies to Overcome Green Barriers in International Agricultural Trade,Economics and Management Innovation,openalex,abstract,exclude,OFFTOPIC,0
W7119106899,10.1016/j.sftr.2025.101638,2026,Supply chain inefficiencies undermining smallholder farmer sustainability: Insights from a developing economy,Sustainable Futures,openalex,abstract,exclude,TECH,0
W4386439654,10.3390/s23187670,2023,Energy-Efficient IoT-Based Light Control System in Smart Indoor Agriculture,Sensors,openalex,abstract,exclude,SETTING,0
W7154036760,10.1051/bioconf/202623100031/pdf,2026,Food security indicators in Armenia: Trends in self-sufficiency and spending,Springer Link (Chiba Institute of Technology),openalex,abstract,exclude,TECH,0
W4416280627,10.1007/s10479-025-06919-8,2025,Sustainable food distribution approach: closed-loop network design strategies for fresh consumption and waste justice,Annals of Operations Research,openalex,verification,exclude,TECH,0
W3149184272,10.1016/j.jclepro.2021.126920,2021,Non-food applications of natural dyes extracted from agro-food residues: A critical review,Journal of Cleaner Production,openalex,title,exclude,OUTCOME,0
W7140205267,10.1080/19397038.2026.2645747,2026,A circular tiered hybrid life cycle assessment and forecasting framework for carbon management in horticultural supply chains,International Journal of Sustainable Engineering,openalex,abstract,include,,1
W4308487262,10.1016/j.gfs.2022.100660,2022,Food security and the cultural heritage missing link,Global Food Security,openalex,abstract,exclude,OFFTOPIC,0
W4405552983,10.3390/su162411080,2024,The Potential Impact of the European Green Deal on Farm Production in Poland,Sustainability,openalex,abstract,exclude,SETTING,0
W7161602550,10.9734/acri/2026/v26i51917,2026,Advances in Hybrid Thermal and Non-Thermal Processing Techniques for Sustainable Food Preservation: A Narrative Review,Archives of Current Research International,openalex,abstract,exclude,OUTCOME,0
W4233954826,10.21083/ruralreview.v1i1.5988,2017,Regional and Rural Broadband Policy and Programming,Rural Review Ontario Rural Planning Development and Policy,openalex,abstract,exclude,OFFTOPIC,0
W7170048912,10.3390/foods15142577,2026,"Converting Food Waste into Value-Added Products: A Review on Current Technologies, Challenges, and Future Perspectives",Foods,openalex,abstract,exclude,OUTCOME,0
W4406039377,10.21070/acopen.8.2023.3626,2024,Automatic Garlic Peeling Machine Design and Performance Evaluation,Academia Open,openalex,abstract,exclude,OUTCOME,0
W7128926414,10.21608/jes.2026.427463.2150,2026,EVALUATION OF WASTE MANAGEMENT FOR SELECT FOOD PRODUCTS FROM ECONOMIC AND ENVIRONMENTAL PERSPECTIVE,Journal of Environmental Science,openalex,indexing,exclude,NOT_SCOPUS_OR_WOS_INDEXED,0
W4411474959,10.1016/j.bcab.2025.103655,2025,Review on biological and biochemical pesticides as a sustainable alternative in organic agriculture,Biocatalysis and Agricultural Biotechnology,openalex,title,exclude,SETTING,0
W4391322408,10.3390/su16031096,2024,"Youth Engagement in Agribusiness: Perception, Constraints, and Skill Training Interventions in Africa: A Systematic Review",Sustainability,openalex,abstract,exclude,TECH,0
W4410310112,10.1108/nfs-08-2024-0281,2025,Advancements in oat processing technologies and their impact on nutritional and functional properties: a review,Nutrition & Food Science,openalex,abstract,exclude,OUTCOME,0
W7217672889,,2025,Meningkatkan Daya Saing UMKM melalui Penerapan Just-in-Time dan Teknologi Sederhana,Jurnal Serambi Engineering,openalex,abstract,exclude,TYPE,0
W4387584739,10.56407/bs.agrarian/3.2023.62,2023,Prospects for the formation of investment support for the technological growth of the agricultural sector of the Ukrainian economy in the post-war period,UKRAINIAN BLACK SEA REGION AGRARIAN SCIENCE,openalex,abstract,exclude,OUTCOME,0
W4401324356,10.1016/j.jafr.2024.101343,2024,Food cold chain logistics and management: A review of current development and emerging trends,Journal of Agriculture and Food Research,openalex,abstract,exclude,OUTCOME,0
W7217968744,,2025,REDESIGNING A WEB-BASED INVENTORY MANAGEMENT INFORMATION SYSTEM USING THE WATERFALL METHOD: A CASE STUDY AT BROWCYL BROWNIES WAREHOUSE,Journal of Industrial Engineering Management,openalex,abstract,exclude,OUTCOME,0
W4391996953,10.61931/2224-9028.1528,2024,Recent Advance in Biodegradable Packaging from Banana Plant Feedstock: A Comprehensive Review,ASEAN Journal on Science and Technology for Development,openalex,abstract,exclude,OUTCOME,0
W4284698362,10.1016/j.ijis.2022.07.001,2022,Technological trajectory based on micro level technological capability: Evidence from the Brazilian rice industry,International Journal of Innovation Studies,openalex,abstract,exclude,OUTCOME,0
W3011277700,10.5281/zenodo.3613444,2019,Business Model innovation for Sustainability and Social Impact,Institutional Research Information System University of Turin (University of Turin),openalex,abstract,exclude,TECH,0
W7167909891,10.1016/j.biteb.2026.102916,2026,Dual-driven solventogenesis through the synergistic role of tofu and cheese whey as metabolic regulators in ABE fermentation,Bioresource Technology Reports,openalex,title,exclude,OUTCOME,0
W7218178114,,2024,AI-DRIVEN FARM-TO-TABLE SUPPLY CHAIN OPTIMIZATION: A CASE STUDY OF REDUCING FOOD WASTE,Journal of Entomology and Agronomy Studies,openalex,indexing,exclude,NOT_SCOPUS_OR_WOS_INDEXED,0
W2971747950,,2019,Automatic Fruit Grading and Classification System Using Computer Vision: A Review,International journal of advance research and innovative ideas in education,openalex,abstract,exclude,OUTCOME,0
W2466624936,10.20914/2310-1202-2016-1-7-10,2016,The formalization of innovative processes of food technology equipment,Proceedings of the Voronezh State University of Engineering Technologies,openalex,abstract,exclude,TYPE,0
W7130314236,10.3389/fsufs.2026.1763476,2026,Organic spirulina as a sustainable superfood: a tripartite sustainability assessment of an Italian production case study,Frontiers in Sustainable Food Systems,openalex,abstract,exclude,TECH,0
W4395000895,10.7251/eoru2002141g,2020,Моdern technologies in the production of food products,Edicija Održivi razvoj i upravljanje prirodnim resursima Republike Srpske.,openalex,abstract,exclude,OUTCOME,0
W4407937364,10.55186/2413046x_2025_10_2_56,2025,THEORETICAL AND METHODOLOGICAL FOUNDATIONS OF THE COMPETITIVENESS OF THE FISHING INDUSTRY AND THE PRACTICE OF THEIR APPLICATION,Moscow Economic Journal,openalex,abstract,exclude,OUTCOME,0
W4402469054,10.1016/j.susmat.2024.e01117,2024,Agro-industrial waste to energy - Sustainable management,Sustainable materials and technologies,openalex,title,exclude,OUTCOME,0
W7163924385,10.1016/j.rineng.2026.111448,2026,Biochemical transformation of agricultural residues into biostimulants for climate‑resilient agriculture: Mechanistic insights and circular bioeconomy,Results in Engineering,openalex,abstract,exclude,SETTING,0
W7117306365,10.3390/electronics15010097,2025,"MDB-YOLO: A Lightweight, Multi-Dimensional Bionic YOLO for Real-Time Detection of Incomplete Taro Peeling",Electronics,openalex,abstract,exclude,OUTCOME,0
W3116416080,10.17268/agroind.sci.2020.03.12,2020,Design of a computational application for the evaluation of the quality of export lemon,Agroindustrial science,openalex,abstract,exclude,OUTCOME,0
W7152004398,10.1108/cr-01-2026-0029,2026,"Innovation, competitiveness and sustainability: evidence from agro-industrial Spanish clusters",Competitiveness Review An International Business Journal incorporating Journal of Global Competitiveness,openalex,abstract,exclude,TECH,0
W4410478032,10.1016/j.horiz.2025.100144,2025,Unlocking sustainability in the EU food system: A regional analysis of sectoral carbon emission drivers and SDG-12 performance,Sustainable Horizons,openalex,abstract,exclude,TECH,0
W7162527118,10.1108/jeim-08-2025-0691,2026,Integrating smart food safety systems with enterprise information management for net-zero goals,Journal of Enterprise Information Management,openalex,abstract,include,,1
W4395003069,10.1002/bsd2.371,2024,Innovating for impact: Proposing quality 4.0 integration to achieve sustainable development goals in microenterprises,Business Strategy & Development,openalex,abstract,exclude,OUTCOME,0
W4398757178,10.1071/ma24019,2024,Antimicrobial resistance in production animals,Microbiology Australia,openalex,abstract,exclude,OFFTOPIC,0
W4401228406,10.54254/2754-1169/105/20241953,2024,Marketing Plan and Research Report of GREGGS,Advances in Economics Management and Political Sciences,openalex,abstract,exclude,OFFTOPIC,0
W3173242513,10.1111/ijfs.15191,2021,Innovation in bio‐based food contact materials: food safety and quality,International Journal of Food Science & Technology,openalex,abstract,exclude,TYPE,0
W4396629280,10.1504/wremsd.2024.138277,2024,Impact investing resurgence amid COVID-19 pandemic: a way for sustainable development,World Review of Entrepreneurship Management and Sustainable Development,openalex,abstract,exclude,OFFTOPIC,0
W4283220273,10.3389/fsufs.2022.884187,2022,On-Farm Data Security: Practical Recommendations for Securing Farm Data,Frontiers in Sustainable Food Systems,openalex,abstract,exclude,SETTING,0
W7155512225,10.17485/ijst/v19i15.231,2026,Automated Salted Egg Production: An Arduino-Based System for Optimized Salting and Temperature Control,Indian Journal of Science and Technology,openalex,indexing,exclude,NOT_SCOPUS_OR_WOS_INDEXED,0
W7155410997,10.1057/s41599-026-07193-0,2026,Mapping Lebanon’s industrial landscape: a data-driven assessment of sectoral strengths and regional disparities,Humanities and Social Sciences Communications,openalex,abstract,exclude,SETTING,0
W4312991101,10.1079/cabireviews202217053,2022,Innovative trends in reducing food waste and ensuring a more sustainable food system and environment,CABI Reviews,openalex,abstract,exclude,OUTCOME,0
W7215260380,,2025,Fostering Rural Transformation in Africa through research generated solutions,African Journal of Rural Development,openalex,abstract,exclude,TYPE,0
W2952549223,10.1080/19440049.2019.1619940,2019,NIR-based Sudan I to IV and Para-Red food adulterants screening,Food Additives & Contaminants Part A,openalex,abstract,exclude,OUTCOME,0
W4396856028,10.22214/ijraset.2024.61907,2024,IOT Based Food Minitoring System,International Journal for Research in Applied Science and Engineering Technology,openalex,abstract,exclude,OUTCOME,0
W2901512162,10.1016/j.foodres.2018.11.027,2018,"Adaptation of Saccharomyces cerevisiae to high pressure (15, 25 and 35 MPa) to enhance the production of bioethanol",Food Research International,openalex,title,exclude,SETTING,0
W4313427727,10.7176/jesd/13-24-01,2022,"Barriers to Transitioning to a Circular Food Economy in Mississippi, USA.",Journal of Economics and Sustainable Development,openalex,abstract,exclude,OUTCOME,0
W4415839669,10.12928/si.v23i2.330,2025,Karakuri Kaizen Design to Reduce Work Time at the Packing Station,SPEKTRUM INDUSTRI,openalex,indexing,exclude,NOT_SCOPUS_OR_WOS_INDEXED,0
W4324383807,10.3390/ijerph20065162,2023,"Industrial Symbiosis for Sustainable Management of Meat Waste: The Case of Śmiłowo Eco-Industrial Park, Poland",International Journal of Environmental Research and Public Health,openalex,abstract,include,,1
W4400869352,10.1108/whatt-07-2024-0161,2024,Feeding the future: 3D food printing as a strategic response to labor scarcity,Worldwide Hospitality and Tourism Themes,openalex,abstract,exclude,TYPE,0
W2897789268,10.3389/fpls.2018.01567,2018,Developing Biostimulants From Agro-Food and Industrial By-Products,Frontiers in Plant Science,openalex,abstract,exclude,OUTCOME,0
W7127187087,10.1051/matecconf/202541401005/pdf,2025,Experimental investigations on Wall Geometry and Waviness,Springer Link (Chiba Institute of Technology),openalex,abstract,exclude,OFFTOPIC,0
W4408689410,10.33545/26180723.2025.v8.i3b.1699,2025,Smart farming solutions in India: Exploring agritech service delivery models,International Journal of Agriculture Extension and Social Development,openalex,abstract,exclude,SETTING,0
W4416177434,10.48175/ijarsct-29450,2025,Automatic Fruit Sorting Machine Based on Weight,International Journal of Advanced Research in Science Communication and Technology,openalex,abstract,exclude,OUTCOME,0
W4393067679,10.46254/in03.20230032,2023,Application of Genetic Algorithms to Optimize Distribution in Food Transport Companies: A Systematic Literature Review,,openalex,indexing,exclude,NOT_SCOPUS_OR_WOS_INDEXED,0
W4409308269,10.32782/business-navigator.79-31,2025,EDIBLE COFFEE CUPS: BUSINESS PLAN FOR THE DEVELOPMENT OF HEALTHY INNOVATION IN THE HORECA AND TOURISM SECTORS,Business Navigator,openalex,abstract,exclude,TECH,0
W4400996581,10.54097/yhmd9x32,2024,A Study on Vegetable Sales Forecasting Based on Seasonal Indices and LSTM Model,Highlights in Business Economics and Management,openalex,abstract,exclude,OUTCOME,0
W7164819015,10.3390/foods15122155,2026,"Upcycling Spent Coffee Grounds: Approaches, Emerging Concepts and Applications",Foods,openalex,abstract,exclude,OUTCOME,0
W3185212508,10.18805/ijare.a-5709,2021,Indian Agricultural Sector Present and Post Pandemic Condition,Indian Journal of Agricultural Research,openalex,abstract,exclude,SETTING,0
W4415242068,10.64388/irev9i3-1710789-3276,2025,From Sensor to Strategy: Leveraging IoT and Real-Time Data Analytics for Poultry Disease Management,Iconic Research and Engineering Journals,openalex,abstract,exclude,SETTING,0
W4412447834,10.54097/832wps73,2025,Sustainable Supply Chain Practices in Australian Smes in the Post-COVID Recovery Era,Frontiers in Business Economics and Management,openalex,abstract,exclude,TECH,0
W4404320977,10.4102/jtscm.v18i0.1073,2024,Enhancing brewery logistics with smart kegs: A simulation study,Journal of Transport and Supply Chain Management,openalex,abstract,include,,1
W3048875916,10.22215/datapower.v2017i0.115,2017,"From connectivity gaps to data ownership: precision agriculture in Ontario, Canada",,openalex,abstract,exclude,SETTING,0
W4281654775,10.1146/annurev-resource-111820-014312,2022,Rural Employment in Africa: Trends and Challenges,Annual Review of Resource Economics,openalex,abstract,exclude,TECH,0
W3124222757,10.1109/access.2021.3054006,2021,Heuristic and Backtracking Algorithms for Improving the Performance of Efficiency Analysis Trees,IEEE Access,openalex,abstract,exclude,OFFTOPIC,0
W7117480110,10.21608/ijd.2025.473385,2025,"""Economic Planning for Arab Cities Resilience: A Comprehensive Approach""",International Journal of Development,openalex,abstract,exclude,OFFTOPIC,0
W4388594376,10.32718/nvlvet-e10102,2023,Information system of analysis for segmentation of the securities portfolio of the product market,Scientific Messenger of LNU of Veterinary Medicine and Biotechnologies,openalex,abstract,exclude,OFFTOPIC,0
W4413408147,10.55123/mamen.v4i3.5235,2025,Pengaruh Pelatihan Kerja terhadap Produktivitas Karyawan di Kalangan Gen Z pada Perusahaan Pizza Hut Kota Samarinda,MAMEN Jurnal Manajemen,openalex,abstract,exclude,TECH,0
W7213222354,10.1007/s00449-026-03418-3,2026,"Biocatalytic and biogenic pathways for sustainable nanoparticle synthesis: mechanisms, monitoring, and circular bioeconomy integration",Bioprocess and Biosystems Engineering,openalex,title,exclude,SETTING,0
W4409369829,10.3991/ijim.v19i07.52851,2025,Agricultural Transformation: IoT Technology in the Controlled Cultivation of Oryza Sativa Seedlings in Greenhouse,International Journal of Interactive Mobile Technologies (iJIM),openalex,abstract,exclude,SETTING,0
W4401276639,10.55041/ijsrem36941,2024,Digitalization's Effects on India's Fast-Moving Consumer Goods Sector,INTERANTIONAL JOURNAL OF SCIENTIFIC RESEARCH IN ENGINEERING AND MANAGEMENT,openalex,abstract,exclude,OUTCOME,0
W3000450746,10.1016/j.ijpe.2020.107616,2020,Research on horizontal system model for food factories: A case study of process cheese manufacturer,International Journal of Production Economics,openalex,abstract,include,,1
W4411283511,10.3390/app15126653,2025,Emerging Drying Technologies and Their Impact on Bioactive Compounds: A Systematic and Bibliometric Review,Applied Sciences,openalex,abstract,exclude,OUTCOME,0
W7167916266,10.5281/zenodo.21290803,2026,ADAPTIVE AND PREDICTIVE CONTROL IN NIGERIAN INDUSTRIES: IMPROVING EFFICIENCY AND RESILIENCE,Zenodo (CERN European Organization for Nuclear Research),openalex,abstract,exclude,SETTING,0
W4392059571,10.1016/j.spc.2024.02.023,2024,A review of life cycle impacts of different pathways for converting food waste into livestock feed,Sustainable Production and Consumption,openalex,abstract,exclude,OUTCOME,0
W7166526170,10.1051/bioconf/202624103019/pdf,2026,"Circular horticulture: Post-harvest management, value-addition and zero-waste strategies",Springer Link (Chiba Institute of Technology),openalex,abstract,exclude,TYPE,0
W4411216891,10.30838/ep.201.100-105,2025,MARKETING FOUNDATIONS FOR THE DEVELOPMENT OF VEGETABLE FARMING IN UKRAINIAN AGRICULTURAL ENTERPRISES,Economic scope,openalex,abstract,exclude,TECH,0
W4404923883,10.37934/aram.127.1.144154,2024,Exploring the Opportunities of Applying RFID Technology in Smart Agriculture,Journal of Advanced Research in Applied Mechanics,openalex,abstract,exclude,OUTCOME,0
W2893019971,10.3303/cet1864038,2018,Eco-Friendly Use of Tomato Processing Residues for Lactic Acid Production in Campania,Chemical engineering transactions,openalex,abstract,include,,1
W4388668073,10.12775/eec.2021.007,2021,Disrupted Market Relations in Agriculture in North Macedonia: the COVID-19 Crisis,Eastern European Countryside,openalex,abstract,exclude,TECH,0
W4392437600,10.1016/j.compag.2024.108715,2024,Universal modeling for optimizing leafy vegetable production in an environment-controlled vertical farm,Computers and Electronics in Agriculture,openalex,abstract,exclude,SETTING,0
W4390760794,10.5958/2583-3715.2023.00020.5,2023,Mechanizing Indian Agriculture with precision farming technologies: Challenges and perspective,RASSA Journal of Science for Society,openalex,abstract,exclude,SETTING,0
W7216359310,10.64252/p0stz503,2025,The Role Of Information And Communication Technologies In Enhancing Agricultural Supply Chain Management: Evidence From Liberian Farmers Via Structural Equation Modeling,International Journal of Environmental Sciences,openalex,abstract,exclude,SETTING,0
W4403214012,10.3390/jcs8100413,2024,Polysaccharide-Based Bioplastics: Eco-Friendly and Sustainable Solutions for Packaging,Journal of Composites Science,openalex,abstract,exclude,OUTCOME,0
W7134936587,10.1016/j.rechem.2026.103221,2026,"Overview of extraction methods for phytochemicals: Principles, applications, and future directions",Results in Chemistry,openalex,abstract,exclude,OUTCOME,0
W7165623188,10.5281/zenodo.20806211,2024,Aerospace Telemetry and Computer Vision for Precision Agriculture Supply Chains: A Central American Case Study,Zenodo (CERN European Organization for Nuclear Research),openalex,abstract,exclude,OUTCOME,0
W3042968583,10.1007/s11368-020-02723-y,2020,Biorefinery-assisted soil management for enhancing food security,Journal of Soils and Sediments,openalex,title,exclude,SETTING,0
W4408338721,10.3390/md23030120,2025,Mixotrophic Cultivation of Dunaliella tertiolecta in Cheese Whey Effluents to Enhance Biomass and Exopolysaccharides (EPS) Production: Biochemical and Functional Insights,Marine Drugs,openalex,abstract,exclude,OUTCOME,0
W3011312182,,2020,ENERGY AND MATERIAL RECOVERY FROM ZEBU BONES FOR THE PRODUCTION OF DISTILLATION GAS: ALTERNATIVE FUEL AND ACTIVATED CARBON BY DRY DISTILLATION.,,openalex,indexing,exclude,NOT_SCOPUS_OR_WOS_INDEXED,0
W7215216141,,2025,PRODUCTION OF DRIED FRUITS USING TECHNOLOGICAL EQUIPMENT,International Multidisciplinary Journal for Research & Development,openalex,abstract,exclude,TYPE,0
W4385276828,10.9734/ijecc/2023/v13i92444,2023,Unmanned Aerial Vehicle Direct Seeding Versus Ground Seeding Mechanization Services in Smallholder Farming Systems of North West IGP on Energy Use Efficiency and Quality of Rice Culture: A Review,International Journal of Environment and Climate Change,openalex,abstract,exclude,SETTING,0
W7134829695,10.3390/foods15060972,2026,Sectoral Analysis of Food Waste in EU Countries: Implications for Pro-Environmental Orientation and Policy,Foods,openalex,abstract,exclude,TECH,0
W7163886641,10.1007/s42452-026-08795-8,2026,Bacterial pigments for a circular bioeconomy through bioprocess innovation and industrial application,Discover Applied Sciences,openalex,abstract,exclude,OUTCOME,0
W4402992710,10.31025/2611-4135/2024.19398,2024,AgrI-fiSh: sustainable and innovative feeds from agricultural wastes for a resilient and high-quality aquaculture,Detritus,openalex,abstract,exclude,TYPE,0
W4414747109,10.59059/jupiekes.v3i1.2100,2025,Optimalisasi UMKM Berbasis Syariah: Studi Kasus Browsist Dalam Pengembangan Ekonomi Kreatif Kuliner,Jurnal Penelitian Ilmu Ekonomi dan Keuangan Syariah,openalex,abstract,exclude,TECH,0
W4414413433,10.9734/ajess/2025/v51i102474,2025,"Leveraging Excel-based Business Intelligence for Micro-enterprise Growth: The Case Study of Brother’s Wagon Street Food Stall in Kolhapur, Maharashtra, India",Asian Journal of Education and Social Studies,openalex,indexing,exclude,NOT_SCOPUS_OR_WOS_INDEXED,0
W4410728761,10.5861/ijrse.2025.25502,2025,"Adaptation of technology-based services and service quality of fast-food businesses in San Jose, Occidental Mindoro",International Journal of Research Studies in Education,openalex,indexing,exclude,NOT_SCOPUS_OR_WOS_INDEXED,0
W4312662446,10.31279/2782-6414-2022-2-4-1-9,2022,THE ESSENCE OF THE EFFECTIVENESS OF INNOVATIVE ACTIVITY IN AGRICULTURE,Research of Economic and Financial Problems,openalex,abstract,exclude,SETTING,0
W7125515485,10.1155/bri/3996383,2026,Whey as an Environmental Issue and Its Possible Solutions: Its Utilization as Culture Medium to Produce L‐Threonine Through E. coli in a Bioreactor,Biochemistry Research International,openalex,abstract,include,,1
W4388646033,10.1007/s13399-023-05097-6,2023,Optimization and comparison of heat- and ultrasound-assisted extraction methods for anthocyanin recovery from Sicana odorifera fruit epicarp,Biomass Conversion and Biorefinery,openalex,abstract,exclude,OUTCOME,0
W7133893781,10.5281/zenodo.18873507,2026,Automated Colour Sorting Machine Using Arduino Microcontroller And TCS3200 Optical Sensor,Zenodo (CERN European Organization for Nuclear Research),openalex,abstract,exclude,SETTING,0
W3157358540,,2021,FDI’s role and profile in the Greek economy,,openalex,abstract,exclude,OFFTOPIC,0
W2921689628,10.1136/oemed-2018-105671,2019,Evidence to design ‘just right’ work using active workstations is currently limited,Occupational and Environmental Medicine,openalex,abstract,exclude,OFFTOPIC,0
W2337990829,,2015,Patterns of Shopping Behavior of Online Customers at a Frozen Food Grocery Consortium,,openalex,abstract,exclude,TECH,0
W4413152406,10.11591/ijeecs.v39.i2.pp1280-1298,2025,Technology in halal certification: a ten-year bibliometric study,Indonesian Journal of Electrical Engineering and Computer Science,openalex,abstract,exclude,OUTCOME,0
W4413109582,10.1016/j.tifs.2025.105215,2025,"New sources, stability, and bioavailability for micronutrient fortification of 3D-printed foods",Trends in Food Science & Technology,openalex,title,exclude,OUTCOME,0
W4400733153,10.11591/ijai.v13.i3.pp2934-2945,2024,"A hybrid hue saturation lightness, gray level co-occurrence matrix, and k-nearest neighbour for palm-sugar classification",IAES International Journal of Artificial Intelligence,openalex,abstract,exclude,OUTCOME,0
W4411514718,10.5120/ijca2025925088,2025,"Design and Implementation of a Cloud-Integrated, IoT-Enabled ESP32 System for Real-Time Agricultural Environmental Monitoring",International Journal of Computer Applications,openalex,abstract,exclude,SETTING,0
W4405455176,10.1016/j.ultsonch.2024.107201,2024,Sustainable assessment of ultrasound-assisted extraction of anthocyanins with bio-based solvents for upgrading grape pomace Cabernet Sauvignon derived from a winemaking process,Ultrasonics Sonochemistry,openalex,abstract,exclude,OUTCOME,0
W4408155411,10.36887/2415-8453-2025-1-18,2025,Simulation modeling of the system and mechanism of risk management of economic activities of food production,Ukrainian Journal of Applied Economics and Technology,openalex,indexing,exclude,NOT_SCOPUS_OR_WOS_INDEXED,0
W4414704150,10.3390/resources14100156,2025,Carbon Recovery from Wastewater Feedstocks: Synthesis of Polyhydroxyalkanoates for Target Applications,Resources,openalex,abstract,exclude,OUTCOME,0
W4412403415,10.1038/s41598-025-10537-6,2025,AI-driven smart agriculture using hybrid transformer-CNN for real time disease detection in sustainable farming,Scientific Reports,openalex,abstract,exclude,SETTING,0
W4394862825,10.1109/access.2024.3389648,2024,An Ensemble Hybrid Framework: A Comparative Analysis of Metaheuristic Algorithms for Ensemble Hybrid CNN Features for Plants Disease Classification,IEEE Access,openalex,abstract,exclude,SETTING,0
W4414059115,10.32983/2222-4459-2025-6-189-196,2025,Investment Provision for the Formation of Value-Added Chains in Livestock and Processing,Business Inform,openalex,abstract,exclude,TYPE,0
W2920847537,10.3389/fmicb.2019.00405,2019,Bioconversion of Beet Molasses to Alpha-Galactosidase and Ethanol,Frontiers in Microbiology,openalex,abstract,exclude,OUTCOME,0
W4413489906,10.1016/j.foohum.2025.100778,2025,"Edible insects for food security: Overcoming cultural, legal and tech barriers to wider adoption",Food and Humanity,openalex,title,exclude,TECH,0
W4415065916,10.1007/s00217-025-04922-8,2025,Advances in the use of Zein in food formulations: a comprehensive review with bibliometric analysis,European Food Research and Technology,openalex,title,exclude,OUTCOME,0
W3211005364,10.1007/s12571-021-01223-2,2021,Food systems and structural and rural transformation: a quantitative synthesis for low and middle-income countries,Food Security,openalex,title,exclude,SETTING,0
W4413809188,10.9734/jabb/2025/v28i92889,2025,"Recent Advancements in Pulses Cultivation: Challenges, Innovations, and Future Directions",Journal of Advances in Biology & Biotechnology,openalex,abstract,exclude,SETTING,0
W7133942794,10.14719/pst.11648,2026,"Funding patterns and financial viability of agricultural startups under the RKVY-RAFTAAR scheme in the states of Andhra Pradesh and Telangana, India",Plant Science Today,openalex,abstract,exclude,TECH,0
W7172114595,10.64388/irev10i2-1720271,2026,A Study on Challenges and Opportunities in Cold Chain Logistics Management: A Study of Snowman Logistics Limited,Iconic Research and Engineering Journals,openalex,abstract,exclude,OUTCOME,0
W7166435883,10.3390/agriculture16131408,2026,Potato-Free: Eliminating Model Training for Disease Detection and Localization in Potato Tubers,Agriculture,openalex,abstract,exclude,OUTCOME,0
W3185553561,10.1016/j.lwt.2021.112227,2021,Modeling the effect of initial cell concentration and soluble solids on the plasma inactivation of yeast in apple juices,LWT,openalex,title,exclude,OUTCOME,0
W7117478241,10.59865/abacj.2025.47,2025,Key Factors Influencing Technology Adoption for Food Loss Management in SMEs,ABAC Journal,openalex,abstract,exclude,OUTCOME,0
W4396239680,10.7433/s123.2024.03,2024,How sustainable is smart farming? The contribution of service platforms to innovate Italian agribusinesses,Sinergie Italian Journal of Management,openalex,abstract,exclude,SETTING,0
W4400165041,10.1080/25740881.2024.2369670,2024,Hydrogel-based drug delivery systems - a review,Polymer-Plastics Technology and Materials,openalex,abstract,exclude,OFFTOPIC,0
W7160266447,10.1016/j.jfutfo.2026.04.017,2026,Oil from woody plants: Bridging Sustainability and Nutrition in Future Food Systems,Journal of Future Foods,openalex,abstract,exclude,OUTCOME,0
W4417226002,10.5194/aab-68-731-2025,2025,"Nutritional application of olive pomace in dairy animals: chemical composition, implications for milk quality and yield, nutrient digestibility, economics, and limitations",Archives animal breeding/Archiv für Tierzucht,openalex,abstract,exclude,SETTING,0
W3131747101,10.1063/5.0045047,2021,Prediction of fish mortality based on a probabilistic anomaly detection approach for recirculating aquaculture system facilities,Review of Scientific Instruments,openalex,abstract,exclude,SETTING,0
W4391366986,10.37128/2520-6168-2023-4-15,2023,OPTIMIZATION OF ENERGY-EFFICIENT PROCESSES IN THE PRODUCTION AND PROCESSING OF AGRICULTURAL PRODUCTS,ENGINEERING ENERGY TRANSPORT AIC,openalex,abstract,exclude,TYPE,0
W3091870928,10.1016/j.cherd.2020.10.001,2020,Multi-objective optimization tool for ultrasound-assisted extraction including environmental impacts,Process Safety and Environmental Protection,openalex,title,exclude,OUTCOME,0
W4409500144,10.1016/j.eti.2025.104192,2025,Lignin as a renewable resource for bio-oil and oligomers production. An environmental perspective,Environmental Technology & Innovation,openalex,abstract,exclude,SETTING,0
W7218259953,,2024,Deep Learning Model Based on E-Noses Sensors in Food Production Controlling System,Journal of Propulsion Technology,openalex,abstract,exclude,OUTCOME,0
W4414691433,10.32782/2707-8019/2025-2-8,2025,INNOVATION AS A TOOL FOR SUSTAINABLE DEVELOPMENT OF THE HOTEL INDUSTRY,Економіка розвитку систем,openalex,abstract,exclude,SETTING,0
W4387619382,10.21474/ijar01/17567,2023,EXPERIMENTATION OF AN APPLICATION OF EARLY DIAGNOSIS AND INVENTORY OF SOYBEAN DISEASES (GLYCINE MAX (L.) MERR.) IN BURKINA FASO,International Journal of Advanced Research,openalex,abstract,exclude,SETTING,0
W4377208612,10.54174/utjagr.v10i2.133,2021,Mechanism for the dissemination of agricultural technologies in Romania,University of Thi-Qar Journal of agricultural research,openalex,abstract,exclude,SETTING,0
W2790461547,10.1016/j.jclepro.2018.01.091,2018,Current scenario of Canadian fishery and corresponding underutilized species and fishery byproducts: A potential source of omega-3 fatty acids,Journal of Cleaner Production,openalex,title,exclude,OUTCOME,0
W7212054108,10.1016/j.foodres.2026.120682,2026,From bioreactor to table: reinventing future protein supply through cellular agriculture,Food Research International,openalex,title,exclude,TECH,0
W4410446420,10.1134/s1070363225130018,2025,Utilization of Waste-Derived Fatty Acid Feedstock for Polyhydroxyalkanoate Biosynthesis by Cupriavidus necator H16,Russian Journal of General Chemistry,openalex,abstract,exclude,OUTCOME,0
W3195434464,10.1007/s43615-021-00102-4,2021,Capture of CO2 and Water While Driving for Use in the Food and Agricultural Systems,Circular Economy and Sustainability,openalex,title,exclude,SETTING,0
W4389167107,10.20998/2079-004x.2023.1(7).08,2023,THEORETICAL AND EXPERIMENTAL JUSTIFICATION OF EFFECTIVE TECHNOLOGIES OF HIGH-SPEED MECHANICAL PROCESSING,"Vestnik Nacionalʹnogo tehničeskogo universiteta ""HPI"". Tehnologii v mašinostroenii/Vìsnik Nacìonalʹnogo tehnìčnogo unìversitetu HPÌ. Serìâ: Tehnologìï v mašinobuduvannì",openalex,abstract,exclude,SETTING,0
W4411643332,10.47556/j.ijsr.12.1.2025.5,2025,Transforming Sudan’s Agricultural Sector: A Post-Conflict Platform for Sustainable Growth,International Journal of Sudan Research,openalex,abstract,exclude,SETTING,0
W4411355272,10.63341/vis/1.2025.08,2025,Reserves for enhancing the effectiveness of neuromarketing research into consumer behaviour in brand development by enterprises,Innovation and Sustainability,openalex,abstract,exclude,OFFTOPIC,0
W4385601879,10.9734/cjast/2023/v42i224168,2023,Harnessing the Power of Big Data: Revolutionizing Agriculture,Current Journal of Applied Science and Technology,openalex,abstract,exclude,SETTING,0
W4409160132,10.18265/2447-9187a2025id8695,2025,Corncob flour as an alternative ingredient for muffins: technological and nutritional perspectives,Revista Principia - Divulgação Científica e Tecnológica do IFPB,openalex,abstract,exclude,OUTCOME,0
W4416359188,10.48175/ijarsct-29328,2025,Resilience and Innovation in Food SMES: Strategies for Navigating Seasonal Fluctuations,International Journal of Advanced Research in Science Communication and Technology,openalex,abstract,exclude,TECH,0
W7211990274,10.64751/jdim.2026.v5.n1.1349,2026,Career Development Strategies and Their Influence on Employee Motivation in the Fast-Food Chain Industry,International Journal of Data Science and IoT Management System,openalex,abstract,exclude,OFFTOPIC,0
W4406349843,10.3390/horticulturae11010087,2025,Fruit Quality and Production Parameters of Some Bitter Cherry Cultivars,Horticulturae,openalex,abstract,exclude,SETTING,0
W7212222852,10.1007/s44509-026-00030-2,2026,From waste to rhamnolipid biosurfactant production using sugar industry waste in circular bioeconomy frameworks,Discover Green Chemistry,openalex,abstract,exclude,OUTCOME,0
W7127620985,10.14569/ijacsa.2026.0170124,2026,Comparative Evaluation of CNN Architectures for Corn Leaf Diseases Classification,International Journal of Advanced Computer Science and Applications,openalex,abstract,exclude,SETTING,0
W4412884995,10.1002/fft2.70082,2025,Marine Algae‐Derived Bioactives: A Sustainable Resource for the Food and Agriculture Industries,Food Frontiers,openalex,abstract,exclude,OUTCOME,0
W7155575583,,2024,"Omnichannel diagnosis for micro, small and mediumsized companies, sectorial study",Scientific Electronic Library Online (Scientific Electronic Library Online),openalex,abstract,exclude,OUTCOME,0
W4296628129,10.1016/j.copbio.2022.102796,2022,Mathematical modeling and process analytical technology for continuous chromatography of biopharmaceutical products,Current Opinion in Biotechnology,openalex,title,exclude,SETTING,0
W2899661116,10.3390/s18113742,2018,Enhanced Clean-In-Place Monitoring Using Ultraviolet Induced Fluorescence and Neural Networks,Sensors,openalex,abstract,exclude,OUTCOME,0
W4205869451,10.1080/26437015.2021.1989993,2021,How do French agri-tech start-ups contribute to the sustainability of food value chains?,Journal of the International Council for Small Business,openalex,abstract,exclude,OUTCOME,0
W4410465743,10.1016/j.ijbiomac.2025.144316,2025,Multidimensional computational strategies enhance the thermostability of alpha-galactosidase,International Journal of Biological Macromolecules,openalex,title,exclude,SETTING,0
W3091803322,,2020,Lean Implementation for Improving Process Flow towards Industry Revolution (IR4.0) Using Arena Simulation,Solid State Technology,openalex,verification,exclude,TECH,0
W7131803230,10.1186/s13705-026-00570-2,2026,Optimized production scheduling: a case study on food and steel industries,Energy Sustainability and Society,openalex,abstract,include,,1
W2584286119,10.1016/j.nbt.2017.01.002,2017,A p-coumaroyl esterase from Rhizoctonia solani with a pronounced chlorogenic acid esterase activity,New Biotechnology,openalex,title,exclude,SETTING,0
W4206909360,10.1007/s11367-022-02024-1,2022,UM3-LCE3-ISN: a methodology for multi-level life cycle environmental and economic evaluation of industrial symbiosis networks,The International Journal of Life Cycle Assessment,openalex,title,exclude,SETTING,0
W7214776123,10.1186/s40100-026-00524-4,2026,"Old flavours, new choices: from awareness to consumption of traditional products of marginal mountain areas",Agricultural and Food Economics,openalex,abstract,exclude,OFFTOPIC,0
W7215440310,,2025,Strategic Value of Certifications in Manufacturing Companies: Analysis of the Leading Companies in the Marche Region,Economia Marche - Journal of Applied Economics,openalex,abstract,exclude,TECH,0
W7167501923,10.1016/j.foodcont.2026.112455,2026,Toward autonomous food preservation through essential oil-based nanoformulations coupled with AI and foodomics for real-time safety and shelf-life prediction,Food Control,openalex,title,exclude,OUTCOME,0
W4385520946,10.1016/j.spc.2023.08.002,2023,What a waste! Evidence of consumer food waste prevention and its effectiveness,Sustainable Production and Consumption,openalex,abstract,exclude,SETTING,0
W4408380615,10.59797/ija.v70i.6267,2025,"Transforming food, land and water systems under global climate change: A review",Indian Journal of Agronomy,openalex,abstract,exclude,SETTING,0
W4309204656,10.1016/j.aiia.2022.11.002,2022,"Disease detection, severity prediction, and crop loss estimation in MaizeCrop using deep learning",Artificial Intelligence in Agriculture,openalex,abstract,exclude,SETTING,0
W7159684075,10.1108/ijwbr-05-2025-0028,2026,Winery communication styles: a content analysis of Etna wineries’ websites,International Journal of Wine Business Research,openalex,abstract,exclude,OUTCOME,0
W4214653587,10.24018/ejsocial.2022.2.1.196,2022,Determining the Necessary Requirements for Developing a Business-to-Business Application: A Consultancy-Based Analysis,European Journal of Humanities and Social Sciences,openalex,abstract,exclude,TYPE,0
W4399703855,10.31572/inotera.vol9.iss1.2024.id327,2024,Blocplan Algorithm for Facility Layout Design in Various Industry in Indonesia,Jurnal Inotera,openalex,abstract,exclude,SETTING,0
W2900229804,10.3389/fnut.2018.00104,2018,Conceptualizing a Sustainable Food System in an Automated World: Toward a “Eudaimonian” Future,Frontiers in Nutrition,openalex,abstract,exclude,TYPE,0
W7164891730,10.3390/foods15122173,2026,"Apple Pomace in Ready-to-Eat Plant-Based Meat Analogs: Functionality, Challenges, and Opportunities",Foods,openalex,abstract,exclude,OUTCOME,0
W4413400485,10.56294/digi2025257,2025,Digitization and agricultural markets: a proposal for the San Martín region,Diginomics,openalex,abstract,exclude,TYPE,0
W7216699106,,2025,Economic mechanisms for stimulating the development of entrepreneurial structures of the agro-industrial complex: world experience and opportunities for Ukraine,Здобутки економіки перспективи та інновації,openalex,abstract,exclude,OFFTOPIC,0
W4409517774,10.32670/ecoopsday.v6i1.5165,2025,Pelatihan Penguatan Kelembagaan dan Tata Kelola Koperasi Modern Sektor Pangan di Pekanbaru Provinsi Riau,E-coops-day.,openalex,abstract,exclude,TYPE,0
W7202051580,10.1021/acsabm.6c00430,2026,"Electrospun Nanofibrous Architectures for Food Packaging: A Review of Pore Engineering, Permeability Control, and Sustainability",ACS Applied Bio Materials,openalex,abstract,exclude,OUTCOME,0
W4408869248,10.55041/ijsrem42915,2025,Smart Farming,INTERANTIONAL JOURNAL OF SCIENTIFIC RESEARCH IN ENGINEERING AND MANAGEMENT,openalex,abstract,exclude,OUTCOME,0
W3160725813,10.1007/s12161-021-02045-w,2021,Evaluation of the Level of Toxic Contaminants and Essential Molecules in the Context of the Re-Use of Tuna Fishery Industry by-Products,Food Analytical Methods,openalex,title,exclude,OUTCOME,0
W7165765158,10.17645/up.11705,2026,AI for Urban Resilience in Africa: Pest Detection in Cabo Verde Using Convolutional Neural Networks,Urban Planning,openalex,abstract,exclude,SETTING,0
W3114358277,10.3390/electronics10010015,2020,"Development of a Portable, Reliable and Low-Cost Electrical Impedance Tomography System Using an Embedded System",Electronics,openalex,abstract,exclude,SETTING,0
W4313361031,10.3390/su15010635,2022,Sustainability Assessment of Food-Waste-Reduction Measures by Converting Surplus Food into Processed Food Products for Human Consumption,Sustainability,openalex,abstract,include,,1
W4294699759,10.25181/jofsa.v6i1.2454,2022,Keunggulan Bersaing UMKM Industri Pangan di Bandar Lampung,Journal of Food System & Agribusiness,openalex,indexing,exclude,NOT_SCOPUS_OR_WOS_INDEXED,0
W7215724391,10.64751/cbpr4f44,2026,AI Based Food Health Rating System,International Journal of AI Electronics and Nexus Energy,openalex,abstract,exclude,OUTCOME,0
W7208828031,10.5281/zenodo.22332670,2026,"MSMEs in Maharashtra: Growth, Problems, challenges and Policy Perspectives",Zenodo (CERN European Organization for Nuclear Research),openalex,abstract,exclude,SETTING,0
W4407186056,10.1016/j.renene.2025.122574,2025,Exergy and economic analysis of a micro-cogeneration system coupled with a biomass gasifier,Renewable Energy,openalex,abstract,exclude,SETTING,0
W4409334620,10.1680/jcien.25.00080,2025,Briefing: How do we adapt to the new hot reality?,Proceedings of the Institution of Civil Engineers - Civil Engineering,openalex,abstract,exclude,TYPE,0
W4297536951,10.3390/su141912181,2022,From Chestnut Tree (Castanea sativa) to Flour and Foods: A Systematic Review of the Main Criticalities and Control Strategies towards the Relaunch of Chestnut Production Chain,Sustainability,openalex,abstract,exclude,OUTCOME,0
W4414965618,10.33545/2618060x.2025.v8.i10sa.3974,2025,Start-ups’ in Indian Agriculture and Their participation in global value chains: Effects on income and employment: An economic analysis,International Journal of Research in Agronomy,openalex,abstract,exclude,TECH,0
W4405329808,10.70112/ajms-2024.13.2.4255,2024,Strategic Analysis of McDonald’s Global and Indian Market Performance,Asian Journal of Managerial Science,openalex,abstract,exclude,TECH,0
W3048947802,10.1139/cjfr-2020-0201,2020,Biorefinery potential of Eucalyptus grandis to produce phenolic compounds and biogas,Canadian Journal of Forest Research,openalex,abstract,exclude,SETTING,0
W4406627289,10.55248/gengpi.6.0125.0401,2025,Review on Sustainable Practices in Agricultural Food Chains,International Journal of Research Publication and Reviews,openalex,abstract,exclude,OUTCOME,0
W4402656674,10.1108/gkmc-12-2023-0470,2024,Adoption of mobile applications (apps) for information management in small agribusiness enterprises – an exploratory mixed-methods study of Farmer Producer Companies in India,"Global Knowledge, Memory and Communication",openalex,abstract,exclude,OUTCOME,0
W2946876311,10.20914/2310-1202-2018-2-101-107,2018,The development of the automatic control system for the production process of the boiling of the massecuite of the first crystallization in a vacuum apparatus,Proceedings of the Voronezh State University of Engineering Technologies,openalex,abstract,exclude,OUTCOME,0
W4403658044,10.11648/j.ajme.20241003.11,2024,"Agricultural Waste for Energy Storage, Conversion and Agricultural Applications",American Journal of Modern Energy,openalex,abstract,exclude,OUTCOME,0
W7215543037,,2025,ANALISIS KOLABORASI DIVISI BUSINESS DEVELOPMENT DAN DIVISI HUMAN RESOURCES DALAM MENGIMPLEMENTASIKAN STRATEGI PENGEMBANGAN BISNIS DAN SDM PADA PERUSAHAAN CV COKRO BERSATU (BLUDER COKRO),Jurnal Pijar,openalex,abstract,exclude,TECH,0
W4393905385,10.31548/economics15(1).2024.104,2024,INNOVATIVENESS AS A PREREQUISITE FOR THE POST-WAR DEVELOPMENT OF THE AGRICULTURAL SECTOR IN UKRAINE,Bioeconomics and agrarian business,openalex,abstract,exclude,SETTING,0
W7165556179,10.1111/1750-3841.71155,2026,Proposal for the Use of an Industrial Membrane System for Lactose Recovery From Whey: Adaptation of Technology Used in Protein Concentration,Journal of Food Science,openalex,abstract,exclude,OUTCOME,0
W2187563031,,2015,Integrated Development Environment for Human Machine Interface,,openalex,abstract,exclude,SETTING,0
W7166517642,10.1016/j.cep.2026.110942,2026,Integrated steam stripping as a process intensification strategy for batch deodorization of oil deodorizer distillates to enhance pesticide removal,Chemical Engineering and Processing - Process Intensification,openalex,title,exclude,OUTCOME,0
W7116916148,10.1093/lambio/ovaf143,2025,Brewery spent yeast medium for Serratia sp. bio-beads improves Chenopodium quinoa Willd. growth in the Northern Altiplano of Bolivia,Letters in Applied Microbiology,openalex,abstract,exclude,SETTING,0
W7155541527,10.62643/ijerst.2026.v22.n2(1).2928,2026,An End-to-End Deep Residual Learning Paradigm for Robust Visual Defect Detection and Quality Assessment in Baked Product Processing Systems,International Journal of Engineering Research and Science & Technology,openalex,abstract,exclude,OUTCOME,0
W4411590210,10.63822/aap8v285,2025,Level Up Bisnis Tahu & Tempe: Optimalisasi Usaha dengan Aplikasi Credibook,Jejak digital Jurnal Ilmiah Multidisiplin,openalex,abstract,exclude,OUTCOME,0
W4411607303,10.3390/app15137024,2025,YOLOv8m for Automated Pepper Variety Identification: Improving Accuracy with Data Augmentation,Applied Sciences,openalex,abstract,exclude,OUTCOME,0
W4285098846,10.1007/s12517-022-10558-9,2022,Recycled biowaste improved soil physical properties of alkaline soil and wheat performance,Arabian Journal of Geosciences,openalex,title,exclude,SETTING,0
W7117968148,10.54796/njb.v13i2.463,2025,"Harnessing Biofertilizers for Sustainable Agriculture: Mechanistic Insights, Performance Variability, and Soil Health Outcomes",Nepal Journal of Biotechnology,openalex,abstract,exclude,SETTING,0
W4416642500,10.1016/j.jclepro.2025.147111,2025,Environmental footprint assessment and mitigation strategies in agricultural cooperatives: A case study towards cleaner production in arid regions,Journal of Cleaner Production,openalex,abstract,exclude,OUTCOME,0
W7166845146,10.3390/membranes16070228,2026,"On Modeling and Optimization for Separation, Concentration, and Purification of Saponins and Phenolic Compounds from Quinoa Hulls by Nanofiltration",Membranes,openalex,abstract,exclude,OUTCOME,0
W7124168043,10.3390/agriculture16020214,2026,Mapping Women’s Role in Agriculture 4.0: A Bibliometric Analysis and Conceptual Framework,Agriculture,openalex,abstract,exclude,SETTING,0
W4253386840,10.33263/lianbs111.30653075,2021,Green Technologies and Environmental Management: a New Understanding and Approach to the Use of Agricultural Waste,Letters in Applied NanoBioScience,openalex,abstract,exclude,OUTCOME,0
W4404189055,10.33795/elposys.v11i3.6299,2024,Inovasi Sistem Kontrol Elektronik Berbasis Arduino untuk Proses Penekanan Adonan Kue Tradisional,ELPOSYS Jurnal Sistem Kelistrikan,openalex,abstract,exclude,OUTCOME,0
W4399402072,10.1016/j.indcrop.2024.118855,2024,Xylitol biosynthesis and process scale-up from wheat straw hemicellulosic hydrolysate using Candida tropicalis,Industrial Crops and Products,openalex,title,exclude,SETTING,0
W4413810899,10.1155/jece/8896674,2025,Simple and Effective Techniques for Automatic Fish Species Classification Using Image Processing and Deep Learning,Journal of Electrical and Computer Engineering,openalex,abstract,exclude,OUTCOME,0
W7140284842,10.1016/j.rineng.2026.110266,2026,Sustainable innovations in e-nose sensor arrays for meat and seafood preservation: Advances in volatile compound detection,Results in Engineering,openalex,abstract,exclude,OUTCOME,0
W4405802498,10.1016/j.foohum.2024.100492,2024,"Accurate & real-time food classification through the synergistic integration of EfficientNetB7, CBAM, transfer learning, and data augmentation",Food and Humanity,openalex,title,exclude,OUTCOME,0
W4413765641,10.33545/26174693.2025.v9.i8st.5387,2025,Marketing patterns of products produced by selected women SHGs: A case study of Mahasamund district of Chhattisgarh,International Journal of Advanced Biochemistry Research,openalex,abstract,exclude,TECH,0
W4410156868,10.3390/su17094236,2025,Understanding Food Waste Sorting Practices: Insights from a Systematic Review,Sustainability,openalex,abstract,exclude,OFFTOPIC,0
W7203719719,10.3390/horticulturae12081029,2026,"Integrated Analysis of Physiological, Productive, and Nutritional Response of Hydroponic Chard (Beta vulgaris L. var. Cicla) Under Different Photoperiods and Nutrient Solution Concentrations in a Controlled Environment",Horticulturae,openalex,abstract,exclude,SETTING,0
W4411770189,10.30872/jinv.v20i2.1770,2024,MSME Business Growth in Indonesia: is the Indonesian Standard Quick Response Code (QRIS) a Major Factor?,INOVASI,openalex,indexing,exclude,NOT_SCOPUS_OR_WOS_INDEXED,0
W4414136437,10.15673/gpmf.v25i3.3208,2025,ANALYSIS OF EXISTING TECHNOLOGIES FOR SECONDARY PROCESSING OF GRAIN RAW MATERIALS IN BEER PRODUCTION,Grain Products and Mixed Fodder’s,openalex,abstract,exclude,OUTCOME,0
W4251275344,10.25165/j.ijabe.20201303.4397,2020,Irrigated agriculture for food self-sufficiency in the sub-Saharan African region,International journal of agricultural and biological engineering,openalex,abstract,exclude,SETTING,0
W7215421266,,2025,Optimization of Logistics Management and Distribution of Bakery Products at PT. Nippon Indosari Corpindo Tbk Purwakarta,Journal of Management,openalex,abstract,exclude,OUTCOME,0
W3200512362,10.35940/ijeat.e1151.069520,2020,Design and Fabrication of Automatic Dosa Maker,International Journal of Engineering and Advanced Technology,openalex,abstract,exclude,OUTCOME,0
W7108215081,10.1016/j.nxmate.2025.101492,2025,"Unveiling the sustainable sources, extraction methods and emerging applications of cellulosic nanofibers in food packaging industry: A review",Next Materials,openalex,abstract,exclude,OUTCOME,0
W4220780031,10.1016/j.eclinm.2022.101320,2022,Economic costs of childhood stunting to the private sector in low- and middle-income countries,EClinicalMedicine,openalex,abstract,exclude,OFFTOPIC,0
W4410918257,10.1021/acssuschemeng.5c02336,2025,Environmental Insights into Single-Cell Protein Production: A Life Cycle Assessment Framework,ACS Sustainable Chemistry & Engineering,openalex,abstract,exclude,OUTCOME,0
W7214173739,10.3390/su18199782,2026,"Cradle-to-Gate Life Cycle Assessment of Pasteurised Liquid Egg: Environmental Hotspots, Co-Product Allocation Effects and Implications for Sustainable Egg Supply Chains",Sustainability,openalex,abstract,exclude,OUTCOME,0
W4417275336,10.9734/jsrr/2025/v31i123799,2025,"A Review on Hybrid Energy System: Configuration, Optimisation Techniques and Applications",Journal of Scientific Research and Reports,openalex,abstract,exclude,SETTING,0
W3183285707,10.3389/fspas.2021.700579,2021,Chlorella Vulgaris Photobioreactor for Oxygen and Food Production on a Moon Base—Potential and Challenges,Frontiers in Astronomy and Space Sciences,openalex,abstract,exclude,OFFTOPIC,0
W4406099194,10.3390/agriengineering7010011,2025,A Novel and Automated Approach to Detect Sea- and Land-Based Aquaculture Facilities,AgriEngineering,openalex,abstract,exclude,SETTING,0
W2977484007,10.1080/17597269.2019.1669862,2019,Biohydrogen production from carob waste of the Lebanese industry by dark fermentation,Biofuels,openalex,abstract,exclude,OUTCOME,0
W4214772877,10.1016/j.jag.2022.102725,2022,Operational framework to predict field level crop biomass using remote sensing and data driven models,International Journal of Applied Earth Observation and Geoinformation,openalex,abstract,exclude,SETTING,0
W7213669663,10.1111/1750-3841.71452,2026,Industrial Applications of Selected JFS Articles,Journal of Food Science,openalex,abstract,exclude,TYPE,0
W7216454381,10.37081/mathedu.v9i2.8251,2026,EDUKASI NUMERASI BERBASIS LIVING LAB EKOSISTEM UNTUK KETANGGUHAN EKONOMI DESA BENCANA,JURNAL MathEdu (Mathematic Education Journal),openalex,abstract,exclude,TYPE,0
W3032657344,10.15866/ireme.v14i2.18258,2020,Research of the Mechatron System of Dosing of Loose Products in Small Doses,International Review of Mechanical Engineering (IREME),openalex,abstract,exclude,OUTCOME,0
W7130410685,10.1016/j.rineng.2026.109632,2026,Adapting agriculture for climate resilience: Strategies for sustainable production and food security,Results in Engineering,openalex,abstract,exclude,SETTING,0
W7208714501,10.1002/bit.70375,2026,Induction and Enhancement of Bacteriocin Production (Review).,PubMed,openalex,abstract,exclude,OUTCOME,0
W7202084830,10.3390/math14162892,2026,Multilayer Network Analysis of Cross-Sector Convergence in the Bio-Industry,Mathematics,openalex,abstract,exclude,SETTING,0
W7171564816,10.1177/21582440261475633,2026,Unleashing Youth Unemployment by Agricultural Transformation in Bangladesh: A Systematic Review,SAGE Open,openalex,abstract,exclude,OFFTOPIC,0
W7127456285,10.1079/cabireviews.2026.0007,2026,Climate agro-advisory services and their potential impacts in Africa,CABI Reviews,openalex,abstract,exclude,SETTING,0
W2473527418,10.1016/j.fbp.2016.06.005,2016,A performance comparison of olive oil mill wastewater enzymatic treatments,Food and Bioproducts Processing,openalex,title,exclude,OUTCOME,0
W7117359357,10.9734/jsrr/2025/v31i123835,2025,"Global Pineapple Markets and Value Chains: Dynamics, Governance and Sustainability Challenges",Journal of Scientific Research and Reports,openalex,abstract,exclude,TECH,0
W3164571996,,2021,New Challenges and advanced techniques in Plant Science,SAARC Journal of Agriculture,openalex,abstract,exclude,SETTING,0
W4285192985,10.31857/s032150750020171-0,2022,Africa's food security: Malnutrition and obesity,Asia and Africa today,openalex,abstract,exclude,OFFTOPIC,0
W4250940187,10.1504/ijbsr.2017.10000881,2016,Long tail vs. blockbusters - a data-driven approach,International Journal of Business and Systems Research,openalex,abstract,exclude,TYPE,0
W4409326875,10.33305/253-16,2025,PRIORITY AREAS OF INVESTMENT IN INNOVATIVE DEVELOPMENT OF AGRICULTURE IN SIBERIA,AIC economics management,openalex,abstract,exclude,SETTING,0
W7117899378,10.9734/sajrm/2025/v19i12477,2025,Microbiology and Biotechnology Research as Drivers of Nigeria’s Manufacturing Development,South Asian Journal of Research in Microbiology,openalex,abstract,exclude,OUTCOME,0
W4410097145,10.31548/dopovidi/1.2025.44,2025,Automated OptiMix-360 system for continuous dough mixing: Technical solutions and efficiency,Naukovì dopovìdì Nacìonalʹnogo unìversitetu bìoresursiv ì prirodokoristuvannâ Ukraïni,openalex,indexing,exclude,NOT_SCOPUS_OR_WOS_INDEXED,0
W7166022900,10.1016/j.sftr.2026.102000,2026,Enabling technologies for climate-resilient mediterranean agriculture: A multicriteria decision-making study in Sicily (Italy),Sustainable Futures,openalex,abstract,exclude,SETTING,0
W4415788788,10.1186/s12870-025-07377-x,2025,Deep learning technique for plant disease classification and pest detection and model explainability elevating agricultural sustainability,BMC Plant Biology,openalex,abstract,exclude,SETTING,0
W7162864839,10.1007/s44274-026-00719-y,2026,Integrative approaches for sustainable and resilient water–food systems under climate and socio-economic pressures,Discover Environment,openalex,abstract,exclude,SETTING,0
W7169662811,10.1007/s10611-026-10296-z,2026,We are all replaceable: Workplace control and (digitalised) surveillance in logistics warehouses,Crime Law and Social Change,openalex,abstract,exclude,OUTCOME,0
W7114922398,10.12737/2306-627x-2025-14-4-65-70,2025,"Integration of Agroengineering and Food Technologies in the Quality Management of Plant-Based Products: Technological, Economic, and Environmental Aspects",Scientific Research and Development Economics of the Firm,openalex,abstract,exclude,TYPE,0
W4411125899,10.55041/isjem04317,2025,A Detailed Study on Training and Development of Britannia Industries Ltd for Their Employees and New Entrants,International Scientific Journal of Engineering and Management,openalex,abstract,exclude,TECH,0
W4391718644,10.36615/k1szav40,2024,Femmes entrepreneures et délaissement gouvernemental face à la Covid-19 : résilience des cadets sociaux par l’innovation commerciale en ligne,African Journal of Political Science,openalex,abstract,exclude,SETTING,0
W4409359675,10.1016/j.tifs.2025.105018,2025,Recent advancements of light-emitting diodes in dairy industries,Trends in Food Science & Technology,openalex,abstract,exclude,OUTCOME,0
W2936293218,10.1093/af/vfz011,2019,Modeling of livestock systems to enhance efficiency,Animal Frontiers,openalex,abstract,exclude,SETTING,0
W7217417133,,2026,Revitalization of Production Area and Management Improvements pada UMKM Sopo Nyongko di Kecamatan Sumbersari Kabupaten Jember: Pengabdian,Jurnal Pengabdian Masyarakat dan Riset Pendidikan,openalex,abstract,exclude,OUTCOME,0
W3034887156,10.1002/amp2.10061,2020,Advanced manufacturing and processing in the time of COVID‐19,Journal of Advanced Manufacturing and Processing,openalex,abstract,exclude,TYPE,0
W3045320904,,2020,Operational Planning Of Entrepreneurial Activity in the Innovation Industry.,Academy of Entrepreneurship journal,openalex,abstract,exclude,SETTING,0
W7168134363,10.1108/pjsbsi-10-2025-0023,2026,Climate change impacts on US livestock production: a data-driven assessment,Parikalpana KIIT Journal of Management,openalex,abstract,exclude,SETTING,0
W7213461432,10.3390/horticulturae12091167,2026,Exploring Hydroxytyrosol-Enriched Commercial Formulations: Effects on Tomato Yield and Quality Under Greenhouse Conditions,Horticulturae,openalex,abstract,exclude,SETTING,0
W4412829370,10.12688/openreseurope.20296.1,2025,"EU-funded research to advance agroecological weed management in Europe, Part I: vision",Open Research Europe,openalex,abstract,exclude,SETTING,0
W7154341681,10.5281/zenodo.19568973,2026,A Study on the Impact of GST in Reshaping the Indian Economy,Zenodo (CERN European Organization for Nuclear Research),openalex,abstract,exclude,TECH,0
W7162377883,,2022,Μοντελοποίηση και προσομοίωση βιομηχανίας τροφίμων βάσει της προσομοίωσης διακριτών γεγονότων,Νημερτής,openalex,abstract,exclude,OUTCOME,0
W4411605531,10.1007/s44274-025-00283-x,2025,Utilizing Agrofood wastewater for sustainable and environmentally friendly manufacturing,Discover Environment,openalex,abstract,exclude,OUTCOME,0
W3161797996,10.1093/af/vfab004,2021,Utilization of by-products and food waste in livestock production systems: a Canadian perspective,Animal Frontiers,openalex,abstract,exclude,TYPE,0
W7129542839,10.1007/s10341-026-01782-8,2026,Efficient Real-Time Fruit Quality Segregation Using Deep Image Features,Applied Fruit Science,openalex,title,exclude,OUTCOME,0
W7124721202,10.3389/finmi.2025.1757656,2026,Are we misreading microbial value? Reframing industrial relevance through regenerative systems thinking,Frontiers in Industrial Microbiology,openalex,abstract,exclude,TYPE,0
W3010615564,10.1136/vr.m887,2020,Why is the animal health market so buoyant?,Veterinary Record,openalex,abstract,exclude,OFFTOPIC,0
W4403527719,10.1016/j.fufo.2024.100479,2024,"Brewers’ spent grain as a functional ingredient in bakery, pasta, and cereal-based products",Future Foods,openalex,abstract,exclude,OUTCOME,0
W4411216656,10.30838/ep.201.61-66,2025,MECHANISMS OF STRATEGY FORMATION FOR THE DEVELOPMENT OF AGRO-INDUSTRIAL COMPLEX ENTERPRISES,Economic scope,openalex,abstract,exclude,TECH,0
W4402050488,10.21067/smartics.v9i2.9077,2023,Pemanfaatan Metode Multiclass Support Vector Machine dalam Klasifikasi Penyakit Daun Kacang Tanah,SMARTICS Journal,openalex,abstract,exclude,SETTING,0
W4390444801,10.21603/2074-9414-2023-4-2471,2023,Approaches to Developing New Complex Meat Products with Preset Qualitiy,Food Processing Techniques and Technology,openalex,abstract,exclude,OUTCOME,0
W4410378578,10.38124/ijisrt/25apr1645,2025,Infrastructure and Sustainable Growth in Nigeria: A Multi-Sectoral Analysis of Development Indicators and their Long-Run Impact (1999–2022),,openalex,abstract,exclude,OFFTOPIC,0
W4399054562,10.21869/2223-1501-2024-14-2-173-185,2024,Analysis of the Fulfillment of the Tasks of the X Five-Year Plan (1976-1980) Industrial Enterprises of the Kursk Regionviziltir,Proceedings of the Southwest State University Series History and Law,openalex,abstract,exclude,OFFTOPIC,0
W3148740442,,2015,The design of agri-industrial ecological park: a case study of Zhengzhou national economic-technological development area,,openalex,abstract,exclude,TYPE,0
W4206007359,10.46666/2021-4.2708-9991.15,2021,Trends in the development of citrus growing in the Republic of Kazakhstan,Problems of AgriMarket,openalex,abstract,exclude,SETTING,0
W4415082298,10.22194/jgias/25.1891,2025,"Ultrasound Applications in Bioactive Peel Compounds: Enhancing Gut, Food, and Plant Health",Journal of Global Innovations in Agricultural Sciences,openalex,abstract,exclude,OUTCOME,0
W4391315998,10.1021/acssuschemeng.3c07437,2024,Coloration in Flow: The Potential of In Situ Coloration of Casein Fibers to Mitigate Environmental Impact of Traditional Dyeing Methods,ACS Sustainable Chemistry & Engineering,openalex,abstract,exclude,SETTING,0
W7165378151,10.14719/pst.14862,2026,Gender equality and social inclusion in agricultural systems: A systematic review and bibliometric analysis,Plant Science Today,openalex,abstract,exclude,SETTING,0
W4313210040,10.36887/2524-0455-2020-1-10,2020,Methods of material motivation of employees of dairy enterprises,Actual problems of innovative economy and law,openalex,abstract,exclude,TECH,0
W7161389777,10.9734/jabb/2026/v29i53964,2026,Challenges and Opportunities for Sustainable Rice Farming in India,Journal of Advances in Biology & Biotechnology,openalex,abstract,exclude,SETTING,0
W3184367809,10.1016/j.spc.2021.07.022,2021,Integrating process modelling and sustainability assessment to improve the environmental and economic sustainability in the cheese industry,Sustainable Production and Consumption,openalex,abstract,include,,1
W4403348728,10.36962/pahtei44092024-19,2024,OPTIMIZATION PROBLEM FOR PROPYLENE GLYCOL PRODUCTION,PAHTEI-Procedings of Azerbaijan High Technical Educational Institutions,openalex,abstract,exclude,SETTING,0
W4407281711,10.51470/plantarchives.2025.sp.ictpairs-092,2025,EMPLOYMENT OF PRECISION CONTROLLED SYSTEMS IN THE DEHYDRATION AND PRESERVATION OF FRUITS AND VEGETABLES: A REVIEW,PLANT ARCHIVES,openalex,abstract,exclude,OUTCOME,0
W3214270236,10.51470/plantarchives.2021.v21.no2.026,2021,APPLICATION OF HYDROLOGICAL MODELS IN A SMALL AGRICULTURAL CATCHMENT FOR WATER MANAGEMENT: CASE STUDY ON WADI EL-RAML WATERSHED-NORTH WESTERN COAST OF EGYPT,PLANT ARCHIVES,openalex,abstract,exclude,SETTING,0
W7213250371,10.1002/ps.71304,2026,"Presence and abundance of airborne Botryosphaeriaceae conidia are governed by temperature and season in the Okanagan Valley, Canada",Pest Management Science,openalex,abstract,exclude,SETTING,0
W4296687800,10.5530/ajbls.2022.11.47,2022,A Novel Design Chewing Gum of Calcium Ions Isolated from Natural Source,Asian Journal of Biological and Life Sciences,openalex,abstract,exclude,OUTCOME,0
W7214118607,10.5937/intrev2602160o,2026,Attitudes analysis towards genetically modified food,International Review,openalex,abstract,exclude,OFFTOPIC,0
W4413417657,10.62019/5vqnb888,2025,Agribusiness Value Chain Analysis of Guava from Producer Perspectives in Taluka and District Larkana Sindh Pakistan,The Asian Bulletin of Big Data Management,openalex,abstract,exclude,SETTING,0
W4392365462,10.3389/fbioe.2024.1359032,2024,Coupling dairy wastewaters for nutritional balancing and water recycling: sustainable heterologous 2-phenylethanol production by engineered cyanobacteria,Frontiers in Bioengineering and Biotechnology,openalex,abstract,exclude,OUTCOME,0
W4298151192,10.1111/1750-3841.16346,2022,"Synergistic effect of high hydrostatic pressure, allyl isothiocyanate, and acetic acid on the inactivation and survival of pathogenic Escherichia coli in ground chicken",Journal of Food Science,openalex,abstract,exclude,OUTCOME,0
W3128657158,10.1007/s11053-021-09819-3,2021,"Understanding the Impact of Land Use and Land Cover Change on Water–Energy–Food Nexus in the Gidabo Watershed, East African Rift Valley",Natural Resources Research,openalex,title,exclude,SETTING,0
W7155160685,10.5281/zenodo.19695434,2026,D1.1: An operational food systems framework for analysing sustainable food systems outcomes,Zenodo (CERN European Organization for Nuclear Research),openalex,abstract,exclude,TECH,0
W4413975662,10.46783/smart-scm/2025-32-4,2025,Formation and implementation of the innovation strategy for the development of agricultural enterprises in Ukraine,Electronic Scientific Journal Intellectualization of Logistics and Supply Chain Management #1 2020,openalex,abstract,exclude,TYPE,0
W3189224502,10.1111/jfpp.15849,2021,Utilization of wastewaters from red wine technology for xanthan production in laboratory bioreactor,Journal of Food Processing and Preservation,openalex,abstract,exclude,OUTCOME,0
W7154626441,10.5281/zenodo.19610340,2026,Efficiency of AI Tools in Business Management for GST Law Practices and its Footprint Implications on FMCG Sectors,Zenodo (CERN European Organization for Nuclear Research),openalex,abstract,exclude,TYPE,0
W4405595933,10.20998/2413-4295.2024.03.03,2024,SUGAR PRODUCTION WASTE AND THEIR RATIONAL USE,Bulletin of the National Technical University «KhPI» Series New solutions in modern technologies,openalex,abstract,exclude,OUTCOME,0
W2951985300,10.1097/pp9.0000000000000003,2017,What I Have Learned about Advocating for Health Promotion,Progress in Preventive Medicine,openalex,abstract,exclude,OFFTOPIC,0
W7170131865,10.1016/j.jafr.2026.103152,2026,"Securing agricultural IoT at scale: A review of lifecycle controls, patchability, and EU regulatory pressures",Journal of Agriculture and Food Research,openalex,abstract,exclude,SETTING,0
W7162373668,,2025,Αξιοποίηση φλοιού ρυζιού για τη βιοτεχνολογική παραγωγή φυσικών φαινολικών αντιοξειδωτικών με τη χρήση μικροφυκών,Νημερτής,openalex,abstract,exclude,OUTCOME,0
W4415121024,10.61511/crsusf.v1i2.1957,2024,Transforming blue food within the framework of Indonesia’s sustainable food-energy-water nexus,Critical Issue of Sustainable Future,openalex,abstract,exclude,TYPE,0
W4391224874,10.33245/2310-9289-2023-182-2-90-99,2023,Use of DNA technologies for the examination of foodstuff,Tehnologìâ virobnictva ì pererobki produktìv tvarinnictva,openalex,abstract,exclude,OUTCOME,0
W4385982855,10.3389/fmars.2023.1178014,2023,Moving beyond agriculture and aquaculture to integrated sustainable food systems as part of a circular bioeconomy,Frontiers in Marine Science,openalex,abstract,exclude,TYPE,0
W7106529202,10.70322/rrd.2025.10019,2025,"Bridging the Urban-Rural Divide: How Urban Agriculture Enhances Food Security in High-Urbanized Regions in Guangdong, China",Rural and regional development,openalex,abstract,exclude,SETTING,0
W4405013469,10.1016/j.eiar.2024.107754,2024,Delving the potential of quercetin-grafted chitosan from a technological and environmental perspective,Environmental Impact Assessment Review,openalex,abstract,exclude,OUTCOME,0
W3212006018,,2020,Innovative nutraceutical and antibacterial proprieties of Humic extracts from composted vegetable wastes.,,openalex,abstract,exclude,SETTING,0
W4285313315,10.32952/atauniiletisim.1031577,2021,FROM MCDONALDIZATION OF THE SOCIETY TO MCDONALDIZATION OF NEWS: MC-JOURNALISM,Atatürk İletişim Dergisi,openalex,abstract,exclude,OFFTOPIC,0
W7215215327,,2025,"CLIMATE RESILIENT AGRICULTURE AND SCIENCE, TECHNOLOGY AND INNOVATION NEXUS FOR FOOD AND NUTRITION SECURITY IN UGANDA: A SYSTEMATIC REVIEW",African Journal of Emerging Issues,openalex,abstract,exclude,SETTING,0
W3114013488,10.30837/itssi.2020.14.094,2020,DEVELOPMENT OF A SYSTEM OF AUTOMATIC MOBILE CONTROL OF THE DISTILLATION PROCESS,Innovative technologies and scientific solutions for industries,openalex,abstract,exclude,SETTING,0
W3202298752,,2018,HEALTHY FAST CASUAL RESTAURANT BUSINESS MODELBURGREENS LLC,,openalex,abstract,exclude,TECH,0
W4206515110,10.18226/21789061.v13i4p29,2021,Smart City and Halal Tourism during the Covid-19 Pandemic in Indonesia,Revista Rosa dos Ventos - Turismo e Hospitalidade,openalex,abstract,exclude,OFFTOPIC,0
W4386895217,10.32535/jcda.v6i3.2546,2023,Factors Influencing Consumer Behaviour Intention to Purchase Fast Food: a Study of McDonald’s in Malaysia,Journal of The Community Development in Asia,openalex,abstract,exclude,OFFTOPIC,0
W2988002991,10.1016/j.crvi.2019.09.028,2019,Industrial insect production as an alternative source of animal protein,Comptes Rendus Biologies,openalex,abstract,exclude,TYPE,0
W4409645013,10.63544/ijss.v2i4.68,2023,The Green Edge of Advanced Technology Drives Sustainable Environmental and Business Growth,Inverge Journal of Social Sciences,openalex,abstract,exclude,OFFTOPIC,0
W4393900290,10.1002/aps3.11577,2024,Resilient botany: Innovation in the face of limited mobility and resources,Applications in Plant Sciences,openalex,abstract,exclude,OFFTOPIC,0
W7215612024,,2024,Optimal Capital Structure Of A Firm Towards Increasing Wealth Growth: Evidenced-Based Altman Z-Score And Grover G-Score,Ascendens Asia Journal of Multidisciplinary Research Conference Proceedings,openalex,abstract,exclude,TECH,0
W7167419326,10.66728/sshi.v4i5.343362,2026,"JAMMU & KASHMIR: Economic & Development Outlook (April-June 2026)-A Critical Assessment of Growth Trajectories, Structural Challenges, and Strategic Opportunities 2019 to 2026",Social Science & Humanities International,openalex,abstract,exclude,OFFTOPIC,0
W4407595053,10.52340/eab.2024.16.04.03,2025,Some Issues of Food Security in Georgia,Economics and Business,openalex,abstract,exclude,TECH,0
W4414397061,10.1016/j.agsy.2025.104511,2025,Constraints and promising interventions to strengthen fish seed systems in Sub-Saharan Africa: Evidence from Ghana,Agricultural Systems,openalex,abstract,exclude,SETTING,0
W3201085209,10.18502/espoch.v1i1.9577,2021,"Proximal, Microbiological and Nutritional Characterization in Chinese Potato Flour of the White Variety Colocasia Esculenta for Application in Functional Foods",ESPOCH Congresses The Ecuadorian Journal of S T E A M,openalex,abstract,exclude,OUTCOME,0
W3092650171,10.1093/femsle/fnaa156,2020,Microbial products from wastes and residues,FEMS Microbiology Letters,openalex,abstract,exclude,TYPE,0
W3008482289,10.1002/fsat.3202_3.x,2018,From the President and News,Food Science and Technology,openalex,abstract,exclude,OFFTOPIC,0
W4414422508,10.1093/af/vfaf025,2025,Circular bioeconomy: policy and regulatory impacts on livestock production systems,Animal Frontiers,openalex,abstract,exclude,TYPE,0
W7111214457,10.62961/zvnt3574,2025,"Strategic, Economic and Legal Dimensions of Agribusiness Development in the European Union and Ukraine: Perspectives, Challenges, and Opportunities","AgEcon Search (University of Minnesota, USA)",openalex,abstract,exclude,OFFTOPIC,0
W4414378491,10.1093/af/vfaf031,2025,Livestock—an essential component of a circular bioeconomy,Animal Frontiers,openalex,abstract,exclude,TYPE,0
W4385803876,10.1093/af/vfad030,2023,Small-scale Black Soldier Fly-fish farming: a model with socioeconomic benefits,Animal Frontiers,openalex,abstract,exclude,SETTING,0
W4389315830,10.32522/abdiku.v2i1.518,2023,Strategi Desain Label Kemasan dan Positioning Produk UMKM Kawasan Ekosistem Mangrove di Desa Tengin Baru,ABDIKU Jurnal Pengabdian Masyarakat Universitas Mulawarman,openalex,abstract,exclude,TECH,0
W4411643562,10.1093/nsr/nwaf225,2025,AIM: AI for microbiology,National Science Review,openalex,abstract,exclude,OFFTOPIC,0
W2772934755,,2017,Total productive maintenance models and tools in flow line manufacturing systems,Padua@research (University of Padova),openalex,abstract,exclude,TECH,0
W7203578624,10.5281/zenodo.21965039,2026,MSMEs and Sustainable Industrial Development in Karnataka: A Study of the Karnataka Industrial Policy 2025-30,Zenodo (CERN European Organization for Nuclear Research),openalex,abstract,exclude,OFFTOPIC,0
W4311429179,10.1093/af/vfac077,2022,Sustainable swine feeding programs require the convergence of multiple dimensions of circular agriculture and food systems with One Health,Animal Frontiers,openalex,abstract,exclude,SETTING,0
W4409194410,10.1093/af/vfae051,2025,"Vast extension but positive outcomes, reduced but negative: complexity and nuances in evaluating land use by livestock and crops",Animal Frontiers,openalex,abstract,exclude,SETTING,0
W4388833847,10.4103/jmms.jmms_100_23,2023,Millets as Nature’s Nutraceuticals: Time to Restitute with Attentiveness,Journal of Marine Medical Society,openalex,abstract,exclude,OFFTOPIC,0
W4414669709,10.3389/fsci.2025.1683816,2025,Hybrid protein alternatives: feeble compromise or food of the future?,Frontiers in Science,openalex,abstract,exclude,TYPE,0
W4399256217,10.4103/ijar.ijar_10_23,2023,Economic development through new age Ayurveda,International Journal of Ayurveda Research,openalex,abstract,exclude,OFFTOPIC,0
W2585621008,10.2527/af.2017.0103,2017,A blueprint for developing and applying precision livestock farming tools: A key output of the EU-PLF project,Animal Frontiers,openalex,abstract,exclude,SETTING,0
W4210509790,10.1111/jbl.12297,2022,A research agenda to reflect reality: On being responsive,Journal of Business Logistics,openalex,abstract,exclude,TYPE,0
W4409645024,10.63544/ijss.v2i2.40,2023,influence of green HRM practices and green knowledge sharing on green service behaviors,Inverge Journal of Social Sciences,openalex,abstract,exclude,OFFTOPIC,0
W3160945899,10.1093/af/vfab003,2021,Horse meat production in northern Spain: ecosystem services and sustainability in High Nature Value farmland,Animal Frontiers,openalex,abstract,exclude,SETTING,0
W4414381828,10.1093/af/vfaf022,2025,Role of livestock in circular bioeconomy systems,Animal Frontiers,openalex,abstract,exclude,TYPE,0
W2903527757,10.1111/1467-923x.12618,2018,The Prospects for the UK Labour Market in the Post‐Brexit Era,The Political Quarterly,openalex,abstract,exclude,OFFTOPIC,0
W4385803749,10.1093/af/vfad033,2023,Environmental impact potential of insect production chains for food and feed in Europe,Animal Frontiers,openalex,abstract,exclude,OUTCOME,0
W4414378520,10.1093/af/vfaf032,2025,Circular bioeconomy in livestock production: harnessing crop by-products in MERCOSUR/MERCOSUL,Animal Frontiers,openalex,abstract,exclude,SETTING,0
W4385803746,10.1093/af/vfad023,2023,Black soldier fly larvae protein production in Australia,Animal Frontiers,openalex,abstract,exclude,OUTCOME,0
W4385803776,10.1093/af/vfad047,2023,The edible insect sector in Canada and the United States,Animal Frontiers,openalex,abstract,exclude,OUTCOME,0
W4366000184,10.1093/af/vfac094,2023,Ecosystem management using livestock: embracing diversity and respecting ecological principles,Animal Frontiers,openalex,abstract,exclude,SETTING,0
W7135188837,10.3389/fnut.2026.1790861,2026,"The Milpa diet: a functional, sustainable pattern for human and planetary health",Frontiers in Nutrition,openalex,abstract,exclude,OFFTOPIC,0
W3206407175,10.1093/af/vfab048,2021,Taking the steps toward sustainable livestock: our multidisciplinary global farm platform journey,Animal Frontiers,openalex,abstract,exclude,SETTING,0
W4366085283,10.1093/jae/ejac038,2023,"Poverty, Inequality and Social Protection Programs in Africa: Lessons from the COVID-19 Pandemic",Journal of African Economies,openalex,abstract,exclude,OFFTOPIC,0
W7125716980,10.1093/af/vfag002,2026,"Sodium, phosphate, and nitrite: from brine to brain, what matters?",Animal Frontiers,openalex,abstract,exclude,TECH,0
W1948656609,10.1111/mepo.12149,2015,Saudi Arabia: From Oil Kingdom to Knowledge‐Based Economy,Middle East Policy,openalex,abstract,exclude,OFFTOPIC,0
W3162787662,10.1525/gfc.2021.21.2.47,2021,Household and Community Gardens Surge in the Philippines and Senegal during COVID-19,Gastronomica The Journal of Food and Culture,openalex,abstract,exclude,OFFTOPIC,0
W4380849093,10.1093/af/vfad044,2023,The effects of breeding and selection on lactation in dairy cattle,Animal Frontiers,openalex,abstract,exclude,SETTING,0
W3081301285,10.1162/asep_a_00795,2020,Comparing COVID-19 Control in the Asia-Pacific and North Atlantic Regions*,Asian Economic Papers,openalex,abstract,exclude,OFFTOPIC,0
W2053765167,10.2134/csa2015-60-2-1,2015,Subsoil Phosphorus Loss: A complex problem with no easy solutions,CSA News,openalex,abstract,exclude,OFFTOPIC,0
W3197408816,10.1093/jeclap/lpab060,2021,Will COVID-19 Make or Break EU State Aid Control? An Analysis of Commission Decisions Authorising Pandemic State Aid Measures,Journal of European Competition Law & Practice,openalex,abstract,exclude,OFFTOPIC,0
W4408537741,10.1038/s41598-025-93417-3,2025,Enhancing precision agriculture through cloud based transformative crop recommendation model,Scientific Reports,scopus_only,abstract,exclude,SETTING,0
W4376638116,10.1080/09593330.2023.2215458,2023,"A critical review on the vermicomposting of organic wastes as a strategy in circular bioeconomy: mechanism, performance, and future perspectives",Environmental Technology,scopus_only,abstract,exclude,SETTING,0
W4411575472,10.1007/s12393-025-09415-8,2025,"Technological Innovations in Freeze Drying: Enhancing Efficiency, Sustainability, and Food Quality",Food Engineering Reviews,scopus_only,abstract,include,,1
W4417344542,10.1007/s11947-025-04129-5,2025,"A Review on Recent Processing and Bioprocessing Developments in Alternative Proteins: Sources, Modification Methods, Economic Feasibility, and Future Challenges",Food and Bioprocess Technology,scopus_only,verification,exclude,OUTCOME,0
W7126175031,10.1016/j.vas.2026.100588,2026,Advancing climate-resilient livestock systems: Next-generation emission mitigation strategies and integrated technological innovations,Veterinary and Animal Science,scopus_only,abstract,exclude,SETTING,0
W4416620933,10.1039/d5fb00537j,2025,Recent advances in microalgal pigments as a source of natural colors and their application in next-generation functional foods,Sustainable Food Technology,scopus_only,abstract,exclude,OUTCOME,0
W4416066056,10.1080/87559129.2025.2585134,2025,"Transforming Food Systems with Artificial Intelligence: Challenges, Governance, and Pathways for Sustainable Integration",Food Reviews International,scopus_only,abstract,exclude,OUTCOME,0
W4409910568,10.1038/s41598-025-97123-y,2025,Adaptive production strategy in vertical farm digital twins with Q-learning algorithms,Scientific Reports,scopus_only,abstract,exclude,SETTING,0
W4405590249,10.1108/bij-05-2024-0461,2024,An empirical investigation of traceability technology adoption: a case of perishable products supply chain,Benchmarking An International Journal,scopus_only,abstract,exclude,OUTCOME,0
W4415143576,10.1007/s11694-025-03697-6,2025,Advances in 2D and 3D machine vision technologies for morphological characterization of granular food products: from laboratory to application,Journal of Food Measurement & Characterization,scopus_only,title,exclude,OUTCOME,0
W4416334559,10.1038/s41598-025-24353-5,2025,Impact of soil erosion on agricultural sustainability based on crop water productivity in semi-arid Iran,Scientific Reports,scopus_only,abstract,exclude,SETTING,0
W7128295057,10.1016/j.clwas.2026.100487,2026,Advancements in food waste valorization through ultrasound-assisted extraction: A review,Cleaner Waste Systems,scopus_only,abstract,exclude,OUTCOME,0
W7117354477,10.1016/j.nbt.2025.12.006,2025,Tailoring structure-property relationships of fungal mycelium for material applications: A process engineering approach for pure mycelium-based biomaterials,New Biotechnology,scopus_only,abstract,exclude,OUTCOME,0
W7129150872,10.1111/1541-4337.70431,2026,"Enabling the Circular Food Economy Through Industry 4.0: A Review of Applications, Challenges, and Policies in the European Union",Comprehensive Reviews in Food Science and Food Safety,scopus_only,abstract,exclude,OUTCOME,0
W7130307902,10.3390/su18042064,2026,Valorization of Seafood Processing Byproducts for Sustainable Fertilization: Opportunities and Food Safety Considerations in Agriculture 4.0,Sustainability,scopus_only,abstract,exclude,OUTCOME,0
W4416776165,10.1039/d5fb00519a,2025,Life cycle carbon accounting and waste valorisation in litchi supply chains for climate-resilient food systems,Sustainable Food Technology,scopus_only,abstract,exclude,OUTCOME,0
W4417334734,10.1016/j.rtbm.2025.101584,2025,Designing a sustainable circular agriculture supply chain considering real-world business concerns,Research in Transportation Business & Management,scopus_only,abstract,exclude,OUTCOME,0
W7147349870,10.47278/journal.abr/2026.014,2026,THE IMPACT OF MODERN TECHNOLOGICAL INNOVATIONS ON FOOD SECURITY IN NIGERIA: A CUTTING-EDGE TECHNOLOGY FROM AN AGROPRENEURSHIP PERSPECTIVE,Agrobiological Records,scopus_only,abstract,exclude,SETTING,0
W4412055895,10.1016/j.sftr.2025.100976,2025,Exploring the design and contributions of urban agroecosystem living labs for sustainable city development,Sustainable Futures,scopus_only,abstract,exclude,OFFTOPIC,0
W4415567582,10.1007/s10462-025-11329-0,2025,Application of fractional fuzzy soft sets using hamacher aggregation operators in agriculture robots selection,Artificial Intelligence Review,scopus_only,abstract,exclude,SETTING,0
W4416780106,10.3390/foods14234068,2025,Feasibility of Using Tenebrio molitor Larvae as an Alternative Protein Source,Foods,scopus_only,abstract,exclude,OUTCOME,0
W4416841721,10.32604/jrm.2025.02025-0148,2025,Bacterial Biorefineries: Transforming Agro-Industrial Waste into Sustainable Solutions for a Circular Bioeconomy,JOURNAL OF RENEWABLE MATERIALS,scopus_only,abstract,exclude,OUTCOME,0
W7124704093,10.3390/engproc2025112081,2026,A Generic Model Integrating Machine Learning and Lean Six Sigma,,scopus_only,abstract,exclude,SETTING,0
W7125640562,10.17270/j.log.001323,2026,Digital Twin (DT)-Driven Real-Time Optimization and Resilience Framework for Perishable Supply Chains Using MIP and Agile Quality Tools,Logforum,scopus_only,abstract,include,,1
W7130364556,10.3390/foods15040742,2026,IoT-Enabled Quality-Triggered Markdown Pricing for Perishable Food: Equity and Waste Implications,Foods,scopus_only,abstract,include,,1
W7130836932,10.1007/s00170-026-17542-7,2026,Integrated SAP S/4HANA production planning with AGI warehouse management system and laboratory information management system,The International Journal of Advanced Manufacturing Technology,scopus_only,title,exclude,SETTING,0
W7139068045,10.1080/24725854.2026.2646936,2026,How to deploy food distribution networks based on blockchain,IISE Transactions,scopus_only,abstract,include,,1
W7150782199,10.21323/2414-438x-2026-11-1-4-34,2026,The potential of artificial intelligence in the meat industry,Theory and practice of meat processing,scopus_only,abstract,exclude,OUTCOME,0
W7151003563,10.1007/s40860-026-00269-3,2026,SAMS: a sustainable agri-tech monitoring system integrating IoT and TinyML for smart farming,Journal of Reliable Intelligent Environments,scopus_only,title,exclude,SETTING,0
W4411930435,10.1504/ijewm.2025.10072203,2025,Developing zero-emission transport systems for efficient and sustainable food supply chains,International Journal of Environment and Waste Management,scopus_only,abstract,exclude,OUTCOME,0
W7126104302,10.1039/d5an00975h,2026,"Comparative studies of conventional and AI methods for wastewater treatment in the sugar, food, textile, and pharmaceutical industries: a review",The Analyst,scopus_only,abstract,exclude,OUTCOME,0
W7127370441,10.3390/sci8020030,2026,Green Hydrogen in Sustainable Agri-Food Systems: A Review of Applications in Agriculture and the Food Industry,Sci,scopus_only,abstract,exclude,OUTCOME,0
W7135213685,10.18196/jrc.v7i1.26605,2026,AI-Driven Framework for Multi-Modal Contaminant Detection in Meat Products Using CNN-LSTM and Sensor Fusion,Journal of Robotics and Control (JRC),scopus_only,abstract,exclude,OUTCOME,0
W7135225905,10.1016/j.jhazmat.2026.141724,2026,Dietary exposure to antimicrobial residues in eggs: Traceability-driven risk heterogeneity and national monitoring optimization in China,Journal of Hazardous Materials,scopus_only,title,exclude,OFFTOPIC,0
W7143437806,10.57017/jaes.v21.2(92).13,2026,Technological Determinants of Economic Efficiency in the Food Manufacturing Industry: An Applied Analysis,Journal of Applied Economic Sciences (JAES),scopus_only,abstract,include,,1
W7155363303,10.1016/bs.aibe.2026.03.002,2026,Methane and ammonia emissions from organic waste valorization in agriculture,Advances in bioenergy,scopus_only,title,exclude,SETTING,0
W7155788682,10.31910/rudca.v29.n1.2026.2863,2026,E-commerce en el sector agroalimentario: identificación de vacíos y posibilidades de investigación,Revista U D C A Actualidad & Divulgación Científica,scopus_only,abstract,exclude,OUTCOME,0
W7160551566,10.3389/feart.2026.1689915,2026,A hybrid deep learning framework for multisource data fusion and super-resolution mapping in AI-powered earth observation applications,Frontiers in Earth Science,scopus_only,abstract,exclude,OUTCOME,0
W7161026179,10.3390/foods15101716,2026,Enhancing Work Efficiency and Safety Culture in the Food Industry Using Behavioral Patterns: A Video-Based Case Study from Poland,Foods,scopus_only,abstract,exclude,TECH,0
W7161279037,10.54740/ros.2026.018,2026,Strategic Planning and Management Tools for the Development and Effective Operation of Agribusiness Entities,Rocznik Ochrona Środowiska,scopus_only,abstract,exclude,SETTING,0
W7162334818,10.18421/tem152-01,2026,Ant Colony Optimization for Order Processing and Labeling Automation in Food Manufacturing Using ERP–MES–IoT Integration,TEM Journal,scopus_only,abstract,include,,1
W7162410590,10.18282/hrms5877,2026,Enhancing leadership effectiveness through artificial intelligence adoption: A literature review and exploratory research in the Egyptian manufacturing sector,Human Resources Management and Services,scopus_only,abstract,exclude,SETTING,0
W7162695130,10.1016/j.biteb.2026.102843,2026,Techno-economic analysis of a photobiorefinery for the production of polyhydroxyalkanoates from food waste,Bioresource Technology Reports,scopus_only,abstract,include,,1
W7163072695,10.1016/j.biteb.2026.102853,2026,An integrated bioprocess optimization for the co-production of probiotics and butyric acid from Trachinotus ovatus by-products,Bioresource Technology Reports,scopus_only,title,exclude,OUTCOME,0
W7167502862,10.1109/tem.2026.3710342,2026,Artificial Intelligence and Blockchain for Achieving Supply Chain Resilience and Sustainability: An Empirical Investigation in the Peruvian Coffee Supply Chain,IEEE Transactions on Engineering Management,scopus_only,abstract,exclude,OUTCOME,0
W7167896839,10.22495/cgsrv10i3sip8,2026,An empirical study of productivity growth in the sustainable supply chain of the Thai food industry using Malmquist productivity index,Corporate Governance and Sustainability Review,scopus_only,verification,exclude,TECH,0
W7168281419,10.1039/d6re00109b,2026,Ionic liquids for biomass valorization for environmental applications: opportunities and challenges,Reaction Chemistry & Engineering,scopus_only,abstract,exclude,OUTCOME,0
W7168336551,10.17306/j.afs.001502,2026,From food waste to natural preservatives: Review of the applications of essential oils in food preservation [pdf],Acta Scientiarum Polonorum Technologia Alimentaria,scopus_only,abstract,exclude,OUTCOME,0
W7201833184,10.17221/130/2025-cjfs,2026,Modern advanced food safety and smart traceability systems,Czech Journal of Food Sciences,scopus_only,abstract,exclude,OUTCOME,0
W7207543512,10.28978/nesciences.263020,2026,Green Supply Chain Management Approaches for Sustainable Food Processing and Environmental Performance Improvement,Natural and Engineering Sciences,scopus_only,abstract,exclude,TECH,0
W3129204679,10.1016/j.resconrec.2021.105466,2021,From waste to sustainable industry: How can agro-industrial wastes help in the development of new products?,Resources Conservation and Recycling,scopus_only,title,exclude,OUTCOME,0
W3116426492,10.1039/d0em00404a,2020,Recent advances in the applications of nano-agrochemicals for sustainable agricultural development,Environmental Science Processes & Impacts,scopus_only,abstract,exclude,SETTING,0
W3118590551,10.1186/s40813-020-00181-z,2021,Biosecurity in pig farms: a review,Porcine Health Management,scopus_only,abstract,exclude,SETTING,0
W3136155861,10.3390/su13063223,2021,"Digitalization for Sustainable Agri-Food Systems: Potential, Status, and Risks for the MENA Region",Sustainability,scopus_only,abstract,exclude,OUTCOME,0
W3173657911,10.1111/1541-4337.12782,2021,Comprehensive review of water management and wastewater treatment in food processing industries in the framework of water‐food‐environment nexus,Comprehensive Reviews in Food Science and Food Safety,scopus_only,abstract,exclude,OUTCOME,0
W3208043696,10.1177/0734242x211052858,2021,Towards circular economy in the textiles and clothing value chain through blockchain technology and IoT: A review,Waste Management & Research The Journal for a Sustainable Circular Economy,scopus_only,abstract,exclude,SETTING,0
W4285403922,10.1016/j.bej.2022.108541,2022,Large-scale production of Spirulina-based proteins and c-phycocyanin: A biorefinery approach,Biochemical Engineering Journal,scopus_only,title,exclude,OUTCOME,0
W4225158334,10.1016/j.jclepro.2022.132034,2022,Perceived risks and vulnerabilities of employing digitalization and digital data in agriculture – Socially robust orientations from a transdisciplinary process,Journal of Cleaner Production,scopus_only,abstract,exclude,SETTING,0
W4220872976,10.3390/su14063321,2022,Traceability Platform Based on Green Blockchain: An Application Case Study in Dairy Supply Chain,Sustainability,scopus_only,verification,exclude,OUTCOME,0
W4213430599,10.1016/j.jclepro.2022.131068,2022,Data-driven optimal dynamic pricing strategy for reducing perishable food waste at retailers,Journal of Cleaner Production,scopus_only,abstract,include,,1
W3185559963,10.3390/su13158479,2021,Technological Innovation and Circular Economy Practices: Business Strategies to Mitigate the Effects of COVID-19,Sustainability,scopus_only,abstract,include,,1
W3145320633,10.1016/j.micres.2021.126763,2021,"Phytomicrobiome for promoting sustainable agriculture and food security: Opportunities, challenges, and solutions",Microbiological Research,scopus_only,title,exclude,SETTING,0
W3210220681,10.1016/j.biortech.2021.126251,2021,Recent advances in hydrodynamic cavitation-based pretreatments of lignocellulosic biomass for valorization,Bioresource Technology,scopus_only,title,exclude,SETTING,0
W3212570356,10.1016/j.tifs.2021.11.003,2021,Portable spectroscopy for high throughput food authenticity screening: Advancements in technology and integration into digital traceability systems,Trends in Food Science & Technology,scopus_only,title,exclude,OUTCOME,0
W4297176869,10.1016/j.biortech.2022.128021,2022,Integration of green economy concepts for sustainable biosurfactant production – A review,Bioresource Technology,scopus_only,title,exclude,SETTING,0
W4210642226,10.1016/j.chemosphere.2022.133773,2022,"Advances, limitations, and prospects of biosensing technology for detecting phytopathogenic bacteria",Chemosphere,scopus_only,title,exclude,SETTING,0
W4224881937,10.1016/j.fuel.2022.124277,2022,Insights into the role of nanotechnology on the performance of biofuel cells and the production of viable biofuels: A review,Fuel,scopus_only,title,exclude,SETTING,0
W4206035291,10.3390/su14020787,2022,Logistics and Agri-Food: Digitization to Increase Competitive Advantage and Sustainability. Literature Review and the Case of Italy,Sustainability,scopus_only,abstract,exclude,OUTCOME,0
W4206813987,10.1016/j.scitotenv.2022.152951,2022,Sustainable processes for treatment and management of seafood solid waste,The Science of The Total Environment,scopus_only,title,exclude,OUTCOME,0
W4284990221,10.1016/j.focha.2022.100065,2022,Phenolic extracts from solid wastes of the aromatic plant essential oil industry: Potential uses in food applications,Food Chemistry Advances,scopus_only,abstract,exclude,OUTCOME,0
W3185039663,10.1016/j.ymben.2021.07.010,2021,Cascaded valorization of brown seaweed to produce l-lysine and value-added products using Corynebacterium glutamicum streamlined by systems metabolic engineering,Metabolic Engineering,scopus_only,abstract,exclude,OUTCOME,0
W4297106241,10.1016/j.biortech.2022.128034,2022,Potential and prospects for utilization of avocado by-products in integrated biorefineries,Bioresource Technology,scopus_only,abstract,exclude,OUTCOME,0
W4281750218,10.1016/j.fct.2022.113207,2022,Extraction techniques in food industry: Insights into process parameters and their optimization,Food and Chemical Toxicology,scopus_only,title,exclude,OUTCOME,0
W3110959097,10.1177/0734242x20978456,2020,The impact of pyrolysis conditions on orange peel biochar physicochemical properties for sandy soil,Waste Management & Research The Journal for a Sustainable Circular Economy,scopus_only,abstract,exclude,OUTCOME,0
W4200077211,10.1016/j.resconrec.2021.106123,2021,Future Prospects of Spent Coffee Ground Valorisation Using a Biorefinery Approach,Resources Conservation and Recycling,scopus_only,title,exclude,OUTCOME,0
W3204092000,10.3390/ijms221910807,2021,"Potato Juice, a Starch Industry Waste, as a Cost-Effective Medium for the Biosynthesis of Bacterial Cellulose",International Journal of Molecular Sciences,scopus_only,abstract,exclude,OUTCOME,0
W4280593663,10.3390/ijerph19106041,2022,Management of the Organic Fraction of Municipal Solid Waste in the Context of a Sustainable and Circular Model: Analysis of Trends in Latin America and the Caribbean,International Journal of Environmental Research and Public Health,scopus_only,abstract,exclude,SETTING,0
W4281708446,10.1155/2022/6877520,2022,Prediction of Quality Food Sale in Mart Using the AI-Based TOR Method,Journal of Food Quality,scopus_only,abstract,exclude,OUTCOME,0
W3135905902,10.1177/0734242x21996808,2021,Sustainable alternatives for by-products derived from industrial mussel processing: A critical review,Waste Management & Research The Journal for a Sustainable Circular Economy,scopus_only,abstract,exclude,OUTCOME,0
W4308835056,10.1016/j.scitotenv.2022.159985,2022,Food industry waste - An opportunity for black soldier fly larvae protein production in Tanzania,The Science of The Total Environment,scopus_only,abstract,exclude,OUTCOME,0
W3195454923,10.3390/polym13172870,2021,"Silver Micro-Nanoparticle-Based Nanoarchitectures: Synthesis Routes, Biomedical Applications, and Mechanisms of Action",Polymers,scopus_only,abstract,exclude,OFFTOPIC,0
W4380991238,10.3389/fgene.2023.1193780,2023,Exploiting genetic and genomic resources to enhance productivity and abiotic stress adaptation of underutilized pulses,Frontiers in Genetics,scopus_only,abstract,exclude,SETTING,0
W4386757939,10.1080/21655979.2023.2252191,2023,"Advances, trends and challenges in the use of biochar as an improvement strategy in the anaerobic digestion of organic waste: a systematic analysis",Bioengineered,scopus_only,abstract,exclude,OUTCOME,0
W4308545485,10.1016/j.jclepro.2022.134999,2022,Towards an agroecological transition in the Mediterranean: A bioeconomic assessment of viticulture farming,Journal of Cleaner Production,scopus_only,title,exclude,SETTING,0
W4200458577,10.3390/ani12010015,2021,Opportunities to Harness High-Throughput and Novel Sensing Phenotypes to Improve Feed Efficiency in Dairy Cattle,Animals,scopus_only,abstract,exclude,SETTING,0
W4313824527,10.3390/su15021147,2023,New Biotechnological Production of EPA by Pythium irregulare Using Alternative Sustainable Media Obtained from Food Industry By-Products and Waste,Sustainability,scopus_only,abstract,exclude,OUTCOME,0
W4310716265,10.1016/j.eti.2022.102977,2022,Bioenergy crops as alternative feedstocks for recovery of anthocyanins: A review,Environmental Technology & Innovation,scopus_only,abstract,exclude,SETTING,0
W3166652426,10.3390/ijerph18126232,2021,Eco-Innovation Analyses in the Management of Drinking Water Provided by the Main Suppliers in Romania,International Journal of Environmental Research and Public Health,scopus_only,abstract,exclude,OFFTOPIC,0
W4382465423,10.3389/fmicb.2023.1158784,2023,Indigenously produced biochar retains fertility in sandy soil through unique microbial diversity sustenance: a step toward the circular economy,Frontiers in Microbiology,scopus_only,abstract,exclude,SETTING,0
W3131959781,10.1016/j.foodchem.2021.129370,2021,Influence of soil salinity on the protein and fatty acid composition of the edible halophyte Halimione portulacoides,Food Chemistry,scopus_only,title,exclude,SETTING,0
W4225316092,10.1016/j.fuel.2022.124380,2022,Waste-to-BioEnergy pathway for waste activated sludge from food processing industries: An experiment on the valorization potential under CO2 and N2 atmospheres through microwave-induced pyrolysis,Fuel,scopus_only,title,exclude,OUTCOME,0
W4387121778,10.1016/j.crfs.2023.100608,2023,Tracing the volatilomic fingerprint of grape pomace as a powerful approach for its valorization,Current Research in Food Science,scopus_only,abstract,exclude,OUTCOME,0
W4295981398,10.1016/j.scp.2022.100832,2022,Valorization of wheat milling by-products into bacterial nanocellulose via ex-situ modification following circular economy principles,Sustainable Chemistry and Pharmacy,scopus_only,title,exclude,OUTCOME,0
W4313470138,10.3390/w15010012,2022,A Framework for Recovering Waste Heat Energy from Food Processing Effluent,Water,scopus_only,abstract,include,,1
W4367320187,10.3390/ani13091495,2023,"FarmDain, a Decision Support System for Dairy Sheep and Goat Production",Animals,scopus_only,abstract,exclude,SETTING,0
W4205292829,10.1016/j.jenvman.2022.114536,2022,Hydrolyzed urine for enhanced valorization and toxicant degradation of wet coffee processing wastes: Implications for soil contamination and health risk reductions,Journal of Environmental Management,scopus_only,title,exclude,OUTCOME,0
W4376610475,10.1016/j.crfs.2023.100514,2023,The importance of outlier rejection and significant explanatory variable selection for pinot noir wine soft sensor development,Current Research in Food Science,scopus_only,abstract,include,,1
W4321098529,10.47750/qas/24.193.27,2023,Application Of Quality Management in The Production of Glucans in The Food and Pharmaceutical Industry in Slovakia,Quality - Access to Success,scopus_only,abstract,exclude,TECH,0
W4389222683,10.1590/1809-43412023v20d907,2023,To the rescue! An ethnography of food waste reduction practices in the Netherlands,Vibrant Virtual Brazilian Anthropology,scopus_only,abstract,exclude,TECH,0
W4312670852,10.51202/9783181024065-75,2022,Assessment of milk yield loss induced by heat stress in dairy cows – Researching the sustainability and the animal welfare,VDI Verlag eBooks,scopus_only,title,exclude,SETTING,0
W4391885618,10.1007/s10479-024-05829-5,2024,A circular economy approach to design a citrus supply chain network,Annals of Operations Research,scopus_only,verification,exclude,TECH,0
W7124977625,10.1007/s00253-025-13680-2,2026,Production of uncommon carotenoids and lipids by red yeasts utilizing agri-food residues and waste cooking oil,Applied Microbiology and Biotechnology,scopus_only,abstract,exclude,OUTCOME,0
W7160691473,10.1016/j.psj.2026.107106,2026,"Transforming poultry production with smart circular sustainability: Bridging digital innovation, circular economy, and risk management for long-term resilience",Poultry Science,scopus_only,abstract,exclude,SETTING,0
W7160757002,10.1016/j.jenvman.2026.129879,2026,Trade-offs and synergies of ecosystem services in high density cities: Revealing nonlinear driving mechanisms through machine learning,Journal of Environmental Management,scopus_only,abstract,exclude,OFFTOPIC,0
W4413335141,10.1108/bfj-04-2025-0522,2025,Organisational dynamics and digital transformation in the wine industry: Tenute Rubino case study,British Food Journal,scopus_only,verification,exclude,OUTCOME,0
W7134163875,10.1016/j.biortech.2026.134380,2026,Techno-economic and environmental assessment of shrimp waste biorefinery routes,Bioresource Technology,scopus_only,abstract,include,,1
W7151864794,10.1016/j.rser.2026.116918,2026,Energy-efficient food drying for sustainable preservation: A review of technologies and performance,Renewable and Sustainable Energy Reviews,scopus_only,abstract,include,,1
W7160101013,10.15587/2706-5448.2026.357883,2026,Formation of an ESG management system based on digital analytics,Technology audit and production reserves,scopus_only,abstract,exclude,SETTING,0
W7172401397,10.1111/jfpe.70728,2026,Sustainable Drying of Agricultural Products: Influence of Pretreatments on Energy Consumption and Drying Performance,Journal of Food Process Engineering,scopus_only,abstract,include,,1
W7125590976,10.1016/j.sftr.2026.101691,2026,Cooperation mechanism for stakeholders’ sustainable adoption of blockchain-based food traceability systems: A tripartite evolutionary game analysis in the supply chain,Sustainable Futures,scopus_only,abstract,exclude,OUTCOME,0
W7131821488,10.1016/j.resconrec.2026.108876,2026,Global assessment of nitrous oxide mitigation and crop yield enhancement with optimized management strategies,Resources Conservation and Recycling,scopus_only,title,exclude,SETTING,0
W7141108410,10.1016/j.wri.2026.100357,2026,IoT-based monitoring and management system for effluents reuse from table olive processing facilities in olive groves: Toward circular water management,Water Resources and Industry,scopus_only,abstract,exclude,OUTCOME,0
W7126260627,10.1038/s41598-025-31804-6,2026,Automated smart drip irrigation system in internet of things using adaptive residual hybrid network for precision farming,Scientific Reports,scopus_only,abstract,exclude,SETTING,0
W7126272413,10.1016/j.resglo.2026.100336,2026,Digital transformation in poultry farming: impacts of industry 4.0 on rural performance and sustainability,Research in Globalization,scopus_only,abstract,exclude,SETTING,0
W7147494253,10.1016/j.aei.2026.104645,2026,The adoption of digital twin technologies for maintenance in small and medium-sized enterprises: Challenges and benefits,Advanced Engineering Informatics,scopus_only,abstract,include,,1
W7161233891,10.1016/j.resconrec.2026.109001,2026,Unlocking the potential of blue food- and feed-centered marine biorefineries,Resources Conservation and Recycling,scopus_only,abstract,exclude,OUTCOME,0
W7165464572,10.1016/j.saa.2026.128296,2026,Simplification strategy for transitioning hyperspectral to multispectral instruments for quality evaluation of traditional Chinese medicine: a case study of wild and cultivated Ophiocordyceps sinensis,Spectrochimica Acta Part A Molecular and Biomolecular Spectroscopy,scopus_only,title,exclude,OFFTOPIC,0
W7166568442,10.1016/j.cherd.2026.06.055,2026,Cyanobacterial biological processes: A physics-informed neural network approach to biochemical kinetics,Process Safety and Environmental Protection,scopus_only,title,exclude,OFFTOPIC,0
W4393228085,10.1016/j.afres.2026.102212,2026,"High-value calcium chloride production from chicken, duck, and ostrich eggshell waste: A comparative analysis of different eggshells",Applied Food Research,scopus_only,abstract,exclude,OUTCOME,0
W4417306517,10.1002/agr.70061,2025,"Government Support, Collaboration, and the Circular Economy: Impacts on ESG Performance and Firm Reputation",Agribusiness,scopus_only,abstract,exclude,OUTCOME,0
W7108360911,10.1108/tcj-01-2025-0014,2025,Nestlé’s new recipe for success: a CEO’s strategy amid inflation,The CASE Journal,scopus_only,abstract,exclude,TECH,0
W7128808626,10.47278/journal.ijab/2026.041,2026,Prediction of Essential Oil Content in Cinnamomum Sintoc Trees from Soil Fertility Parameters using Deep Neural Network,International Journal of Agriculture and Biosciences,scopus_only,abstract,exclude,SETTING,0
W7131250376,10.1016/j.colsurfa.2026.140091,2026,"Structure, 3D printing and curcumin delivery of egg yolk sphere gels: Noncovalent modification of sodium alginate",Colloids and Surfaces A Physicochemical and Engineering Aspects,scopus_only,title,exclude,OUTCOME,0
W7135207490,10.1016/j.foodres.2026.118944,2026,Structural and techno-functional modifications of pea protein fractions by non-thermal technologies,Food Research International,scopus_only,title,exclude,OUTCOME,0
W7140097442,10.1002/efd2.70143,2026,Valorization of Banana Biomass: Nutritional and Phytochemical Insights With Applications in Food and Allied Industries,eFood,scopus_only,abstract,exclude,OUTCOME,0
W7143282098,10.3390/w18070809,2026,Feasibility and Local Perceptions About Treated Wastewater Reuse for Irrigation: Insights from the Prato Circular City Framework (Italy),Water,scopus_only,abstract,exclude,SETTING,0
W7158098098,10.1007/s00449-026-03321-x,2026,"Fermentative routes of microbial biosurfactants production: emerging trends, innovations and multifaceted applications",Bioprocess and Biosystems Engineering,scopus_only,title,exclude,OUTCOME,0
W7159661900,10.1186/s12866-026-04971-3,2026,Sustainable waste-based fermentation for enhanced β-carotene biosynthesis by Blakeslea trispora and functional evaluation of the extracted pigment,BMC Microbiology,scopus_only,abstract,exclude,OUTCOME,0
W7160100746,10.3390/microorganisms14050992,2026,Cofactor Engineering Strategy of Food-Grade Microorganisms: Redox Homeostasis Regulation and Functional Components Biofortification,Microorganisms,scopus_only,abstract,exclude,OUTCOME,0
W7160853795,10.3390/logistics10050111,2026,Digital Pathways to Efficiency: A Multi-Stakeholder Assessment of Sri Lanka’s Marine Fish Supply Chain Logistics,Logistics,scopus_only,abstract,exclude,TECH,0
W7160877770,10.3390/pr14101519,2026,Feasibility Study of Valorizing Rejected Peas as a Food Ingredient,Processes,scopus_only,abstract,include,,1
W7160940953,10.1016/j.chroma.2026.467096,2026,A chromatographic process design and optimization multi-agent platform powered by large language models: A case application on extract of Ginkgo biloba leaf,Journal of Chromatography A,scopus_only,title,exclude,SETTING,0
W7160993472,10.1007/s10341-026-01863-8,2026,Automatic Apple Classification Using Camera Footage and a Convolutional Neural Network,Applied Fruit Science,scopus_only,title,exclude,OUTCOME,0
W7162188142,10.1016/j.supflu.2026.107041,2026,Strategies for adding value to waste from avocado oil extraction: Process performance and technical-economic feasibility,The Journal of Supercritical Fluids,scopus_only,abstract,include,,1
W7162862396,10.1016/j.biortech.2026.135029,2026,"De novo gamma-decalactone bioproduction from Ashbya gossypii: Process design, techno-economic evaluation and environmental assessment",Bioresource Technology,scopus_only,abstract,include,,1
W7163353737,10.1016/j.biortech.2026.135076,2026,Valorization of food side streams for sustainable cultivated meat production,Bioresource Technology,scopus_only,abstract,exclude,OUTCOME,0
W7168258437,10.1016/j.fbp.2026.07.013,2026,Mechanical dewatering as a low-energy process intensification strategy for hybrid biomass pellets from food-industry cellulose residues,Food and Bioproducts Processing,scopus_only,abstract,include,,1
W7168389259,10.1007/s13205-026-04955-0,2026,Integrating biogenic nano seed priming with artificial intelligence and machine learning: enhanced sustainable crop productivity and precision agriculture,3 Biotech,scopus_only,title,exclude,SETTING,0
W7168421387,10.18805/ijare.a-6545,2026,Reverse Logistics Barriers in Circular Agri-food Supply Chains: An ISM-MICMAC Approach,Indian Journal of Agricultural Research,scopus_only,abstract,exclude,TECH,0
W7170172690,10.1016/j.wasman.2026.115757,2026,"Synergistic co-pyrolysis of agri-food wastes: Thermal degradation kinetics, thermodynamic analysis, liquid yield maximization, and product characterization",Waste Management,scopus_only,title,exclude,OUTCOME,0
W7171562249,10.3390/app16157516,2026,Mapping Food Industry Side-Streams in Italy: A Quantitative Estimation and Valorization Framework for Major Agri-Food By-Products,Applied Sciences,scopus_only,abstract,exclude,OUTCOME,0
W7201856095,10.3390/ani16162456,2026,Dairy Goats’ Responses to Different Levels of Pomegranate By-Product Silage in the Diet: Productive Performance and Metabolic Indicators,Animals,scopus_only,abstract,exclude,SETTING,0
W7202253740,10.3390/foods15162814,2026,Food Production Index Forecasting for Sustainable Food Systems in Türkiye: A Machine Learning-Based Approach,Foods,scopus_only,abstract,exclude,SETTING,0
W7203606250,10.3390/logistics10080189,2026,Strategic Optimization of Agricultural Supply Chains Based on the Integration of GIS and Multimodal Infrastructure Capacity in Kazakhstan,Logistics,scopus_only,abstract,include,,1
W7203669612,10.1007/s44274-026-00985-w,2026,"Bibliometric and content analysis of research trends in climate change, climate-smart agriculture, and food security nexus from 2012 to 2026",Discover Environment,scopus_only,abstract,exclude,SETTING,0
W7203914278,10.3390/md24080292,2026,Sequential Production of Sodium Alginate and Biomethane from Holopelagic Sargassum spp. to Promote a Circular Economy in the Mexican Caribbean,Marine Drugs,scopus_only,abstract,exclude,OUTCOME,0
W7211977344,10.1007/s00425-026-05140-6,2026,Microbial partnerships and molecular mechanisms in plant stress physiology for climate-resilient and sustainable farming,Planta,scopus_only,abstract,exclude,SETTING,0
W7212390267,10.1016/j.omega.2026.103663,2026,From terroir to quality: Handling the run for efficiency across time and space for Italian agri-food firms,Omega,scopus_only,abstract,exclude,TECH,0
W7213633113,10.1016/j.tifs.2026.106086,2026,The emerging role of deep eutectic solvents in sustainable extraction and recovery of animal-derived proteins,Trends in Food Science & Technology,scopus_only,title,exclude,OUTCOME,0
W7214050220,10.1016/j.plantsci.2026.113469,2026,"Rhizosphere engineering 2.0: Predictive microbiome design for climate-resilient agriculture, sustainable food production, and global food security",Plant Science,scopus_only,title,exclude,SETTING,0
W4392349432,10.1016/j.inpa.2024.03.002,2024,Innovative deep learning approach for cross-crop plant disease detection: A generalized method for identifying unhealthy leaves,Information Processing in Agriculture,scopus_only,abstract,exclude,SETTING,0
W4409252779,10.1016/j.foodchem.2025.144277,2025,Valorization of bioactive compounds from food by-products using supercritical fluid extraction: A technological and industrial perspective,Food Chemistry,scopus_only,abstract,exclude,OUTCOME,0
W4410449893,10.1016/j.ijbiomac.2025.144301,2025,A review of innovative extraction technologies for protein recovery from plant-based by-products: A step toward zero-waste processing,International Journal of Biological Macromolecules,scopus_only,title,exclude,OUTCOME,0
W4407029155,10.1016/j.resconrec.2025.108151,2025,How circular are large corporations? Evidence from a large-scale survey with senior leaders,Resources Conservation and Recycling,scopus_only,abstract,exclude,OFFTOPIC,0
W4407097327,10.1371/journal.pone.0310105,2025,A meta-analysis of the impact of TOE adoption on smart agriculture SMEs performance,PLoS ONE,scopus_only,abstract,exclude,SETTING,0
W4408817593,10.1016/j.jenvman.2025.125095,2025,Soil and crop interaction analysis for yield prediction with satellite imagery and deep learning techniques for the coastal regions,Journal of Environmental Management,scopus_only,title,exclude,SETTING,0
W4412392612,10.1016/j.ijpharm.2025.125957,2025,Trends and new process analytical technologies in pharmaceutical manufacturing,International Journal of Pharmaceutics,scopus_only,title,exclude,SETTING,0
W4408927237,10.1016/j.scitotenv.2025.179219,2025,"A systematic literature review of environmental assessments of citrus processing systems, with a focus on the drying phase",The Science of The Total Environment,scopus_only,abstract,exclude,OUTCOME,0
W4406127183,10.1002/bse.4121,2025,Evaluating Circular Strategies for the Resilience of Agri‐Food Business: Evidence From the Olive Oil Supply Chain,Business Strategy and the Environment,scopus_only,abstract,include,,1
W4402097990,10.1016/j.aquaculture.2024.741535,2024,Automated computer vision based individual salmon (Salmo salar) breathing rate estimation (SaBRE) for improved state observability,Aquaculture,scopus_only,abstract,exclude,SETTING,0
W4414124271,10.3390/agronomy15092167,2025,"Waste-Derived Fertilizers: Conversion Technologies, Circular Bioeconomy Perspectives and Agronomic Value",Agronomy,scopus_only,abstract,exclude,SETTING,0
W4413014305,10.1016/j.compag.2025.110807,2025,"Price transparency and digital traceability: A framework for fairer, more sustainable food supply chains",Computers and Electronics in Agriculture,scopus_only,abstract,exclude,OUTCOME,0
W4408815942,10.1016/j.biombioe.2025.107771,2025,Techno-economic assessment and life cycle analysis of restaurant food waste-to-electricity conversion in Malaysia and Singapore within a circular bioeconomy framework,Biomass and Bioenergy,scopus_only,abstract,include,,1
W4410189277,10.1002/eng2.70168,2025,Industry 4.0 Challenges and Implementation Strategies: Benchmarked Results From Food and Beverage Manufacturing Industries in Tanzania,Engineering Reports,scopus_only,abstract,exclude,OUTCOME,0
W4406957745,10.3390/horticulturae11020140,2025,Cultivating the Future: A Bibliometric Review of Emerging Trends in Soilless Farming,Horticulturae,scopus_only,abstract,exclude,SETTING,0
W4401792560,10.1007/s13132-024-02283-3,2024,Industry Specifics and Problems of Digitalization in the Agro-industrial Complex of the Republic of Kazakhstan,Journal of the Knowledge Economy,scopus_only,abstract,exclude,SETTING,0
W4408036396,10.1007/s12649-025-02946-5,2025,"Recent Advances in Hydrothermal Carbonization of Food Waste Derived Bioproducts: Valorization Approaches, Applications, and the Prospective Assessment",Waste and Biomass Valorization,scopus_only,title,exclude,OUTCOME,0
W4407091588,10.1016/j.ijbiomac.2025.140684,2025,Biorefinery of sugarcane molasses for poly(3-hydroxybutyrate) fermentation and genomic elucidation of metabolic mechanism using Paracoccus sp. P2,International Journal of Biological Macromolecules,scopus_only,title,exclude,OUTCOME,0
W4409284948,10.1016/j.jenvman.2025.125205,2025,Optimization of electro-Fenton process applied to the treatment of codfish brines in a context of industrial symbiosis,Journal of Environmental Management,scopus_only,abstract,exclude,OUTCOME,0
W4412642681,10.1039/d5gc02153g,2025,Transforming orange by-products into high-value neuroprotective products: environmental and economic assessment of advanced green extraction methods,Green Chemistry,scopus_only,abstract,include,,1
W4409870920,10.3390/nu17091461,2025,Artificial Intelligence in Food Bank and Pantry Services: A Systematic Review,Nutrients,scopus_only,abstract,exclude,OUTCOME,0
W4413737997,10.12944/crnfsj.13.2.15,2025,Optimized Extraction of High-purity Pectin from Orange Biowaste using Synergistic Ultrasound-microwave-assisted Green Technologies,Current Research in Nutrition and Food Science Journal,scopus_only,verification,exclude,OUTCOME,0
W4415869872,10.3390/app152111749,2025,Animal Protein Sources in Europe: Current Knowledge and Future Perspectives—A Review,Applied Sciences,scopus_only,abstract,exclude,OUTCOME,0
W4411740172,10.3390/su17135902,2025,Leveraging Milk-Traceability Technologies for Supply-Chain Performance: Evidence from Saudi Dairy Firms,Sustainability,scopus_only,abstract,exclude,OUTCOME,0
W4412425290,10.1016/j.trac.2025.118369,2025,Non-Destructive Spectral Systems (NDSS) for modern inspection systems in real-time: challenges and industrial perspectives,TrAC Trends in Analytical Chemistry,scopus_only,title,exclude,OUTCOME,0
W4412429126,10.1016/j.sna.2025.116890,2025,Strawberry detection and weight estimation using YOLO and K-nearest neighbors regression model,Sensors and Actuators A Physical,scopus_only,abstract,exclude,OUTCOME,0
W4414554005,10.1021/acssuschemeng.5c05990,2025,Feast–Famine in Cyclic Autotrophy/Heterotrophy Doubles Microalgal Productivity while Controlling Bacterial Contamination,ACS Sustainable Chemistry & Engineering,scopus_only,abstract,exclude,SETTING,0
W4404206531,10.1002/pc.29206,2024,Preparation of hemp‐based biocomposites and their potential industrial application,Polymer Composites,scopus_only,abstract,exclude,OUTCOME,0
W4411165878,10.1016/j.atech.2025.101093,2025,"Smart chickpea seed classification system based on machine vision and deep learning along with a review of challenges, limitations and future trends",Smart Agricultural Technology,scopus_only,abstract,exclude,OUTCOME,0
W4408344008,10.3390/agriengineering7030077,2025,Cost-Effective Active Laser Scanning System for Depth-Aware Deep-Learning-Based Instance Segmentation in Poultry Processing,AgriEngineering,scopus_only,abstract,exclude,OUTCOME,0
W4412673963,10.1016/j.biortech.2025.133043,2025,Novel biosurfactants produced from food waste: a variability and validation study,Bioresource Technology,scopus_only,abstract,exclude,OUTCOME,0
W4408295558,10.1016/j.resconrec.2025.108239,2025,Exploring the strategic potential for Switzerland to reduce nitrogen and phosphorus surplus in agriculture,Resources Conservation and Recycling,scopus_only,abstract,exclude,TECH,0
W4408514262,10.1016/j.afres.2025.100839,2025,Comprehensive lipidomics analysis of Cape hake (Merluccius capensis) by-products: Screening key features for added value applications,Applied Food Research,scopus_only,abstract,exclude,OUTCOME,0
W4406518544,10.1016/j.scitotenv.2025.178487,2025,Transition toward circular economy in the agrifood seedling phase: A Life Cycle Assessment on tomato trays,The Science of The Total Environment,scopus_only,abstract,exclude,SETTING,0
W4410943592,10.1016/j.resconrec.2025.108427,2025,Transitioning towards standardised circular economy assessments; application to high-value production from OFMSW biogas,Resources Conservation and Recycling,scopus_only,title,exclude,SETTING,0
W4413722021,10.3390/systems13090737,2025,The Application of Blockchain Technology in Fresh Food Supply Chains: A Game-Theoretical Analysis Under Carbon Cap-and-Trade Policy and Consumer Dual Preferences,Systems,scopus_only,abstract,include,,1
W4416788747,10.1007/s44187-025-00692-0,2025,"A policy evaluation of the world bank Agro-Processing productivity enhancement and livelihood improvement support and agricultural development in cross river state, Nigeria",Discover Food,scopus_only,abstract,exclude,TECH,0
W4410036458,10.3390/fib13050054,2025,Spanish broom Production Chain Improvement with a View to Sustainable Development,Fibers,scopus_only,abstract,exclude,OUTCOME,0
W4412573639,10.3390/engproc2025100039,2025,Engineering and Environmental Analysis of Additive Manufacturing in the Food Industry,,scopus_only,abstract,exclude,OUTCOME,0
W4412595352,10.1007/s00521-025-11382-4,2025,A generalized leaf disease recognition of various crops and vegetables through computer vision and machine learning,Neural Computing and Applications,scopus_only,title,exclude,SETTING,0
W4413046044,10.1016/j.sftr.2025.101117,2025,Techno-economic study of a small-scale biogas plant utilizing biowaste of a canning factory in central macedonia,Sustainable Futures,scopus_only,abstract,include,,1
W4415280093,10.13227/j.hjkx.202409135,2025,[Simulation of Future Trends of Net Primary Productivity in Major Grain-producing Provinces Based on Machine Learning].,PubMed,scopus_only,abstract,exclude,OFFTOPIC,0
W4415665813,10.30638/eemj.2025.154,2025,SOURCES OF SECONDARY CELLULOSE FIBERS AND THEIR PAPER-MAKING POTENTIAL IN THE CONTEXT OF CIRCULAR AND GREEN ECONOMY,Environmental Engineering and Management Journal,scopus_only,title,exclude,SETTING,0
W4415740903,10.17576/jkukm-2025-37(7)-23,2025,Enhancing Fruit Quality Assessment: A Real-Time Grading System Based on YOLO and Image Processing,Jurnal Kejuruteraan,scopus_only,verification,exclude,OUTCOME,0
W4416732849,10.31788/rjc.2025.1849392,2025,GRADE OF THE FLOCCULANTS' EFFICIENCYINWASTEWATER TREATMENT,RASAYAN Journal of Chemistry,scopus_only,abstract,exclude,SETTING,0
W7157183787,10.3389/fsufs.2026.1782315,2026,Impact of fossil energy consumption on economic growth in carbon-resource economies: a Random Forest approach,Frontiers in Sustainable Food Systems,scopus_only,abstract,exclude,OFFTOPIC,0
W7159017629,10.32592/ari.2025.80.4.819,2025,The Role of Artificial Intelligence and Machine Learning in Advancing Animal Biotechnology: A Review.,PubMed,scopus_only,abstract,exclude,SETTING,0
W7161112887,10.1504/ijlsm.2026.153536,2026,Supply chain automation in the Australian red meat industry,International Journal of Logistics Systems and Management,scopus_only,abstract,include,,1
W7204525513,10.15376/biores.21.4.9962-9984,2026,Agro-industrial waste valorization for enhanced acetoin production through mutant Bacillus paralicheniformis MT039446.1,BioResources,scopus_only,abstract,exclude,OUTCOME,0
W7214980124,10.26881/oahs-2026.1.19,2026,Marine microalgae as potential source for sustainable aquafeeds: A scientometric perspective on stewarding aquaculture sustainability,DOAJ (DOAJ: Directory of Open Access Journals),scopus_only,abstract,exclude,SETTING,0
W2051546557,10.1080/00207543.2014.985449,2014,Greening the food supply chain: an optimisation model for sustainable design of refrigerated automated warehouses,International Journal of Production Research,scopus_only,abstract,include,,1
W2944827767,10.1016/j.scitotenv.2019.05.226,2019,Bioconversion of fruit and vegetable waste into earthworms as a new protein source: The environmental impact of earthworm meal production,The Science of The Total Environment,scopus_only,title,exclude,OUTCOME,0
W2795721145,10.1016/j.scitotenv.2018.03.169,2018,Environmental and economic analysis of power generation in a thermophilic biogas plant,The Science of The Total Environment,scopus_only,title,exclude,SETTING,0
W2546614519,10.1016/j.wasman.2016.10.047,2016,Potential of biohydrogen production from effluents of citrus processing industry using anaerobic bacteria from sewage sludge,Waste Management,scopus_only,title,exclude,OUTCOME,0
W2519629066,10.1016/j.bej.2016.09.004,2016,Techno-economic evaluation of wine lees refining for the production of value-added products,Biochemical Engineering Journal,scopus_only,abstract,include,,1
W2889076123,10.1007/s11101-018-9588-7,2018,"Polar lipids in cosmetics: recent trends in extraction, separation, analysis and main applications",Phytochemistry Reviews,scopus_only,title,exclude,SETTING,0
W2173731768,10.1016/j.wasman.2015.11.031,2015,Wastes from bioethanol and beer productions as substrates for l(+) lactic acid production – A comparative study,Waste Management,scopus_only,title,exclude,OUTCOME,0
W2461280911,10.1016/j.biortech.2016.06.136,2016,Spatial decision support system to evaluate crop residue energy potential by anaerobic digestion,Bioresource Technology,scopus_only,title,exclude,SETTING,0
W1215567973,10.1016/j.biortech.2015.08.108,2015,Valorisation of mixed bakery waste in non-sterilized fermentation for l -lactic acid production by an evolved Thermoanaerobacterium sp. strain,Bioresource Technology,scopus_only,title,exclude,OUTCOME,0
W2807839944,10.21003/ea.v168-09,2018,Comparative analysis of circular agriculture development in selected Western Balkan countries based on sustainable performance indicators,Economic Annals-ХХI,scopus_only,title,exclude,SETTING,0
W2559929871,10.1016/j.biortech.2016.12.018,2016,Production of FucoPol by Enterobacter A47 using waste tomato paste by-product as sole carbon source,Bioresource Technology,scopus_only,title,exclude,OUTCOME,0
W2194605838,10.1016/j.foodcont.2015.11.004,2015,"Towards automated sorting of Atlantic cod (Gadus morhua) roe, milt, and liver – Spectral characterization and classification using visible and near-infrared hyperspectral imaging",Food Control,scopus_only,title,exclude,OUTCOME,0
W2800490931,10.1371/journal.pone.0196288,2018,Support amongst UK pig farmers and agricultural stakeholders for the use of food losses in animal feed,PLoS ONE,scopus_only,abstract,exclude,SETTING,0
W2344264180,10.1109/tsmc.2015.2500822,2015,Risk Assessment of Deliberate Contamination of Food Production Facilities,IEEE Transactions on Systems Man and Cybernetics Systems,scopus_only,abstract,exclude,TECH,0
W2169171422,10.1080/02681102.2013.859117,2013,Taking Profit from the Growing Use of Mobile Phone in Benin: A Contingent Valuation Approach for Market and Quality Information Access,Information Technology for Development,scopus_only,abstract,exclude,SETTING,0
W2745993076,10.2166/wst.2017.444,2017,Control systems for olive mill wastewater treatment with ultrafiltration and nanofiltration membrane in series based on the boundary flux theory,Water Science & Technology,scopus_only,abstract,exclude,OUTCOME,0
W2919770030,10.1016/j.compag.2019.02.013,2019,Analysis of green manure decomposition parameters in northeast Brazil using association rule networks,Computers and Electronics in Agriculture,scopus_only,title,exclude,SETTING,0
W4240861849,10.1002/fsat.3101_4.x,2017,Smart manufacturing,Food Science and Technology,scopus_only,title,exclude,SETTING,0
W2486830964,10.1504/ijbt.2016.077941,2016,National biosafety system for regulating agricultural biotechnology in India,International Journal of Biotechnology,scopus_only,abstract,exclude,SETTING,0
W3011712150,10.1016/j.biotechadv.2020.107536,2020,Microalgae as a future food source,Biotechnology Advances,scopus_only,title,exclude,TECH,0
W3028158673,10.1016/j.biortech.2020.123575,2020,"Sustainability of food waste biorefinery: A review on valorisation pathways, techno-economic constraints, and environmental assessment",Bioresource Technology,scopus_only,abstract,exclude,OUTCOME,0
W3025647603,10.1016/j.biortech.2020.123536,2020,Critical overview of biomass feedstocks as sustainable substrates for the production of polyhydroxybutyrate (PHB),Bioresource Technology,scopus_only,title,exclude,SETTING,0
W2340000210,10.1016/j.meatsci.2016.04.021,2016,New insights into meat by-product utilization,Meat Science,scopus_only,title,exclude,OUTCOME,0
W2943805251,10.1016/j.jclepro.2019.04.367,2019,Decision support for collaboration planning in sustainable supply chains,Journal of Cleaner Production,scopus_only,title,exclude,SETTING,0
W3034537749,10.1016/j.impact.2020.100232,2020,Agriculture nanotechnology: Translating research outcome to field applications by influencing environmental sustainability,NanoImpact,scopus_only,title,exclude,SETTING,0
W3035669640,10.1016/j.jhazmat.2020.123156,2020,A review on valorization of oyster mushroom and waste generated in the mushroom cultivation industry,Journal of Hazardous Materials,scopus_only,title,exclude,OUTCOME,0
W3003862929,10.1016/j.biortech.2020.122929,2020,"Sustainable valorization of sugar industry waste: Status, opportunities, and challenges",Bioresource Technology,scopus_only,title,exclude,OUTCOME,0
W2955236000,10.1108/bfj-11-2018-0747,2019,From precision agriculture to Industry 4.0,British Food Journal,scopus_only,abstract,exclude,SETTING,0
W3110842083,10.3390/biom10121662,2020,The Application of a Plant Biostimulant Based on Seaweed and Yeast Extract Improved Tomato Fruit Development and Quality,Biomolecules,scopus_only,abstract,exclude,SETTING,0
W3133607456,10.1109/access.2021.3062410,2021,Effective Management for Blockchain-Based Agri-Food Supply Chains Using Deep Reinforcement Learning,IEEE Access,scopus_only,abstract,include,,1
W3135824160,10.3390/su13052608,2021,"Challenges and Opportunities in Wheat Flour, Pasta, Bread, and Bakery Product Production Chains: A Systematic Review of Innovations and Improvement Strategies to Increase Sustainability, Productivity, and Product Quality",Sustainability,scopus_only,abstract,exclude,OUTCOME,0
W3120940995,10.3390/ani11010115,2021,A Review Regarding the Use of Molasses in Animal Nutrition,Animals,scopus_only,abstract,exclude,SETTING,0
W2891727553,10.1016/j.ijbiomac.2018.09.048,2018,Recent advances in the production strategies of microbial pectinases—A review,International Journal of Biological Macromolecules,scopus_only,title,exclude,OUTCOME,0
W3016960145,10.1080/10408398.2020.1754161,2020,Toward a sustainable metric and indicators for the goal of sustainability in agricultural and food production,Critical Reviews in Food Science and Nutrition,scopus_only,abstract,exclude,OFFTOPIC,0
W2891585855,10.3390/su10093149,2018,"Innovative Blockchain-Based Approach for Sustainable and Credible Environment in Food Trade: A Case Study in Shandong Province, China",Sustainability,scopus_only,abstract,include,,1
W3015708161,10.1080/10408398.2020.1749555,2020,Smart agriculture for food quality: facing climate change in the 21st century,Critical Reviews in Food Science and Nutrition,scopus_only,abstract,exclude,SETTING,0
W3135572577,10.1016/j.jenvman.2021.112295,2021,Circular economy fertilization: Phycoremediated algal biomass as biofertilizers for sustainable crop production,Journal of Environmental Management,scopus_only,title,exclude,SETTING,0
W2611911058,10.1016/j.meatsci.2017.04.243,2017,Alternative uses for co-products: Harnessing the potential of valuable compounds from meat processing chains,Meat Science,scopus_only,title,exclude,OUTCOME,0
W2607493966,10.1080/07388551.2017.1312272,2017,Fermentation at non-conventional conditions in food- and bio-sciences by the application of advanced processing technologies,Critical Reviews in Biotechnology,scopus_only,abstract,exclude,OUTCOME,0
W3152761281,10.1080/19420862.2021.1903664,2021,Developments and opportunities in continuous biopharmaceutical manufacturing,mAbs,scopus_only,abstract,exclude,SETTING,0
W3118277262,10.1109/access.2021.3050391,2021,IIoT Based Multimodal Communication Model for Agriculture and Agro-Industries,IEEE Access,scopus_only,abstract,exclude,SETTING,0
W3138895040,10.1016/j.wasman.2021.02.052,2021,Life cycle and economic assessment of sugarcane bagasse valorization to lactic acid,Waste Management,scopus_only,abstract,include,,1
W2927435675,10.1016/j.jenvman.2019.03.119,2019,Life cycle assessment (LCA) of food waste treatment in Hong Kong: On-site fermentation methodology,Journal of Environmental Management,scopus_only,title,exclude,OUTCOME,0
W3099152231,10.1016/j.nbt.2020.11.009,2020,The bioeconomy in Italy and the new national strategy for a more competitive and sustainable country,New Biotechnology,scopus_only,abstract,exclude,TECH,0
W3128249221,10.1016/j.jclepro.2021.126251,2021,"Mitigating ammonia and greenhouse gas emissions from stored cattle slurry using agricultural waste, commercially available products and a chemical acidifier",Journal of Cleaner Production,scopus_only,abstract,exclude,SETTING,0
W3019921963,10.3390/fermentation6020042,2020,Valorising Agro-industrial Wastes within the Circular Bioeconomy Concept: the Case of Defatted Rice Bran with Emphasis on Bioconversion Strategies,Fermentation,scopus_only,abstract,exclude,OUTCOME,0
W3159485679,10.3390/su13095109,2021,The Influence of the Digital Supply Chain on Operational Performance: A Study of the Food and Beverage Industry in Indonesia,Sustainability,scopus_only,abstract,include,,1
W2954888906,10.1016/j.jenvman.2019.06.037,2019,Development of a pragmatic framework to help food and drink manufacturers select the most sustainable food waste valorisation strategy,Journal of Environmental Management,scopus_only,abstract,include,,1
W3144099985,10.1016/j.jclepro.2021.126902,2021,Material flow analysis and sustainability of the Italian meat industry,Journal of Cleaner Production,scopus_only,title,exclude,TECH,0
W3024471610,10.1016/j.scitotenv.2020.139370,2020,"Changes in nutrient balance, environmental effects, and green development after returning farmland to forests: A case study in Ningxia, China",The Science of The Total Environment,scopus_only,title,exclude,SETTING,0
W3176139154,10.22215/timreview/1446,2021,An Exploration of Blockchain-based Traceability in Food Supply Chains: On the Benefits of Distributed Digital Records from Farm to Fork,Technology Innovation Management Review,scopus_only,abstract,exclude,OUTCOME,0
W3086544525,10.1016/j.jenvman.2020.111313,2020,"Strawberry fields forever: That is, how many grams of plastics are used to grow a strawberry?",Journal of Environmental Management,scopus_only,title,exclude,SETTING,0
W3025642659,10.1016/j.scitotenv.2020.139502,2020,Spatiotemporal supply-demand characteristics and economic benefits of crop water footprint in the semi-arid region,The Science of The Total Environment,scopus_only,title,exclude,SETTING,0
W2951507078,10.1016/j.jclepro.2019.06.091,2019,Life cycle costing and externalities to analyze circular economy strategy: Comparison between aluminum packaging and tinplate,Journal of Cleaner Production,scopus_only,abstract,exclude,TECH,0
W3028786819,10.1016/j.scitotenv.2020.139651,2020,Interprovincial food trade and water resources conservation in China,The Science of The Total Environment,scopus_only,title,exclude,SETTING,0
W3049287463,10.3390/biom10081184,2020,Biotechnological Valorization of Food Marine Wastes: Microbial Productions on Peptones Obtained from Aquaculture By-Products,Biomolecules,scopus_only,abstract,include,,1
W3089704817,10.1016/j.scitotenv.2020.142549,2020,"Assessing the interaction of land cover/land use dynamics, climate extremes and food systems in Uganda",The Science of The Total Environment,scopus_only,title,exclude,SETTING,0
W3048899541,10.3390/ijerph17165900,2020,"Pretreatment of Grape Stalks by Fungi: Effect on Bioactive Compounds, Fiber Composition, Saccharification Kinetics and Monosaccharides Ratio",International Journal of Environmental Research and Public Health,scopus_only,abstract,exclude,OUTCOME,0
W3138450820,10.3389/fmicb.2021.652548,2021,The Quality of Wheat Bread With Ultrasonicated and Fermented By-Products From Plant Drinks Production,Frontiers in Microbiology,scopus_only,abstract,exclude,OUTCOME,0
W3161557919,10.3934/agrfood.2021033,2021,Exploring opportunities and challenges to the adoption of blockchain technology in the fresh produce value chain,AIMS Agriculture and Food,scopus_only,abstract,exclude,OUTCOME,0
W3042706620,10.1016/j.jclepro.2020.122716,2020,Entry mode selection and its impact on the competition between organic and conventional agricultural products,Journal of Cleaner Production,scopus_only,title,exclude,SETTING,0
W3024305440,10.1016/j.scitotenv.2020.139221,2020,Isolated yet open: A metabolic analysis of Menorca,The Science of The Total Environment,scopus_only,title,exclude,SETTING,0
W3092475643,10.1007/s10098-020-01955-3,2020,Restructuring the Indian agro-fresh food supply chain network: a mathematical model formulation,Clean Technologies and Environmental Policy,scopus_only,title,exclude,TECH,0
W3015106657,10.2174/1573413716999200403152439,2020,Nanoparticles for Sustainable Agriculture and their Effect on Plants,Current Nanoscience,scopus_only,abstract,exclude,SETTING,0
W3048425683,10.1016/j.vhri.2020.06.003,2020,Donor Human Milk for Preterm Infants: A Cost-Consequence Analysis of Alternative Preservation Methods,Value in Health Regional Issues,scopus_only,abstract,exclude,SETTING,0
W3163901899,10.15587/1729-4061.2021.227805,2021,Development of а matrix of food industry capacity for making management decisions in the formation of sustainable development of agroecosystems,Eastern-European Journal of Enterprise Technologies,scopus_only,abstract,exclude,OUTCOME,0
W3182725156,10.1155/2021/8925102,2021,Optimal Financing Decision in a Contract Food Supply Chain with Capital Constraint,Complexity,scopus_only,abstract,exclude,TECH,0
W3020047366,10.1177/0734242x20920350,2020,Sustainable agriwaste management at farm level through self-reliant farming system,Waste Management & Research The Journal for a Sustainable Circular Economy,scopus_only,abstract,exclude,SETTING,0
W4285545807,10.1504/ijsami.2021.121993,2021,Insights on the potential of the Greek medicinal and aromatic plants sector and the role of e-commerce,International Journal of Sustainable Agricultural Management and Informatics,scopus_only,title,exclude,SETTING,0
W4392762858,10.1038/s41586-024-07147-z,2024,Global supply chains amplify economic costs of future extreme heat risk,Nature,scopus_only,abstract,exclude,OFFTOPIC,0
W4392765161,10.1016/j.compbiomed.2024.108248,2024,A review on machine learning approaches for microalgae cultivation systems,Computers in Biology and Medicine,scopus_only,abstract,exclude,SETTING,0
W4399361756,10.1016/j.asej.2024.102886,2024,Artificial intelligence and industrial applications-A revolution in modern industries,Ain Shams Engineering Journal,scopus_only,abstract,exclude,OUTCOME,0
W4392655853,10.1016/j.scitotenv.2024.171631,2024,"Acidification of European croplands by nitrogen fertilization: Consequences for carbonate losses, and soil health",The Science of The Total Environment,scopus_only,abstract,exclude,SETTING,0
W4399098051,10.1016/j.tibtech.2024.04.007,2024,TRYing to evaluate production costs in microbial biotechnology,Trends in biotechnology,scopus_only,abstract,exclude,SETTING,0
W4391179745,10.1016/j.ijbiomac.2024.129742,2024,Advances in protein-based microcapsules and their applications: A review,International Journal of Biological Macromolecules,scopus_only,title,exclude,SETTING,0
W4401204656,10.1016/j.wasman.2024.07.029,2024,"Exploring industrial lignocellulosic waste: Sources, types, and potential as high-value molecules",Waste Management,scopus_only,abstract,exclude,OUTCOME,0
W4400284610,10.3390/agriculture14071071,2024,Artificial Intelligence in Agricultural Mapping: A Review,Agriculture,scopus_only,abstract,exclude,SETTING,0
W4394981907,10.1016/j.scitotenv.2024.172649,2024,Food-Energy-Water Nexus in compliance with Sustainable Development Goals for integrating and managing the core environmental verticals for sustainable energy and circular economy,The Science of The Total Environment,scopus_only,title,exclude,OFFTOPIC,0
W4400614969,10.1016/j.jenvman.2024.121809,2024,"Ecosystem health assessment of East Kolkata Wetlands, India: Implications for environmental sustainability",Journal of Environmental Management,scopus_only,title,exclude,SETTING,0
W4402371577,10.1038/s43016-024-01045-3,2024,Artificial intelligence can regulate light and climate systems to reduce energy use in plant factories and support sustainable food production,Nature Food,scopus_only,title,exclude,SETTING,0
W4391068289,10.2174/0115734137275111231206072049,2024,Artificial Intelligence Integration with Nanotechnology: A New Frontier for Sustainable and Precision Agriculture,Current Nanoscience,scopus_only,abstract,exclude,SETTING,0
W4401511380,10.1021/acssensors.4c00957,2024,Cost-Effective and Wireless Portable Device for Rapid and Sensitive Quantification of Micro/Nanoplastics,ACS Sensors,scopus_only,abstract,exclude,SETTING,0
W4393357044,10.3390/plants13071004,2024,Plant-Based Biostimulants for Seeds in the Context of Circular Economy and Sustainability,Plants,scopus_only,abstract,exclude,SETTING,0
W4405846819,10.1371/journal.pone.0312709,2024,Identifying technologies in circular economy paradigm through text mining on scientific literature,PLoS ONE,scopus_only,abstract,exclude,SETTING,0
W4394579286,10.1007/s11367-024-02295-w,2024,Environmental performance of an autonomous laser weeding robot—a case study,The International Journal of Life Cycle Assessment,scopus_only,abstract,exclude,SETTING,0
W4402684179,10.1016/j.jclepro.2024.143700,2024,Eco-friendly production of leather-like material from bacterial cellulose and waste resources,Journal of Cleaner Production,scopus_only,title,exclude,SETTING,0
W4396890840,10.3390/ani14101461,2024,Assessing the Socio-Economic Benefits and Costs of Insect Meal as a Fishmeal Substitute in Livestock and Aquaculture,Animals,scopus_only,abstract,exclude,SETTING,0
W4402123542,10.3390/ani14172555,2024,Integration of IoT in Small-Scale Aquaponics to Enhance Efficiency and Profitability: A Systematic Review,Animals,scopus_only,abstract,exclude,SETTING,0
W4401893476,10.3390/md22090381,2024,"Mixotrophic Cultivation of Arthrospira platensis (Spirulina) under Salt Stress: Effect on Biomass Composition, FAME Profile and Phycocyanin Content",Marine Drugs,scopus_only,abstract,exclude,OUTCOME,0
W4393992614,10.1016/j.tibtech.2024.03.002,2024,The green revolution of food waste upcycling to produce polyhydroxyalkanoates,Trends in biotechnology,scopus_only,title,exclude,OUTCOME,0
W4400913052,10.1016/j.scitotenv.2024.174941,2024,Identifying the most sustainable beer packaging through a Life Cycle Assessment,The Science of The Total Environment,scopus_only,abstract,exclude,OUTCOME,0
W4404503576,10.1016/j.resconrec.2024.108016,2024,Causalities and priorities for SDG targets in the human-earth system,Resources Conservation and Recycling,scopus_only,title,exclude,SETTING,0
W4401102701,10.1016/j.resconrec.2024.107811,2024,The convenience economy: Product flows and GHG emissions of returned apparel in the EU,Resources Conservation and Recycling,scopus_only,title,exclude,SETTING,0
W4328120732,10.1007/s11367-023-02150-4,2023,Circularity indicators and added value to traditional LCA impact categories: example of pig production,The International Journal of Life Cycle Assessment,scopus_only,abstract,exclude,SETTING,0
W4396241112,10.1016/j.scitotenv.2024.172726,2024,The design and development of a dashboard for improving sustainable healthy food choices,The Science of The Total Environment,scopus_only,abstract,exclude,OUTCOME,0
W4399558118,10.1016/j.resconrec.2024.107756,2024,"Dynamic capabilities for a ""circular accounting"" and material flows in a circular economy",Resources Conservation and Recycling,scopus_only,abstract,exclude,TECH,0
W4402327012,10.1016/j.desal.2024.118092,2024,Machine learning framework for wastewater circular economy — Towards smarter nutrient recoveries,Desalination,scopus_only,abstract,exclude,SETTING,0
W4400542232,10.1007/s44187-024-00131-6,2024,Unlocking digital growth: overcoming barriers to digital transformation for Indian food SMEs,Discover Food,scopus_only,abstract,exclude,OUTCOME,0
W4403837555,10.1016/j.appet.2024.107723,2024,Robots in the kitchen: The automation of food preparation in restaurants and the compounding effects of perceived love and disgust on consumer evaluations,Appetite,scopus_only,abstract,exclude,OUTCOME,0
W4403579246,10.1016/j.ijbiomac.2024.136754,2024,Efficient pectin recovery from sugar beet pulp as effective bio-based coating for Pacific white shrimp preservation,International Journal of Biological Macromolecules,scopus_only,abstract,exclude,OUTCOME,0
W4402276084,10.1016/j.wasman.2024.08.038,2024,Embedding Water-Energy-Food nexus and circularity assessment for organization benchmarking: A case study for dairy farms,Waste Management,scopus_only,title,exclude,SETTING,0
W4402578179,10.1016/j.cej.2024.155908,2024,Use of CO2 for enhanced carbon recovery in thermochemical processing of fruit peel waste,Chemical Engineering Journal,scopus_only,title,exclude,OUTCOME,0
W4398164460,10.1016/j.heliyon.2024.e31611,2024,Digitalization of rice value chain in Nigeria with circular economy inclusion for improved productivity – A review,Heliyon,scopus_only,abstract,exclude,OUTCOME,0
W4400520182,10.1016/j.ijbiomac.2024.133739,2024,Co-production of high-concentration fermentable sugar and lignin-based bio-adhesive from corncob residue via an enhanced enzymatic hydrolysis,International Journal of Biological Macromolecules,scopus_only,title,exclude,OUTCOME,0
W4403261993,10.1016/j.envres.2024.120134,2024,"Raw biowaste conversion to high-value compounds for food, cosmetic and pharmaceutical industries",Environmental Research,scopus_only,abstract,exclude,OUTCOME,0
W4411042563,10.3389/fsufs.2025.1602960,2025,Digital input decision-making in fresh agricultural supply chains under government subsidies,Frontiers in Sustainable Food Systems,scopus_only,abstract,include,,1
W4401630213,10.1016/j.scitotenv.2024.175601,2024,Integrated sustainability assessment of wood building products: The case of larch and chestnut cascading systems in Northern Italy,The Science of The Total Environment,scopus_only,abstract,exclude,SETTING,0
W4402559648,10.1016/j.marpolbul.2024.116946,2024,Enhancing shipboard oil pollution prevention: Machine learning innovations in oil discharge monitoring equipment,Marine Pollution Bulletin,scopus_only,title,exclude,SETTING,0
W4405642734,10.3390/en17246430,2024,Energy Demand Response in a Food-Processing Plant: A Deep Reinforcement Learning Approach,Energies,scopus_only,abstract,include,,1
W4405892646,10.1038/s41467-024-54939-y,2024,Metamaterial-based injection molding for the cost-effective production of whole cuts,Nature Communications,scopus_only,abstract,include,,1
W4412913595,10.3390/engproc2025100057,2025,Collaborative Robots as an Engineering Tool for the Transition of the Food Industry to Industry 5.0,,scopus_only,verification,exclude,OUTCOME,0
W4399712587,10.1016/j.eswa.2024.124517,2024,Considering the cascade threat in the food supply chain for the retailer’s “blockchain & contamination prevention effort” strategic deployment,Expert Systems with Applications,scopus_only,abstract,include,,1
W4411172169,10.1109/access.2025.3578286,2025,Enhanced Search Spring Algorithm for Green Agri-Food Supply Chain Network Design,IEEE Access,scopus_only,verification,exclude,TECH,0
W7125498535,10.15193/zntj/2025/145/561,2025,THE ASSESSMENT OF THE IMPACT OF SUSTAINABLE PRODUCTION METHODS ON ECONOMIC EFFICIENCY IN THE FOOD INDUSTRY,Zywnosc-nauka Technologia Jakosc,scopus_only,abstract,include,,1
W4408443850,10.1021/acssuschemeng.4c08524,2025,"Agro-Industrial Biovalorization into 2-Phenylethanol: Banana Peels, Brewer’s Spent Grains, and Bread",ACS Sustainable Chemistry & Engineering,scopus_only,abstract,exclude,OUTCOME,0
W4410085574,10.1016/bs.afnr.2025.04.002,2025,Nir spectroscopy for decision-making in the livestock sector: A technological breakthrough,Advances in food and nutrition research,scopus_only,title,exclude,SETTING,0
W4417178639,10.56578/cis130410,2025,Sustainable Accounting Transformation Through Cloud Technologies: Evidence from Romania,Challenges in Sustainability,scopus_only,title,exclude,SETTING,0
W7117448158,10.14445/22315381/ijett-v73i12p108,2025,Design and Development of an Automated Wrapper Machine for Roasted Glutinous Rice,International Journal of Engineering Trends and Technology,scopus_only,abstract,include,,1
W7125530448,10.15193/zntj/2025/145/559,2025,ECONOMIC EFFICIENCY OF AUTOMATED QUALITY CONTROL SYSTEMS IN THE FOOD INDUSTRY,Zywnosc-nauka Technologia Jakosc,scopus_only,abstract,include,,1
W3199087480,10.1080/00207543.2021.1970849,2021,"Blockchain in food supply chains: a literature review and synthesis analysis of platforms, benefits and challenges",International Journal of Production Research,scopus_only,verification,exclude,OUTCOME,0
W4318475494,10.3390/ijerph20032318,2023,Food Waste Utilization for Reducing Carbon Footprints towards Sustainable and Cleaner Environment: A Review,International Journal of Environmental Research and Public Health,scopus_only,abstract,exclude,OUTCOME,0
W4318054777,10.3390/md21020082,2023,Microalgae-Derived Pigments for the Food Industry,Marine Drugs,scopus_only,abstract,exclude,OUTCOME,0
W4285045616,10.1016/j.aaf.2022.06.003,2022,The role of digital technologies in supporting and improving fishery and aquaculture across the supply chain – Quo Vadis?,Aquaculture and Fisheries,scopus_only,abstract,exclude,TYPE,0
W4389923069,10.3390/w15244310,2023,Aquaponics: A Sustainable Path to Food Sovereignty and Enhanced Water Use Efficiency,Water,scopus_only,abstract,exclude,SETTING,0
W4366974875,10.3390/biom13050717,2023,Bio-Based Valorization of Lignin-Derived Phenolic Compounds: A Review,Biomolecules,scopus_only,abstract,exclude,SETTING,0
W4323566864,10.3389/fgene.2023.1121462,2023,Sustaining yield and nutritional quality of peanuts in harsh environments: Physiological and molecular basis of drought and heat stress tolerance,Frontiers in Genetics,scopus_only,abstract,exclude,SETTING,0
W4387985514,10.1039/d3fb00124e,2023,Digitalization of the agro-food sector for achieving sustainable development goals: a review,Sustainable Food Technology,scopus_only,abstract,exclude,OUTCOME,0
W4380372571,10.1016/j.biosx.2023.100365,2023,Review on food quality assessment using machine learning and electronic nose system,Biosensors and Bioelectronics X,scopus_only,abstract,exclude,OUTCOME,0
W4391033623,10.3389/fchem.2024.1327113,2024,"Sustainable biosurfactant production from secondary feedstock—recent advances, process optimization and perspectives",Frontiers in Chemistry,scopus_only,abstract,exclude,SETTING,0
W4385737998,10.3390/s23167081,2023,TinyML-Sensor for Shelf Life Estimation of Fresh Date Fruits,Sensors,scopus_only,abstract,exclude,OUTCOME,0
W4389511953,10.1016/j.compag.2023.108503,2023,Computer vision and deep learning in insects for food and feed production: A review,Computers and Electronics in Agriculture,scopus_only,abstract,exclude,OUTCOME,0
W4316259467,10.1016/j.scitotenv.2023.161550,2023,Characterization and potential valorization of industrial food processing wastes,The Science of The Total Environment,scopus_only,title,exclude,OUTCOME,0
W4311039737,10.1108/ijlm-01-2022-0011,2022,"Linking big data, sustainable supply chain management and corporate performance: the moderating role of circular economy thinking",The International Journal of Logistics Management,scopus_only,abstract,include,,1
W4382584061,10.1016/j.rse.2023.113695,2023,Mapping smallholder cashew plantations to inform sustainable tree crop expansion in Benin,Remote Sensing of Environment,scopus_only,abstract,exclude,SETTING,0
W4400057086,10.3389/fpls.2024.1402835,2024,Corn leaf disease: insightful diagnosis using VGG16 empowered by explainable AI,Frontiers in Plant Science,scopus_only,abstract,exclude,SETTING,0
W4362600411,10.1108/ajems-04-2022-0167,2023,The impact of customer-focus on the performance of business organizations: evidence from SMEs in an emerging West African economy,African Journal of Economic and Management Studies,scopus_only,abstract,exclude,SETTING,0
W4388940009,10.3390/md21120605,2023,Current and Expected Trends for the Marine Chitin/Chitosan and Collagen Value Chains,Marine Drugs,scopus_only,abstract,exclude,OUTCOME,0
W4323306762,10.1016/j.jclepro.2023.136664,2023,Development of energy-saving innovative hydraulic mortars reusing spent coffee ground for applications in construction,Journal of Cleaner Production,scopus_only,title,exclude,SETTING,0
W4387972336,10.1007/s13399-023-05038-3,2023,Harnessing valorization potential of whey permeate for D-lactic acid production using lactic acid bacteria,Biomass Conversion and Biorefinery,scopus_only,title,exclude,OUTCOME,0
W4391968967,10.3390/su16051717,2024,Sustainable Management Strategies for Fruit Processing Byproducts for Biorefineries: A Review,Sustainability,scopus_only,abstract,exclude,OUTCOME,0
W4389396899,10.1016/j.jclepro.2023.140056,2023,"Integrated multitrophic aquaculture supply chain fish traceability with blockchain technology, valorisation of fish waste and plastic pollution reduction by seaweed bioplastic: A study in tuna fish aquaculture industry",Journal of Cleaner Production,scopus_only,abstract,include,,1
W4390667027,10.1016/j.spc.2024.01.003,2024,"Balancing people, planet, and profit in urban food waste management",Sustainable Production and Consumption,scopus_only,verification,exclude,TECH,0
W4387783652,10.1016/j.lwt.2023.115419,2023,A rapid and low-cost method for detection of nine kinds of vegetable oil adulteration based on 3-D fluorescence spectroscopy,LWT,scopus_only,abstract,exclude,OUTCOME,0
W4319337675,10.1016/j.scitotenv.2023.162093,2023,Valorization of coffee wastes as plant growth promoter in mulching film production: A contribution to a circular economy,The Science of The Total Environment,scopus_only,title,exclude,SETTING,0
W4388080327,10.1016/j.jenvman.2023.119376,2023,"Patterns and drivers of carbon stock change in ecological restoration regions: A case study of upper Yangtze River Basin, China",Journal of Environmental Management,scopus_only,title,exclude,SETTING,0
W4389855351,10.1016/j.biortech.2023.130213,2023,Valorization of fruit and vegetable byproducts for the beta-glucan production from Euglena gracilis,Bioresource Technology,scopus_only,title,exclude,OUTCOME,0
W4372344107,10.1016/j.tifs.2023.05.003,2023,The competition between conventional and organic food production in the presence of the blockchain technology,Trends in Food Science & Technology,scopus_only,abstract,include,,1
W4379115126,10.1016/j.scitotenv.2023.164636,2023,Exploring the potential of circular solutions to replace inorganic fertilizers in the European Union,The Science of The Total Environment,scopus_only,title,exclude,SETTING,0
W4385541402,10.1016/j.resconrec.2023.107108,2023,"Multi-sectorial assessment of phosphorus in Ontario, Canada: Mapping flows and analysis of the potential for recovery and reuse",Resources Conservation and Recycling,scopus_only,abstract,exclude,SETTING,0
W4377694670,10.1016/j.scitotenv.2023.164362,2023,Carbon accounting of negative emissions technologies integrated in the life cycle of spirulina supplements,The Science of The Total Environment,scopus_only,title,exclude,OUTCOME,0
W4388073491,10.1016/j.scitotenv.2023.168199,2023,Resveratrol-based biorefinery models for favoring its inclusion along the market value-added chains: A critical review,The Science of The Total Environment,scopus_only,abstract,exclude,OUTCOME,0
W4386090882,10.1371/journal.pone.0283230,2023,How can artificial intelligence boost firms’ exports? evidence from China,PLoS ONE,scopus_only,abstract,exclude,SETTING,0
W4400778961,10.7203/ciriec-e.111.27932,2024,Análisis de la transformación digital en las cooperativas agroalimentarias desde la perspectiva de género,CIRIEC-España revista de economía pública social y cooperativa,scopus_only,abstract,exclude,OUTCOME,0
W4386569703,10.1016/j.biortech.2023.129717,2023,Microbial protein production from lactose-rich effluents through food-grade mixed cultures: Effect of carbon to nitrogen ratio and dilution rate,Bioresource Technology,scopus_only,abstract,exclude,OUTCOME,0
W4388751973,10.1016/j.biortech.2023.130020,2023,Experimental study and techno-economic analysis of co-processing system for treatment of food waste with various impurities,Bioresource Technology,scopus_only,abstract,include,,1
W4389493987,10.7324/jabb.2023.157696,2023,Sugarcane yield prediction using NOA-based swin transformer model in IoT smart agriculture,Journal of Applied Biology & Biotechnology,scopus_only,abstract,exclude,SETTING,0
W4361278261,10.1016/j.jenvman.2023.117762,2023,Valorisation of food waste for valuable by-products generation with economic assessment,Journal of Environmental Management,scopus_only,abstract,include,,1
W4389443826,10.1016/j.rcradv.2023.200199,2023,Enhancing economic-social sustainability through a closed-loop citrus supply chain: A life cycle cost analysis,Resources Conservation & Recycling Advances,scopus_only,verification,exclude,TECH,0
W4402615998,10.3390/pr12092001,2024,Process Optimization in a Condiment SME through Improved Lean Six Sigma with a Surface Tension Neural Network,Processes,scopus_only,abstract,include,,1
W4376867283,10.1002/jctb.7428,2023,Enhancement of gluconic acid production by Aspergillus niger from by‐products as glucose source using pressurized air conditions,Journal of Chemical Technology & Biotechnology,scopus_only,abstract,exclude,OUTCOME,0
W4394737850,10.1016/j.scitotenv.2024.172359,2024,Fresh bell peppers consumed in cities: Unveiling the environmental impact of urban and rural food supply systems,The Science of The Total Environment,scopus_only,title,exclude,OUTCOME,0
W4318616226,10.1007/s11694-023-01814-x,2023,Rapid screening of mayonnaise quality using computer vision and machine learning,Journal of Food Measurement & Characterization,scopus_only,title,exclude,OUTCOME,0
W4398188535,10.15446/agron.colomb.v41n3.107255,2023,Assessing the impact of emerging technologies on sustainable fruit production: A systematic review of the literature,Agronomía Colombiana,scopus_only,abstract,exclude,SETTING,0
W4402615543,10.14445/22315381/ijett-v72i8p114,2024,"Increase of the Availability of Machinery in a Food Company Applying the TPM, SMED and RCM Methodologies",International Journal of Engineering Trends and Technology,scopus_only,abstract,exclude,TECH,0
W4399771631,10.1002/vms3.1473,2024,The comparative advantage of urban goat production,Veterinary Medicine and Science,scopus_only,abstract,exclude,SETTING,0
W4399811088,10.3390/info15060360,2024,An Anomaly Detection Approach to Determine Optimal Cutting Time in Cheese Formation,Information,scopus_only,abstract,exclude,OUTCOME,0
W4404019664,10.12681/jhvms.36116,2024,Efficiency and somatic cell count: Unraveling Holstein cow productivity through stochastic frontier modeling,Journal of the Hellenic Veterinary Medical Society,scopus_only,abstract,exclude,SETTING,0
W4405084114,10.52711/0974-360x.2024.00716,2024,Valorisation and physicochemical analysis of Bakery Waste Biocompost,Research Journal of Pharmacy and Technology,scopus_only,abstract,exclude,OUTCOME,0
W4392238862,10.17221/271/2023-agricecon,2024,Research on the promotion effect and mechanisms of digital empowerment of food enterprises,Agricultural Economics (Zemědělská ekonomika),scopus_only,abstract,include,,1
WOS:001606019000001,10.1016/j.jii.2025.100983,2025,Surfing twin transition in agri-food supply chains: The role of iot and data analytics in sustainable decision-making,JOURNAL OF INDUSTRIAL INFORMATION INTEGRATION,wos_only,abstract,exclude,OUTCOME,0
WOS:001789260200001,,2025,DIGITAL MONITORING SYSTEMS IN THE FOOD INDUSTRY: A REVOLUTION IN QUALITY AND EFFICIENCY,ACTA TECHNICA NAPOCENSIS SERIES-APPLIED MATHEMATICS MECHANICS AND ENGINEERING,wos_only,abstract,exclude,TYPE,0
WOS:001808060700010,10.17512/pjms.2026.33.1.10,2026,AI IN FOOD SUPPLY CHAIN MANAGEMENT: A COMPREHENSIVE ANALYSIS,POLISH JOURNAL OF MANAGEMENT STUDIES,wos_only,abstract,exclude,OUTCOME,0
WOS:001852694800015,,2026,CRITICAL ANALYSIS OF THE EFFECTIVENESS OF EUROPEAN DIGITAL INNOVATION HUBS (EDIHS) IN THE AGRI-FOOD SECTOR,SCIENTIFIC PAPERS-SERIES MANAGEMENT ECONOMIC ENGINEERING IN AGRICULTURE AND RURAL DEVELOPMENT,wos_only,abstract,exclude,SETTING,0
WOS:001554072700004,10.1016/j.afres.2025.101261,2025,"Assessment of advancements and applications of robotics, artificial intelligence, and automated technology in the modern food sector",APPLIED FOOD RESEARCH,wos_only,verification,exclude,OUTCOME,0
WOS:001838260900008,,2026,FROM WASTE TO RESOURCE: MODERN APPROACHES TO WHEY UTILIZATION IN THE FOOD INDUSTRY,SCIENTIFIC PAPERS-SERIES D-ANIMAL SCIENCE,wos_only,abstract,exclude,OUTCOME,0
WOS:001787013400012,,2026,"Polymer Composite-Integrated Food Waste Management Across the Supply Chain: Quantification, Process Modelling, and Techno-Economic Valorization",JOURNAL OF POLYMER & COMPOSITES,wos_only,abstract,include,,1
WOS:001496417200002,10.1016/j.afres.2025.100954,2025,Valorization of plant-based agro-industrial waste and by-products for the production of polysaccharides: Towards a more circular economy,APPLIED FOOD RESEARCH,wos_only,abstract,exclude,OUTCOME,0
WOS:001333591700010,10.59267/ekopolj2403895p,2024,GENDER PERSPECTIVES OF TWIN TRANSITION IN AGRICULTURE AND FOOD SECTOR COMPANIES: EMPIRICAL EVIDENCE FROM SERBIA,EKONOMIKA POLJOPRIVREDA-ECONOMICS OF AGRICULTURE,wos_only,abstract,exclude,OUTCOME,0
WOS:001597368300052,,2025,A CRITICAL REVIEW ON INNOVATIVE STRATEGIES FOR BREWERY WASTEWATER VALORIZATION: ADVANCING SUSTAINABILITY IN THE FOOD INDUSTRY,SCIENTIFIC PAPERS-SERIES D-ANIMAL SCIENCE,wos_only,abstract,exclude,OUTCOME,0
WOS:000588911500001,10.1007/s10098-020-01981-1,2021,A techno-economic feasibility of a process for extraction of starch from waste avocado seeds,CLEAN TECHNOLOGIES AND ENVIRONMENTAL POLICY,wos_only,abstract,include,,1
WOS:001597368300055,,2025,HARNESSING BLOCKCHAIN FOR ENHANCED RISK MANAGEMENT IN THE FOOD SUPPLY CHAIN,SCIENTIFIC PAPERS-SERIES D-ANIMAL SCIENCE,wos_only,abstract,exclude,OUTCOME,0
WOS:000665333200001,10.3390/agriculture11060514,2021,The Digitalization of the European Agri-Food Cooperative Sector. Determining Factors to Embrace Information and Communication Technologies,AGRICULTURE-BASEL,wos_only,abstract,exclude,OUTCOME,0
WOS:000804057600001,10.1080/09537287.2022.2063198,2024,Integrating circular economy and Industry 4.0 for sustainable supply chain management: a dynamic capability view,PRODUCTION PLANNING & CONTROL,wos_only,abstract,exclude,SETTING,0
WOS:001086878000011,10.47974/jsms-1164,2023,Digital solutions and interventions in agriculture value chain and their measurable effectiveness,JOURNAL OF STATISTICS AND MANAGEMENT SYSTEMS,wos_only,abstract,exclude,SETTING,0
WOS:001578128800001,10.1016/j.tifs.2025.105324,2025,Application of industrial internet of things (IIoT) in food processing industries,TRENDS IN FOOD SCIENCE & TECHNOLOGY,wos_only,abstract,exclude,OUTCOME,0
WOS:000610903400001,10.3390/app11020660,2021,Techno-Economic Assessment of a Gasification Plant for Distributed Cogeneration in the Agrifood Sector,APPLIED SCIENCES-BASEL,wos_only,abstract,include,,1
WOS:000878727000001,10.1108/jkm-06-2022-0451,2023,Corporate social responsibility as a catalyst of circular economy? A case study perspective in Agri-food,JOURNAL OF KNOWLEDGE MANAGEMENT,wos_only,abstract,exclude,TECH,0
WOS:000816142500009,10.1007/978-3-030-36660-5_8,2020,Emilia-Romagna (Italy) Innovative Experiences on Circular Economy,"INDUSTRIAL SYMBIOSIS FOR THE CIRCULAR ECONOMY: OPERATIONAL EXPERIENCES, BEST PRACTICES AND OBSTACLES TO A COLLABORATIVE BUSINESS APPROACH",wos_only,abstract,exclude,OUTCOME,0
WOS:001611564500002,10.19053/uptc.01211048.18449,2025,"CIRCULARITY AND SUSTAINABILITY INITIATIVES IN AGRI-FOOD MARKETS IN MERIDA, YUCATAN: A VIEW FROM THE PRODUCERS",INQUIETUD EMPRESARIAL,wos_only,abstract,exclude,TECH,0
WOS:001060263000001,10.1002/bse.3554,2024,Data-driven insights for circular and sustainable food supply chains: An empirical exploration of big data and predictive analytics in enhancing social sustainability performance,BUSINESS STRATEGY AND THE ENVIRONMENT,wos_only,abstract,exclude,OUTCOME,0
WOS:001041646200001,10.1016/j.jece.2023.110049,2023,Biorefinery perspective for industrial potato peel management: technology readiness level and economic assessment,JOURNAL OF ENVIRONMENTAL CHEMICAL ENGINEERING,wos_only,abstract,include,,1
WOS:000897847600001,10.1108/ejim-07-2022-0373,2024,Food 4.0 for competing during the COVID-19 pandemic: experimenting digitalization in family firms,EUROPEAN JOURNAL OF INNOVATION MANAGEMENT,wos_only,abstract,exclude,OUTCOME,0
WOS:001710796700020,10.55643/fcaptp.1.66.2026.4976,2026,CIRCULAR ECONOMIC BUSINESS MODEL FOR SUSTAINABLE SMES FOOD SECURITY,FINANCIAL AND CREDIT ACTIVITY-PROBLEMS OF THEORY AND PRACTICE,wos_only,abstract,exclude,OUTCOME,0
WOS:001502568600010,10.1016/j.jenvman.2025.125718,2025,Food loss and waste management in the retail food supply chain: Methods and framework to achieve environmental sustainability,JOURNAL OF ENVIRONMENTAL MANAGEMENT,wos_only,abstract,exclude,TECH,0
WOS:001543210200012,10.22092/ijfs.2025.134035,2025,"Smart tools and artificial intelligence for enhanced quality and safety in agriculture, fisheries, and aquaculture: A review",IRANIAN JOURNAL OF FISHERIES SCIENCES,wos_only,abstract,exclude,OUTCOME,0
WOS:000771422300001,10.3390/app12052507,2022,Optimization Model for Selective Harvest Planning Performed by Humans and Robots,APPLIED SCIENCES-BASEL,wos_only,abstract,exclude,SETTING,0
WOS:001665371400006,10.29081/chiba.2025.651,2025,VALORIZATION OF AGRI-FOOD WASTES IN YEAST BIOTECHNOLOGIES,SCIENTIFIC STUDY AND RESEARCH-CHEMISTRY AND CHEMICAL ENGINEERING BIOTECHNOLOGY FOOD INDUSTRY,wos_only,abstract,exclude,OUTCOME,0
WOS:000481492200025,,2017,"Analysing the Environmental, Energy and Economic Feasibility of Biomethanation of Agrifood Waste: A Case Study from Spain",SUSTAINABILITY CHALLENGES IN THE AGROFOOD SECTOR,wos_only,abstract,include,,1
WOS:001439633300001,10.1016/j.techfore.2025.124077,2025,Promoting digital traceability in agriculture: A predictive approach to adoption and policy design in the olive sector,TECHNOLOGICAL FORECASTING AND SOCIAL CHANGE,wos_only,abstract,exclude,OUTCOME,0
WOS:001269366300001,10.3390/su16135616,2024,Transformation of the Three Pillars of Agri-Food Sustainability around the COVID-19 Crisis-A Literature Review,SUSTAINABILITY,wos_only,abstract,exclude,TECH,0
WOS:000503074300047,,2019,STUDY REGARDING PECULIARITIES OF INTRODUCING AND DEVELOPING EFFECTIVE DIGITAL TECHNOLOGIES IN THE AGRI-FOOD SECTOR,SCIENTIFIC PAPERS-SERIES MANAGEMENT ECONOMIC ENGINEERING IN AGRICULTURE AND RURAL DEVELOPMENT,wos_only,abstract,exclude,SETTING,0
WOS:001826141700001,10.1016/j.ijis.2026.100200,2026,"Innovation, governance, and sustainability in food systems: Structural tensions shaping digital transformation and stakeholder engagement",INTERNATIONAL JOURNAL OF INNOVATION STUDIES,wos_only,abstract,exclude,TYPE,0
WOS:001458971700001,10.1016/j.dib.2025.111478,2025,Banana bunch image and video dataset for variety classification and grading,DATA IN BRIEF,wos_only,abstract,exclude,OUTCOME,0
WOS:001578115200029,,2025,RECENT ISSUES AND TRENDS OF ECO-INNOVATION IN THE EUROPEAN UNION,SCIENTIFIC PAPERS-SERIES MANAGEMENT ECONOMIC ENGINEERING IN AGRICULTURE AND RURAL DEVELOPMENT,wos_only,abstract,exclude,OUTCOME,0
WOS:001610955700001,10.1002/aro2.70002,2025,Environmental and Nutritional Value of Fruit and Vegetable Peels as Animal Feed: A Comprehensive Review,ANIMAL RESEARCH AND ONE HEALTH,wos_only,abstract,exclude,OUTCOME,0
WOS:000437966800008,10.17270/j.log.2018.290,2018,COMPARISON OF TIME-ORIENTED METHODS TO CHECK MANUFACTURING ACTIVITIES AND AN EXAMINATION OF THEIR EFFICIENCY,LOGFORUM,wos_only,duplicate,exclude,DUPLICATE_TITLE,0
WOS:001872883700001,10.3390/en19174077,2026,Valorization of Fish Waste via Anaerobic Digestion: A Systematic Literature Review and Future Research Agenda,ENERGIES,wos_only,abstract,exclude,OUTCOME,0
WOS:000751101300001,10.1108/bfj-08-2021-0934,2022,"Integrating agriculture and industry 4.0 under ""agri-food 4.0"" to analyze suitable technologies to overcome agronomical barriers",BRITISH FOOD JOURNAL,wos_only,abstract,exclude,OUTCOME,0
WOS:000905415100001,10.1016/j.ijpe.2022.108666,2022,Exploring the transition towards circular supply chains through the arcs of integration,INTERNATIONAL JOURNAL OF PRODUCTION ECONOMICS,wos_only,abstract,exclude,TECH,0
WOS:000460425000012,,2015,Improving Environmental and Economic Performance in the Food Chain; the Lean and Green Paradigm,"MARKETS, BUSINESS AND SUSTAINABILITY",wos_only,abstract,exclude,TECH,0
WOS:000727121100001,10.1007/s10479-021-04423-3,2023,Antecedents for blockchain technology-enabled sustainable agriculture supply chain,ANNALS OF OPERATIONS RESEARCH,wos_only,verification,exclude,OUTCOME,0
WOS:001543331800007,10.6688/jise.202507_41(4).0007,2025,Analysis of the Operational Efficiency of Agritourism Farms Integrating Green Restaurants and Organic Farming,JOURNAL OF INFORMATION SCIENCE AND ENGINEERING,wos_only,abstract,exclude,SETTING,0
WOS:000823117400082,,2022,THE ROLE OF INFORMATION TECHNOLOGIES FOR THE DEVELOPMENT OF SMEs IN THE AGRI-FOOD SECTOR OF THE REPUBLIC OF MOLDOVA,SCIENTIFIC PAPERS-SERIES MANAGEMENT ECONOMIC ENGINEERING IN AGRICULTURE AND RURAL DEVELOPMENT,wos_only,abstract,exclude,SETTING,0
WOS:000541887900005,10.1016/j.tifs.2020.03.014,2020,A systematic review on the recent advances of the energy efficiency improvements in non-conventional food drying technologies,TRENDS IN FOOD SCIENCE & TECHNOLOGY,wos_only,abstract,include,,1
WOS:000771937100001,10.1111/soru.12369,2022,Disciplining land through data: The role of agricultural technologies in farmland assetisation,SOCIOLOGIA RURALIS,wos_only,abstract,exclude,SETTING,0
WOS:001700636400001,10.1016/j.ifset.2026.104494,2026,The potential of plasma-processed air (PPA) for industrial food safety in herbs and spices,INNOVATIVE FOOD SCIENCE & EMERGING TECHNOLOGIES,wos_only,abstract,include,,1
WOS:001614951100001,10.1002/bse.70216,2026,Strategies of Sufficiency Under Institutional Complexity: A Study in the German Food Industry,BUSINESS STRATEGY AND THE ENVIRONMENT,wos_only,abstract,exclude,TECH,0
WOS:000474294600024,10.1111/1541-4337.12460,2019,"Prospective Applications of Cold Plasma for Processing Poultry Products: Benefits, Effects on Quality Attributes, and Limitations",COMPREHENSIVE REVIEWS IN FOOD SCIENCE AND FOOD SAFETY,wos_only,abstract,exclude,OUTCOME,0
WOS:001501126200001,10.1016/j.jspr.2025.102665,2025,Sustainable postharvest processing technologies for dried food commodities and firm-level adoption: A critical review,JOURNAL OF STORED PRODUCTS RESEARCH,wos_only,abstract,exclude,OUTCOME,0
WOS:001093665300039,10.53478/tuba.978-625-8352-17-7.ch37,2022,ECONOMIC GROWTH AND SMART FARMING: EXAMPLES FROM THE WORLD AND TURKIYE,NATIONAL TECHNOLOGY INITIATIVE: Social Reflections and Turkiye's Future,wos_only,abstract,exclude,SETTING,0
WOS:000522492700113,10.3390/en13040885,2020,Energy Saving Potential of Industrial Solar Collectors in Southern Regions of Russia: The Case of Krasnodar Region,ENERGIES,wos_only,abstract,include,,1
WOS:001765837500001,10.1007/s43621-026-03143-7,2026,Exploring the circular economy's promise and challenges in Ghana from company and policy expert interviews,DISCOVER SUSTAINABILITY,wos_only,abstract,exclude,SETTING,0
WOS:001063706200010,10.1007/s11356-023-29352-5,2023,"RETRACTED: Assessing the supply chain management of waste-to-energy on green circular economy in China: an empirical study (Retracted article. See vol. 33, pg. 4029, 2026)",ENVIRONMENTAL SCIENCE AND POLLUTION RESEARCH,wos_only,abstract,exclude,TYPE,0
WOS:000432450300015,10.1016/j.cofs.2018.03.011,2018,Food bioprocessing by non-thermal plasma technology,CURRENT OPINION IN FOOD SCIENCE,wos_only,abstract,exclude,OUTCOME,0
WOS:001516347300001,10.3390/su17125640,2025,Sustainable Concentration in the Polish Food Industry in the Context of the EU-MERCOSUR Trade Agreement,SUSTAINABILITY,wos_only,abstract,exclude,TECH,0
WOS:001690405200001,,2026,Comparative Evaluation of CNN Architectures for Corn Leaf Diseases Classification,INTERNATIONAL JOURNAL OF ADVANCED COMPUTER SCIENCE AND APPLICATIONS,wos_only,duplicate,exclude,DUPLICATE_TITLE,0
WOS:000659535000035,10.1016/j.jebo.2020.11.024,2021,Labor costs and the adoption of robots in China,JOURNAL OF ECONOMIC BEHAVIOR & ORGANIZATION,wos_only,abstract,exclude,SETTING,0
WOS:001472446400001,10.1111/1541-4337.70176,2025,Role of advanced cleaning and sanitation techniques in biofilm prevention on dairy equipment,COMPREHENSIVE REVIEWS IN FOOD SCIENCE AND FOOD SAFETY,wos_only,abstract,exclude,OUTCOME,0
WOS:000846291200001,10.1109/tem.2022.3192537,2024,An Empirical Investigation of the Influence of Industry 4.0 Technology Capabilities on Agriculture Supply Chain Integration and Sustainable Performance,IEEE TRANSACTIONS ON ENGINEERING MANAGEMENT,wos_only,verification,exclude,OUTCOME,0
WOS:001724360500001,10.1108/jsma-10-2025-0391,2026,Strategic CSR and digital transformation: pathways to SME performance in a turbulent emerging market,JOURNAL OF STRATEGY AND MANAGEMENT,wos_only,abstract,include,,1
WOS:001742288500001,10.1111/1467-8489.70110,2026,Circular Bioeconomy for Sustainable Agriculture and Food Systems: An Editorial Introduction,AUSTRALIAN JOURNAL OF AGRICULTURAL AND RESOURCE ECONOMICS,wos_only,abstract,exclude,TYPE,0
WOS:000584244400001,10.3390/su12187569,2020,Risk Assessment and Monitoring of Green Logistics for Fresh Produce Based on a Support Vector Machine,SUSTAINABILITY,wos_only,abstract,exclude,OUTCOME,0
WOS:001638962400001,10.1080/00207543.2025.2600550,2026,Aligning sustainable development goals and stakeholders' needs in food supply chains: a comprehensive review and mapping,INTERNATIONAL JOURNAL OF PRODUCTION RESEARCH,wos_only,abstract,exclude,OUTCOME,0
WOS:001282994700001,10.1007/s40497-024-00396-2,2024,The nexus between customer value analytics and SME performance in emerging market: a resource-based view perspective,JOURNAL OF GLOBAL ENTREPRENEURSHIP RESEARCH,wos_only,abstract,include,,1
WOS:001091603700001,10.1016/j.fufo.2023.100259,2023,"Sustainable expansion: Capabilities for ""New food source"" - Companies",FUTURE FOODS,wos_only,abstract,exclude,TECH,0
WOS:000822686700017,10.14254/2071-789x.2022/15-2/16,2022,FINANCIAL POSITION OF COMPANIES OPERATING IN FOOD PROCESSING INDUSTRY OF SLOVAKIA BY USING MULTIDIMENSIONAL SCALING,ECONOMICS & SOCIOLOGY,wos_only,abstract,exclude,TECH,0
WOS:001660398400001,10.1108/bij-08-2024-0650,2026,Benchmarking best practices: integrating big data analytics and green supply chain management for enhanced sustainable performance in food processing SMEs,BENCHMARKING-AN INTERNATIONAL JOURNAL,wos_only,verification,exclude,OUTCOME,0
WOS:001438762900007,,2025,Classification of the Maturity of Tea Leaves using Hyperspectral Imaging,METALLURGICAL & MATERIALS ENGINEERING,wos_only,abstract,exclude,SETTING,0
WOS:000467305200003,10.1111/1467-8551.12333,2019,"Big Data-Savvy Teams' Skills, Big Data-Driven Actions and Business Performance",BRITISH JOURNAL OF MANAGEMENT,wos_only,abstract,include,,1
WOS:001430355100001,10.1016/j.mtsust.2025.101090,2025,Trends and perspectives on bacterial nanocellulose: A comprehensive analysis from the three helixes of innovation,MATERIALS TODAY SUSTAINABILITY,wos_only,abstract,exclude,OUTCOME,0
WOS:000663583100003,10.1016/j.rser.2021.111167,2021,Conversion of protein-rich lignocellulosic wastes to bio-energy: Review and recommendations for hydrolysis plus fermentation and anaerobic digestion,RENEWABLE & SUSTAINABLE ENERGY REVIEWS,wos_only,abstract,exclude,OUTCOME,0
WOS:001411448600001,10.1016/j.sajb.2024.12.023,2025,Unveiling the potential of freshwater edible algae: Innovative extractions and functional food applications,SOUTH AFRICAN JOURNAL OF BOTANY,wos_only,abstract,exclude,OUTCOME,0
WOS:000552539900008,10.1007/978-981-13-9177-4_7,2020,"IoT-Enabled Agricultural System Applications, Challenges and Security Issues",IOT AND ANALYTICS FOR AGRICULTURE,wos_only,abstract,exclude,SETTING,0
WOS:000419383100078,10.1111/jfpp.13394,2018,Processing of Xoconostle fruit (Opuntia joconostle) juice for improving its commercialization using membrane filtration,JOURNAL OF FOOD PROCESSING AND PRESERVATION,wos_only,abstract,exclude,OUTCOME,0
WOS:001083757300001,10.3390/ani13193102,2023,Meat Quality in Katerini and Podolian Young Bulls Raised on Pasture: A Comparison between Organic Production Systems in Greek and Italian Environments,ANIMALS,wos_only,abstract,exclude,TECH,0
WOS:000712700200001,10.1080/15422119.2021.1995875,2022,Current and Future Use of Membrane Technology in the Traditional Chinese Medicine Industry,SEPARATION AND PURIFICATION REVIEWS,wos_only,abstract,exclude,SETTING,0
WOS:000859124500001,10.3390/logistics6030039,2022,"RETRACTED: A Soft Computing View for the Scientific Categorization of Vegetable Supply Chain Issues (Retracted article. See vol. 9, 2025)",LOGISTICS-BASEL,wos_only,abstract,exclude,TYPE,0
WOS:001515001800001,10.1016/j.aiia.2025.04.006,2025,Decoding canola and oat crop health and productivity under drought and heat stress using bioelectrical signals and machine learning,ARTIFICIAL INTELLIGENCE IN AGRICULTURE,wos_only,abstract,exclude,SETTING,0
WOS:000586081800001,10.1111/jfpp.14950,2021,Extraction of anthocyanins from grape pomace by using supercritical carbon dioxide,JOURNAL OF FOOD PROCESSING AND PRESERVATION,wos_only,abstract,exclude,OUTCOME,0
WOS:001507167500001,10.1111/1541-4337.70209,2025,Approaches for Measuring and Predicting Fouling During Thermal Processing of Dairy Solutions,COMPREHENSIVE REVIEWS IN FOOD SCIENCE AND FOOD SAFETY,wos_only,abstract,exclude,OUTCOME,0
WOS:001747412800001,10.3389/frevc.2026.1805879,2026,"Bio-based fertilizer- Custom-made method for evaluation of its production; environment, climate, and overarching economic performance",FRONTIERS IN ENVIRONMENTAL ECONOMICS,wos_only,abstract,exclude,SETTING,0
WOS:001135338200001,10.1108/md-02-2023-0135,2023,Emerging trends around strategic flexibility: a systematic review supported by bibliometric techniques,MANAGEMENT DECISION,wos_only,abstract,exclude,OFFTOPIC,0
WOS:001865132700001,10.1016/j.jfoodeng.2026.113290,2027,Multi-modal fusion of in-situ video data and process parameters for online forecasting of cookie drying readiness,JOURNAL OF FOOD ENGINEERING,wos_only,abstract,exclude,OUTCOME,0
WOS:001589168100003,10.14207/ejsd.2025.v14n4p93,2025,Flexible and Sustainable Bread Production in SMEs: A Metaheuristic Scheduling Approach,EUROPEAN JOURNAL OF SUSTAINABLE DEVELOPMENT,wos_only,abstract,include,,1
WOS:000666167500001,10.3390/land10060609,2021,Selection of Independent Variables for Crop Yield Prediction Using Artificial Neural Network Models with Remote Sensing Data,LAND,wos_only,abstract,exclude,SETTING,0
WOS:001238657300001,10.1016/j.jclepro.2024.142312,2024,"Consequential LCA of NPK fertilizers from microbial, animal, plant, and mineral origin highlights resource constraints and environmental impacts",JOURNAL OF CLEANER PRODUCTION,wos_only,abstract,exclude,OUTCOME,0
