id,doi,year,title,source,db,tech,tech_label,channels,design,region,subsector,quant,direction,conditions,note,effect_quote,cites,reference,search,author_countries,design_abstract,ft_checked,sms,adjudicated
W3206170167,10.1080/09537287.2021.1988177,2021,Extenuating operational risks through digital transformation of agri-food supply chains,Production Planning & Control,both,T5,Firm-level digital transformation,P4;P5,S,Australia,supply_chain,0,+,"operational risks, COVID-19 disruptions",I4.0 adopters avoid negative performance effect of operational risks,,110,"Ali, I., Govindan, K. (2021). Extenuating operational risks through digital transformation of agri-food supply chains. Production Planning & Control, 34(12), 1165–1177. https://doi.org/10.1080/09537287.2021.1988177",main,AU;CN;DK;KR,S,,,0
W4388333977,10.3390/su152115627,2023,The Digitalization Paradigm: Impacts on Agri-Food Supply Chain Profitability and Sustainability,Sustainability,both,T5,Firm-level digital transformation,P4;P5,S,Pakistan,supply_chain,0,+,"supply chain integration, communication, distribution",Digitalised supply chain processes raise profitability and sustainability,,38,"Dong, Y., Ahmad, S. F., Irshad, M., Al‐Razgan, M., Ali, Y. A., Awwad, E. M. (2023). The Digitalization Paradigm: Impacts on Agri-Food Supply Chain Profitability and Sustainability. Sustainability, 15(21), 15627. https://doi.org/10.3390/su152115627",main,CN;PK;SA,S,,,0
W4285013964,10.1108/bfj-09-2021-1056,2022,"Industry 4.0 in food processing: drivers, challenges and outcomes",British Food Journal,both,T5,Firm-level digital transformation,P1;P5,C,Italy,general_food,0,+,"drivers, challenges, human resources, strategy",Case study of I4.0 impacts on performance and operations,,68,"Romanello, R., Veglio, V. (2022). Industry 4.0 in food processing: drivers, challenges and outcomes. British Food Journal, 124(13), 375–390. https://doi.org/10.1108/bfj-09-2021-1056",main,IT,C,1,1,0
W4224310687,10.3389/fpsyg.2022.866361,2022,Modeling and Analyzing the Impact of the Internet of Things-Based Industry 4.0 on Circular Economy Practices for Sustainable Development: Evidence From the Food Processing Industry of China,Frontiers in Psychology,both,T2,"AI, sensors and IoT analytics",P3;P5,S,China,general_food,0,+,circular economy practices as mediator,IoT-based I4.0 improves CE practices and economic performance,,46,"Sun, X., Wang, X. (2022). Modeling and Analyzing the Impact of the Internet of Things-Based Industry 4.0 on Circular Economy Practices for Sustainable Development: Evidence From the Food Processing Industry of China. Frontiers in Psychology, 13, 866361. https://doi.org/10.3389/fpsyg.2022.866361",main,CN,S,,,0
W4361205566,10.1108/jeim-03-2022-0095,2023,"Exploring the relationship between digitalization, resilient agri-food supply chain management practices and firm performance",Journal of Enterprise Information Management,both,T2,"AI, sensors and IoT analytics",P4;P5,S,,supply_chain,0,+,"supply chain integration, information sharing",IoT-enabled SC integration improves SC and firm performance,,37,"Yadav, S., Luthra, S., V, A. K., Agrawal, R., Frederico, G. F. (2023). Exploring the relationship between digitalization, resilient agri-food supply chain management practices and firm performance. Journal of Enterprise Information Management, 37(2), 511–543. https://doi.org/10.1108/jeim-03-2022-0095",main,BR;GB;IN,S,,,0
W4408287496,10.1016/j.wmb.2025.100192,2025,3D printing technology for valorization of food processing wastes and byproducts: A systematic review,Waste Management Bulletin,both,T7,Circular valorisation technologies,P1;P3,R,global,general_food,1,+,"material variability, printability, regulation, scale-up",3D printing valorisation cuts waste and waste-management costs,Case studies reveal that implementing such solutions by food manufacturers can generate as much as 25 % savings in waste management costs,48,"Saha, D., Padhiary, M., Hoque, A., Prasad, G. (2025). 3D printing technology for valorization of food processing wastes and byproducts: A systematic review. Waste Management Bulletin, 3(4), 100192. https://doi.org/10.1016/j.wmb.2025.100192",main,IN,R,1,,0
W4384284051,10.1109/access.2023.3295780,2023,Industry 4.0 Adoption in Food Supply Chain to Improve Visibility and Operational Efficiency—A Content Analysis,IEEE Access,both,T4,Blockchain and digital traceability,P2;P4,R,global,supply_chain,0,+,"high technology cost, implementation time, cost sharing","Review: blockchain, IoT, RFID improve FSC visibility and operational efficiency",,22,"Vasanthraj, V., Kaur, A., Potdar, V. M., Agrawal, H. (2023). Industry 4.0 Adoption in Food Supply Chain to Improve Visibility and Operational Efficiency—A Content Analysis. IEEE Access, 11, 73922–73958. https://doi.org/10.1109/access.2023.3295780",main,AU;IN,R,,,0
W4400522252,10.3390/su16145928,2024,Artificial Intelligence and Food Processing Firms Productivity: Evidence from China,Sustainability,both,T2,"AI, sensors and IoT analytics",P1;P5,E,China,general_food,0,+,"property rights, factor intensity, location, labour skills",AI raises TFP and performance of listed food processors,,16,"Liu, H., Wang, Y., Yan, Z. (2024). Artificial Intelligence and Food Processing Firms Productivity: Evidence from China. Sustainability, 16(14), 5928. https://doi.org/10.3390/su16145928",main,CN,E,1,2,0
W4386147995,10.1016/j.techfore.2023.122799,2023,"Digital twin-driven real-time planning, monitoring, and controlling in food supply chains",Technological Forecasting and Social Change,both,T3,Digital twins and simulation,P1;P4,TEA,,dairy,1,+,"industrial symbiosis, integrated procurement-production-distribution","Digital twin improves makespan, OEE, utilisation and backlog",the present model found a notable 6 % reduction in backlog,132,"Maheshwari, P., Kamble, S., Belhadi, A., Mani, V., Abedin, M. Z. (2023). Digital twin-driven real-time planning, monitoring, and controlling in food supply chains. Technological Forecasting and Social Change, 195, 122799. https://doi.org/10.1016/j.techfore.2023.122799",main,FR;GB;MA,TEA,,,0
W4393941725,10.1108/ijlm-09-2023-0364,2024,Unlocking the potential: leveraging blockchain technology for agri-food supply chain performance and sustainability,The International Journal of Logistics Management,both,T4,Blockchain and digital traceability,P2;P4;P5,S,,supply_chain,0,+,"traceability, trust, stakeholder collaboration",Blockchain improves agri-food SC performance and ROI,,38,"Vern, P., Panghal, A., Mor, R. S., Kumar, P. V., Sarwar, D. (2024). Unlocking the potential: leveraging blockchain technology for agri-food supply chain performance and sustainability. The International Journal of Logistics Management, 36(2), 474–500. https://doi.org/10.1108/ijlm-09-2023-0364",main,GB;IN,S,,,0
W7130393564,10.3390/su18042066,2026,Digital Traceability and Contract Coordination for Sustainable Agri-Food Supply Chains,Sustainability,both,T4,Blockchain and digital traceability,P3;P4;P5,TEA,,supply_chain,0,mixed,"decentralisation, contract design, traceability cost, misreporting","Blockchain traceability with contracts yields Pareto profit gains, thresholds apply",,2,"Chen, S., Yao, J. (2026). Digital Traceability and Contract Coordination for Sustainable Agri-Food Supply Chains. Sustainability, 18(4), 2066. https://doi.org/10.3390/su18042066",main,CN,TEA,,,0
W7148429666,10.3390/logistics10040079,2026,Performance Impact of Digitalization in the Food Supply Chain: Evidence from the Food Processing Complex in Ethiopia,Logistics,both,T5,Firm-level digital transformation,P1;P2;P4,S,Ethiopia,general_food,0,+,"indirect via operational efficiency, trust, transparency",Digitalisation improves food SC performance mainly indirectly,,2,"Amentae, T. K., Uka, A. F., Gebrsenbet, G. (2026). Performance Impact of Digitalization in the Food Supply Chain: Evidence from the Food Processing Complex in Ethiopia. Logistics, 10(4), 79. https://doi.org/10.3390/logistics10040079",main,ET;SE,S,,,0
W4311352500,10.3390/su142416614,2022,Adapting Digital Technologies to Reduce Food Waste and Improve Operational Efficiency of a Frozen Food Company—The Case of Yumchop Foods in the UK,Sustainability,both,T2,"AI, sensors and IoT analytics",P2;P3,C,UK,general_food,0,+,"sensor installation, data analytics, alert protocols",IoT cold-storage monitoring reduced food waste in frozen meals firm,,35,"Ramanathan, U., Ramanathan, R., Adefisan, A., Costa, T. P. d., Cama-Moncunill, X., Samriya, G. (2022). Adapting Digital Technologies to Reduce Food Waste and Improve Operational Efficiency of a Frozen Food Company—The Case of Yumchop Foods in the UK. Sustainability, 14(24), 16614. https://doi.org/10.3390/su142416614",main,GB;IE,C,1,1,0
W4212927074,10.4018/ijisscm.290014,2021,Blockchain Technology in the Food Supply Chain,International Journal of Information Systems and Supply Chain Management,both,T4,Blockchain and digital traceability,P4,S,,supply_chain,0,+,"employee knowledge, scalability, complexity, high initial cost",Managers see cost reduction and time saving as blockchain advantages,,48,"David, A., Ganeshkumar, C., Paul, P. V. (2021). Blockchain Technology in the Food Supply Chain. International Journal of Information Systems and Supply Chain Management, 15(3), 1–12. https://doi.org/10.4018/ijisscm.290014",main,IN,S,,,0
W3146485797,10.17323/1813-8691-2021-25-1-147-164,2021,Unlocking Technology Adoption for a Robust Food Supply Chain: Evidence from Indian Food Processing Sector,Higher School of Economics Economic Journal,both,T2,"AI, sensors and IoT analytics",P1,S,India,general_food,0,+,"feasibility, data integrity, interoperability, SMEs",AI adoption significantly linked to operational efficiency,,22,"Jain, V., Tewary, T., Narayanan, B. G. (2021). Unlocking Technology Adoption for a Robust Food Supply Chain: Evidence from Indian Food Processing Sector. Higher School of Economics Economic Journal, 25(1), 147–164. https://doi.org/10.17323/1813-8691-2021-25-1-147-164",main,IN;US,S,,,0
W7155399346,10.1016/j.sftr.2026.101876,2026,Blockchain-driven sustainability in agri-food supply chains: Exploring adoption determinants and performance outcomes,Sustainable Futures,both,T4,Blockchain and digital traceability,P1;P4,S,India,supply_chain,0,+,"performance expectancy, effort expectancy, facilitating conditions",Blockchain adoption enhances operational efficiency and transparency,,1,"Shah, M. A., Aggarwal, M. (2026). Blockchain-driven sustainability in agri-food supply chains: Exploring adoption determinants and performance outcomes. Sustainable Futures, 11, 101876. https://doi.org/10.1016/j.sftr.2026.101876",main,IN,S,,,0
W3172464731,10.1109/tem.2021.3088518,2021,The Role of Industry 4.0 Technologies in Mitigating Supply Chain Disruption: Empirical Evidence From the Australian Food Processing Industry,IEEE Transactions on Engineering Management,both,T5,Firm-level digital transformation,P4;P5,S,Australia,general_food,0,+,risk type; non-significant for transportation risks,I4.0 mitigates supply-demand mismatch and process disruption risks,,131,"Ali, I., Arslan, A., Khan, Z., Tarba, S. Y. (2021). The Role of Industry 4.0 Technologies in Mitigating Supply Chain Disruption: Empirical Evidence From the Australian Food Processing Industry. IEEE Transactions on Engineering Management, 71, 10600–10610. https://doi.org/10.1109/tem.2021.3088518",main,AU;FI;GB,S,,,0
W7159658836,10.1080/00207543.2026.2659922,2026,Impact of digital twin adoption on food supply chain performance: a system dynamics approach,International Journal of Production Research,both,T3,Digital twins and simulation,P3;P4,TEA,,supply_chain,0,+,short- vs long-term horizon,"Digital twin improves inventory, lead time, later cost and waste",,3,"Huang, Y., Ghadge, A., Yates, N. (2026). Impact of digital twin adoption on food supply chain performance: a system dynamics approach. International Journal of Production Research, 1–34. https://doi.org/10.1080/00207543.2026.2659922",main,GB,TEA,,,0
W7113896556,10.1051/bioconf/202520105006/pdf,2025,Optimizing Operational Efficiency and Food Safety Through the Integration of IoT in Smart Food Processing Systems,Springer Link (Chiba Institute of Technology),OpenAlex (Scopus-indexed),T2,"AI, sensors and IoT analytics",P2;P3;P4,S,,general_food,0,+,"employee adaptability, cybersecurity, training",Survey: IoT perceived to improve traceability and reduce food waste,,0,"Mandira, I. M. C., Supranta, V. A., Seng, F. M., Phattanaviroj, T. (2025). Optimizing Operational Efficiency and Food Safety Through the Integration of IoT in Smart Food Processing Systems. Springer Link (Chiba Institute of Technology). https://doi.org/10.1051/bioconf/202520105006/pdf",main,,S,,,0
W4416834039,10.1002/bse.70371,2025,Sustainability Assessment of Circular Strategies in the Agri‐Food Industry: The Case of Olive Mills' By‐Product Valorization,Business Strategy and the Environment,both,T7,Circular valorisation technologies,P3;P5,TEA,,olive_oil,0,mixed,,Olive pomace extraction most profitable; composting struggles with profitability,,2,"Polonio, D. M., Granado‐Díaz, R., Gómez-Limón, J. A., Villanueva, A. J. (2025). Sustainability Assessment of Circular Strategies in the Agri‐Food Industry: The Case of Olive Mills' By‐Product Valorization. Business Strategy and the Environment, 35(4), 4641–4658. https://doi.org/10.1002/bse.70371",main,ES,TEA,,,0
W7110976642,10.3303/cet25118032,2025,Economic Feasibility Assessment of Bio-Based Vitrimers from Agrifood Residues: a Step Toward Sustainable Circular Economy,Chemical engineering transactions,both,T7,Circular valorisation technologies,P3;P5,TEA,,agri_food_residues,1,-,"low TRL, industrial performance, raw material costs","Vitrimers from agri-food residues have high MPSP, limited competitiveness","The average MPSP is €435.5 per kilogram, with potential reductions of 60% in best-case scenarios and increases of up to 400% in worst-case conditions.",0,"Parmiggiani, F., Tassinari, G., Soregaroli, C., Spigno, G., Bassani, A. (2025). Economic Feasibility Assessment of Bio-Based Vitrimers from Agrifood Residues: a Step Toward Sustainable Circular Economy. Chemical engineering transactions. https://doi.org/10.3303/cet25118032",main,,TEA,1,,0
W7113904290,10.1051/bioconf/202520103013/pdf,2025,The Strategic Implementation of Blockchain Technology to Enhance Supply Chain Management and Brand Value in The Agri-Food Sector,Springer Link (Chiba Institute of Technology),OpenAlex (Scopus-indexed),T4,Blockchain and digital traceability,P2;P4;P5,S,,supply_chain,0,+,"implementation cost, stakeholder understanding",Blockchain perceived to cut recalls and enable price premium,,0,"Mandira, I. M. C., Saiyed, S., Alfalisyado (2025). The Strategic Implementation of Blockchain Technology to Enhance Supply Chain Management and Brand Value in The Agri-Food Sector. Springer Link (Chiba Institute of Technology). https://doi.org/10.1051/bioconf/202520103013/pdf",main,,S,,,0
W4400877729,10.1109/access.2024.3432325,2024,Application of Internet of Things (IoT) to Food Supply Chain Under Uncertainty-Case: Traditional Dairy Products,IEEE Access,both,T2,"AI, sensors and IoT analytics",P1;P4;P5,TEA,,dairy,1,+,demand uncertainty,"IoT dynamic scheduling in dairy raises income, profit, productivity","boost income by 10 to 15%, profit by 13 to 18%, and job shop-level productivity by 13%",13,"Javadi, B., Dadashi, N., Yazdi, F., Abdali, M. R. (2024). Application of Internet of Things (IoT) to Food Supply Chain Under Uncertainty-Case: Traditional Dairy Products. IEEE Access, 12, 102702–102717. https://doi.org/10.1109/access.2024.3432325",main,IR,TEA,0,,0
W4411156249,10.3390/foods14122032,2025,Food Supply Chain: A Framework for the Governance of Digital Traceability,Foods,both,T4,Blockchain and digital traceability,P2;P4;P5,C,Italy,general_food,0,mixed,"governance structure, interoperability, upstream integration","Digital traceability: premium positioning, variable cost cuts, fixed costs unchanged",,31,"Lai, M. B., Vergamini, D., Brunori, G. (2025). Food Supply Chain: A Framework for the Governance of Digital Traceability. Foods, 14(12), 2032. https://doi.org/10.3390/foods14122032",main,IT,C,1,1,0
W4405444785,10.3390/app142411735,2024,Leveraging Blockchain and Consignment Contracts to Optimize Food Supply Chains Under Uncertainty,Applied Sciences,both,T4,Blockchain and digital traceability,P4;P5,TEA,,supply_chain,0,,"demand uncertainty, consignment contract, perishability",Newsvendor model analyses profitability of blockchain with consignment contracts,,7,"Sharma, I., Kaur, G., Dey, B. K., Majumder, A. (2024). Leveraging Blockchain and Consignment Contracts to Optimize Food Supply Chains Under Uncertainty. Applied Sciences, 14(24), 11735. https://doi.org/10.3390/app142411735",main,IN,TEA,,,0
W7128805573,10.3390/info17020195,2026,Closed-Loop Digital Twin for Energy-Efficient Scheduling in Food Manufacturing Systems,Information,both,T3,Digital twins and simulation,P1;P2;P3;P5,TEA,,bakery,1,+,,"Digital twin scheduling cuts bakery production time and energy, quick ROI",The results show a 24.4% reduction in production time and 23% energy savings.,3,"Amirkhanova, G. A., Yusubova, N., Amirkhanov, B., Sakypbekova, M., Siming, C. (2026). Closed-Loop Digital Twin for Energy-Efficient Scheduling in Food Manufacturing Systems. Information, 17(2), 195. https://doi.org/10.3390/info17020195",main,CN;KZ,TEA,1,,0
W4411538008,10.1007/s10961-025-10247-1,2025,"Digital transformation, ESG, and companies’ performance: an exploratory study of the European food sector",The Journal of Technology Transfer,both,T5,Firm-level digital transformation,P5,S,Europe,general_food,0,+,"managerial capability, ESG reporting",Digital capabilities positively associated with food firm performance,,7,"Marczewska, M., Hegerty, S. W., Panwar, R., Kostrzewski, M. (2025). Digital transformation, ESG, and companies’ performance: an exploratory study of the European food sector. The Journal of Technology Transfer, 51(3), 1798–1819. https://doi.org/10.1007/s10961-025-10247-1",main,PL;TW;US,S,,,0
W4402278745,10.3390/math12172753,2024,Mathematical Model for Optimal Agri-Food Industry Residual Streams Flow Management: A Valorization Decision Support Tool,Mathematics,both,T7,Circular valorisation technologies,P3;P5,TEA,,general_food,0,+,"product selling prices, processing cost",Residual stream valorisation optimisation yields significant profit increases,,2,"Barasoain-Echepare, Í., Zárraga-Rodríguez, M., Podhorski, A., Villar-Rosety, F. M., Besga-Oyanarte, L., Jaray-Valdehierro, S., Fernández-Arévalo, T., Sancho, L., Ayesa, E., Gutiérrez-Gutiérrez, J., Insausti, X. (2024). Mathematical Model for Optimal Agri-Food Industry Residual Streams Flow Management: A Valorization Decision Support Tool. Mathematics, 12(17), 2753. https://doi.org/10.3390/math12172753",main,ES,TEA,,,0
W4366773848,10.3390/s23084147,2023,A Cost–Benefit Analysis Simulation for the Digitalisation of Cold Supply Chains,Sensors,both,T2,"AI, sensors and IoT analytics",P3;P4,TEA,UK,meat,0,+,"weather, demand fluctuations",Simulated cold-chain digitalisation reduces beef waste and delivery miles,,18,"Schiffmann, O., Hicks, B., Nassehi, A., Gopsill, J., Valero, M. R. (2023). A Cost–Benefit Analysis Simulation for the Digitalisation of Cold Supply Chains. Sensors, 23(8), 4147. https://doi.org/10.3390/s23084147",main,GB,TEA,,,0
W4406282609,10.1016/j.ijepes.2024.110445,2025,Advancing energy efficiency: Machine learning based forecasting models for integrated power systems in food processing company,International Journal of Electrical Power & Energy Systems,both,T2,"AI, sensors and IoT analytics",P3,TEA,,general_food,1,+,"seasonal production, energy demand volatility",ML energy forecasting in food processor cuts costs and emissions,demonstrating a 52.42% reduction in CO 2 emissions,13,"MİRASÇI, S., Uygur, S., Aksoy, A. (2025). Advancing energy efficiency: Machine learning based forecasting models for integrated power systems in food processing company. International Journal of Electrical Power & Energy Systems, 165, 110445. https://doi.org/10.1016/j.ijepes.2024.110445",main,FI;TR,C,1,,0
W4411766297,10.14743/apem2025.1.527,2025,Independent vs. collaborative blockchain Research and Development: Operational decisions in food supply chains,Advances in Production Engineering & Management,both,T4,Blockchain and digital traceability,P4;P5,TEA,,supply_chain,0,+,"spillover effects, food substitutability, quality credibility",Collaborative blockchain R&D raises supply chain profit; independent R&D raises output,,2,"Kang, Y., Feng, J., Zhang, W. (2025). Independent vs. collaborative blockchain Research and Development: Operational decisions in food supply chains. Advances in Production Engineering & Management, 20(1), 61–74. https://doi.org/10.14743/apem2025.1.527",main,,TEA,,,0
W4414297577,10.1108/bfj-05-2024-0430,2025,A novel blockchain-based approach for enhanced food supply chain traceability and waste mitigation,British Food Journal,both,T4,Blockchain and digital traceability,P3;P4,TEA,,supply_chain,0,+,information-sharing infrastructure,Simulation: blockchain information sharing reduces waste and costs in five-tier chain,,12,"Ahmadkhan, K., Ahmadirad, Z., Karaminezhad, K., Seyedkhamoushi, F., Karimi, K., Khakpash, F. (2025). A novel blockchain-based approach for enhanced food supply chain traceability and waste mitigation. British Food Journal, 128(1), 426–466. https://doi.org/10.1108/bfj-05-2024-0430",main,DE;GB;IR;US,TEA,,,0
W4303650089,10.1155/2022/6050185,2022,Optimal Decision and Coordination of Organic Food Supply Chain from the Perspective of Blockchain,Discrete Dynamics in Nature and Society,both,T4,Blockchain and digital traceability,P2;P5,TEA,,supply_chain,0,+,"blockchain cost threshold, revenue- and cost-sharing contracts",Blockchain traceability raises organic food chain profits for all members,,10,"Ding, J., Bai, S. (2022). Optimal Decision and Coordination of Organic Food Supply Chain from the Perspective of Blockchain. Discrete Dynamics in Nature and Society, 2022(1). https://doi.org/10.1155/2022/6050185",main,CN,TEA,,,0
W4407973845,10.3390/su17051996,2025,Digital Technologies in Food Supply Chain Waste Management: A Case Study on Sustainable Practices in Smart Cities,Sustainability,both,T2,"AI, sensors and IoT analytics",P3;P4,C,,supply_chain,0,+,,"IoT and AI reduced waste, improved inventory control and logistics costs",,57,"Fatorachian, H., Kazemi, H., Pawar, K. S. (2025). Digital Technologies in Food Supply Chain Waste Management: A Case Study on Sustainable Practices in Smart Cities. Sustainability, 17(5), 1996. https://doi.org/10.3390/su17051996",main,GB,C,1,2,0
W3214292776,10.3390/su132212341,2021,Business Process Re-Engineering to Digitalise Quality Control Checks for Reducing Physical Waste and Resource Use in a Food Company,Sustainability,both,T5,Firm-level digital transformation,P1;P2;P3,C,,general_food,0,+,lean manufacturing integration,"Digitalised QC checks cut check time, rejections, resource use and waste",,54,"Garcia‐Garcia, G., Coulthard, G., Jagtap, S., Afy-Shararah, M., Patsavellas, J., Salonitis, K. (2021). Business Process Re-Engineering to Digitalise Quality Control Checks for Reducing Physical Waste and Resource Use in a Food Company. Sustainability, 13(22), 12341. https://doi.org/10.3390/su132212341",main,GB,C,1,2,0
W4401703139,10.22266/ijies2024.1031.51,2024,Deep Learning based Robust Food Supply Chain Enabled Effective Management with Blockchain,International journal of intelligent engineering and systems,both,T4,Blockchain and digital traceability,P4;P5,TEA,,supply_chain,0,+,storage capacity,Blockchain plus deep learning simulation boosts production and profitability for pulses,,1,"Thatikonda, R., Thota, R., Tatikonda, R., A, B. (2024). Deep Learning based Robust Food Supply Chain Enabled Effective Management with Blockchain. International journal of intelligent engineering and systems, 17(5), 674–682. https://doi.org/10.22266/ijies2024.1031.51",main,,TEA,,,0
W4409359682,10.1016/j.energy.2025.136106,2025,Sustainability of gasification-based cogeneration with agri-food residues and heat recovery technologies: Techno-economic and life cycle analyses,Energy,both,T7,Circular valorisation technologies,P3;P5,TEA,,general_food,0,mixed,"biomass, electricity and heat prices","Gasification cogeneration from agri-food residues; ICE faster ROI, price-sensitive",,7,"Anvari, S., Aguado, R., Vera, D., Jurado, F., Rosen, M. A. (2025). Sustainability of gasification-based cogeneration with agri-food residues and heat recovery technologies: Techno-economic and life cycle analyses. Energy, 325, 136106. https://doi.org/10.1016/j.energy.2025.136106",main,CA;ES,TEA,,,0
W4402057867,10.1177/14657503241270275,2024,"Exploring the impact of crises on rural agri-food SMEs: The moderating role of support mechanisms, digitalisation, and networking",The International Journal of Entrepreneurship and Innovation,both,T5,Firm-level digital transformation,P5,S,Greece,general_food,0,+,"crises, transport constraints, finance access, networking",Digital tools improve perceived economic performance of rural agri-food SMEs in crises,,7,"Apostolopoulos, N., Kakouris, A., Liargovas, P., Petropoulos, D., Anastasopoulou, E. E. (2024). Exploring the impact of crises on rural agri-food SMEs: The moderating role of support mechanisms, digitalisation, and networking. The International Journal of Entrepreneurship and Innovation. https://doi.org/10.1177/14657503241270275",main,GR,S,,,0
W4285013930,10.3390/logistics6030046,2022,Quantifying the Benefits of Digital Supply Chain Twins—A Simulation Study in Organic Food Supply Chains,Logistics,both,T3,Digital twins and simulation,P4,TEA,,supply_chain,0,+,supply chain volatility scenarios,Simulation quantifies digital supply chain twin benefits for inventory management,,37,"Binsfeld, T., Gerlach, B. (2022). Quantifying the Benefits of Digital Supply Chain Twins—A Simulation Study in Organic Food Supply Chains. Logistics, 6(3), 46. https://doi.org/10.3390/logistics6030046",main,DE,TEA,,,0
W4401029634,10.1504/ijbpim.2024.140154,2024,Robotic process automation for the advance payment to suppliers process,International Journal of Business Process Integration and Management,both,T1,Automation and robotics,P1;P2,C,Brazil,general_food,1,+,,RPA of supplier advance payments raises productivity and cuts errors,with an annual gain of 28 hours,2,"Forno, A. J. D., Fagundes, K. N., Pitz, C., Brito, M. d. (2024). Robotic process automation for the advance payment to suppliers process. International Journal of Business Process Integration and Management, 11(3), 214–220. https://doi.org/10.1504/ijbpim.2024.140154",main,BR,C,0,,0
W4413354448,10.3389/fsufs.2025.1638313,2025,Green technology investment and channel selection in sustainable food supply chain based on blockchain technology,Frontiers in Sustainable Food Systems,both,T4,Blockchain and digital traceability,P5,TEA,,supply_chain,0,mixed,"blockchain fixed/unit cost, channel type, commission rate",Blockchain plus green tech profitable via e-commerce only below cost threshold,,2,"Zhang, Y., Shang, J. (2025). Green technology investment and channel selection in sustainable food supply chain based on blockchain technology. Frontiers in Sustainable Food Systems, 9. https://doi.org/10.3389/fsufs.2025.1638313",main,CN,TEA,,,0
W3033908526,10.3390/en13112820,2020,Anaerobic Co-Digestion of Cheese Whey and Industrial Hemp Residues Opens New Perspectives for the Valorization of Agri-Food Waste,Energies,both,T7,Circular valorisation technologies,P3;P5,TEA,Italy,dairy,1,+,,Co-digestion of cheese whey and hemp residues raises biomethane and profits,"net profits of up to 3929 €·ha−1, which could rise to 6124 €·ha−1 in case of coAD with CW",58,"Papirio, S., Matassa, S., Pirozzi, F., Esposito, G. (2020). Anaerobic Co-Digestion of Cheese Whey and Industrial Hemp Residues Opens New Perspectives for the Valorization of Agri-Food Waste. Energies, 13(11), 2820. https://doi.org/10.3390/en13112820",main,IT,TEA,1,,0
W4285800331,10.1142/s136391962250030x,2022,CAPABILITIES PATHWAY TO FIRM PERFORMANCE: MODERATING ROLE OF ENVIRONMENTAL DYNAMISM IN THE FOOD MANUFACTURING FIRMS OF PAKISTAN,International Journal of Innovation Management,both,T2,"AI, sensors and IoT analytics",P5,S,Pakistan,general_food,0,+,"entrepreneurial orientation, environmental dynamism (no moderation)",Big data analytics and AI capabilities positively related to firm performance,,8,"NAZ, S., Haq, N. U., Nasir, S. (2022). CAPABILITIES PATHWAY TO FIRM PERFORMANCE: MODERATING ROLE OF ENVIRONMENTAL DYNAMISM IN THE FOOD MANUFACTURING FIRMS OF PAKISTAN. International Journal of Innovation Management, 26(04). https://doi.org/10.1142/s136391962250030x",main,PK,S,,,0
W4402991319,10.3390/foods13193121,2024,A Simulation-Based Approach for Evaluating the Effectiveness of Robotic Automation Systems in HMR Product Loading,Foods,both,T1,Automation and robotics,P1,TEA,,ready_meals,1,+,"SME cost and risk, production type (large-scale vs order-based)",Simulated and implemented robotic loading raised HMR line throughput.,robotic automation increased throughput by 31.2% in large-scale production (Case A) and 12.0% in order-based production (Case B),7,"Baek, S., Oh, S. E., Lee, S. H., Kwon, K. H. (2024). A Simulation-Based Approach for Evaluating the Effectiveness of Robotic Automation Systems in HMR Product Loading. Foods, 13(19), 3121. https://doi.org/10.3390/foods13193121",main,KR,TEA,1,,0
W4312186819,10.3389/fsufs.2022.1035357,2022,Economic assessment for vegetable waste valorization through the biogas-biomethane chain in Italy with a circular economy approach,Frontiers in Sustainable Food Systems,both,T7,Circular valorisation technologies,P3;P5,TEA,Italy,fruit_veg,0,mixed,"digester feedstock diet, subsidies, silage maize share","Biomethane upgrade of veg-waste biogas plant profitable only with diet change, subsidy.",,23,"Bentivoglio, D., Chiaraluce, G., Finco, A. (2022). Economic assessment for vegetable waste valorization through the biogas-biomethane chain in Italy with a circular economy approach. Frontiers in Sustainable Food Systems, 6, 1035357. https://doi.org/10.3389/fsufs.2022.1035357",main,IT,TEA,,,0
W7128526990,10.1016/j.nexus.2026.100663,2026,"Co-pelletization of coarse olive pits and food-industry residues for sustainable bioenergy production: physicochemical, environmental, and techno-economic assessment",Energy Nexus,both,T7,Circular valorisation technologies,P3;P5,TEA,,meat,1,+,production scale,"Co-pelletizing sausage residue with olive pits yields viable, lower-carbon biofuel.","Techno-economic analysis estimated a production cost of 162.4 USD·t⁻¹ with profitability achievable at a 1,800 t·yr⁻¹ scale",1,"Sandoval-Manríquez, J., Espinoza, D. H., Rebolledo-Leiva, R., Muñoz, L., Aburto-Hole, J., He, C., Alarcon, J. A. M., Ubilla, P., González‐García, S., Varas‐Concha, F. (2026). Co-pelletization of coarse olive pits and food-industry residues for sustainable bioenergy production: physicochemical, environmental, and techno-economic assessment. Energy Nexus, 21, 100663. https://doi.org/10.1016/j.nexus.2026.100663",main,CL;ES,TEA,,,0
W3004816071,10.1016/j.promfg.2020.01.044,2019,An application of collaborative robots in a food production facility,Procedia Manufacturing,OpenAlex (Scopus-indexed),T1,Automation and robotics,P1;P5,TEA,,food_service,0,,"small margins, SME-dominated market, handling flexibility","Feasibility methodology for cobots at catering end-of-line: throughput, economics.",,62,"Accorsi, R., Tufano, A., Gallo, A., Galizia, F. G., Cocchi, G., Ronzoni, M., Abbate, A. L., Manzini, R. (2019). An application of collaborative robots in a food production facility. Procedia Manufacturing, 38, 341–348. https://doi.org/10.1016/j.promfg.2020.01.044",main,IT,TEA,,,0
W4303579574,10.1002/mar.21737,2022,Role of artificial intelligence in marketing strategies and performance,Psychology and Marketing,both,T2,"AI, sensors and IoT analytics",P5,S,,general_food,0,+,"marketing capabilities, value co-creation, market orientation",AI marketing strategy implementation linked to higher food firm performance.,,129,"Wu, C., Monfort, A. (2022). Role of artificial intelligence in marketing strategies and performance. Psychology and Marketing, 40(3), 484–496. https://doi.org/10.1002/mar.21737",main,ES;TW,S,,,0
W7140109060,10.1108/sl-08-2025-0274,2026,Strategic orientation and firm performance: the role of digital technology,Strategy and Leadership,both,T5,Firm-level digital transformation,P5,E,Vietnam,general_food,0,+,"strategic orientations, SME context",Digital technology adoption amplifies orientation-performance links in food SMEs.,,2,"Son, N. P., Thy, N. G., Thu, T. N. D., Nguyen, D. M., Duong, L. N. K. (2026). Strategic orientation and firm performance: the role of digital technology. Strategy and Leadership, 1–24. https://doi.org/10.1108/sl-08-2025-0274",main,GB;VN,E,1,2,0
W4414723338,10.1016/j.jfoodeng.2025.112822,2025,Energy-efficient start-up optimization via digital twin for a vegetable broth sterilization process,Journal of Food Engineering,both,T3,Digital twins and simulation,P1;P3,TEA,,fruit_veg,1,+,,Digital twin identified start-up strategy cutting steam use and start-up time.,pre-heating reduces steam consumption by 62% and start-up time by 63%,5,"Bozzini, M. M., Menegon, M., di Loreto, A., Lunari, G., Mariani, S. S., Vallerio, M., Piazza, L., Manenti, F. (2026). Energy-efficient start-up optimization via digital twin for a vegetable broth sterilization process. Journal of Food Engineering, 406, 112822. https://doi.org/10.1016/j.jfoodeng.2025.112822",main,IT,TEA,1,,0
W4405107066,10.3390/pr12122791,2024,Conceptual Design of Simulation-Based Approach for Robotic Automation Systems: A Case Study of Tray Transporting,Processes,both,T1,Automation and robotics,P1,TEA,,bakery,1,+,task complexity,"Simulated tray-transport robots raised bakery throughput, reduced workforce demand.",robotic automation significantly increased throughput by 83.7% in simpler processes and by 27.1% in more complex ones,5,"Baek, S., Lee, S. H., Oh, S. E. (2024). Conceptual Design of Simulation-Based Approach for Robotic Automation Systems: A Case Study of Tray Transporting. Processes, 12(12), 2791. https://doi.org/10.3390/pr12122791",main,KR,TEA,1,,0
W4408364301,10.1016/j.jenvman.2025.124935,2025,Agri-food waste to phenolic compounds: Life cycle and eco-efficiency assessments,Journal of Environmental Management,both,T7,Circular valorisation technologies,P3;P5,TEA,,fruit_veg,0,+,"energy optimization, production capacity, feedstock type",Orange peel/tomato seed phenolic recovery profitable; emerging extraction more eco-efficient.,,17,"Arias, A., Feijóo, G., Moreira, M. T. (2025). Agri-food waste to phenolic compounds: Life cycle and eco-efficiency assessments. Journal of Environmental Management, 380, 124935. https://doi.org/10.1016/j.jenvman.2025.124935",main,ES,TEA,,,0
W7134058637,10.3390/horticulturae12030313,2026,"Valorization of Plant-Based Agro-Waste, Tomato Pomace, into Potential Sustainable Food Packaging Materials: Techno-Economic Approach",Horticulturae,both,T7,Circular valorisation technologies,P3;P5,TEA,,fruit_veg,1,+,"process integration, co-production of phenolics",Integrated tomato pomace biorefinery raises IRR and shortens payback versus cutin-only,the payback time in the integrated approach improved significantly from 9.56 to 5.7 years,3,"Đorđević, T., Pasković, I., Polić Pasković, M., Katona, J., Zhang, D., Popović, L. (2026). Valorization of Plant-Based Agro-Waste, Tomato Pomace, into Potential Sustainable Food Packaging Materials: Techno-Economic Approach. Horticulturae, 12(3), 313. https://doi.org/10.3390/horticulturae12030313",main,CN;HR;RS,TEA,1,,0
W7116952487,10.55779/ng54461,2025,Environmental protection by minimizing food waste using AI driven food supply chain framework,Nova Geodesia,both,T2,"AI, sensors and IoT analytics",P3;P4,TEA,,supply_chain,1,+,,AI/IoT forecasting and shelf-life framework estimated to cut supply-chain food waste,This integrated AI-driven framework is estimated to reduce food waste by ~15% across the supply chain,0,"Uchil, A., B.G., S. (2025). Environmental protection by minimizing food waste using AI driven food supply chain framework. Nova Geodesia, 5(4), 461. https://doi.org/10.55779/ng54461",main,US,TEA,1,,0
W3123278238,10.3390/en14030561,2021,Combined Use of Solar and Biomass Energy for Sustainable and Cost-Effective Low-Temperature Drying of Food Processing Residues on Industrial-Scale,Energies,both,T7,Circular valorisation technologies,P3;P5,TEA,,general_food,0,+,"boiler capacity, operating hours, revenue from dried material",Solar-biomass drying of food residues economically feasible; more profitable with scale-up,,17,"Mutlu, Ö., Büchner, D., Theurich, S., Zeng, T. (2021). Combined Use of Solar and Biomass Energy for Sustainable and Cost-Effective Low-Temperature Drying of Food Processing Residues on Industrial-Scale. Energies, 14(3), 561. https://doi.org/10.3390/en14030561",main,DE,TEA,,,0
W4399533900,10.1108/ijlm-12-2023-0509,2024,Prioritizing evaluation criteria of IoT-driven warehousing startups: a silver lining to the unorganized sector in food supply chain,The International Journal of Logistics Management,both,T2,"AI, sensors and IoT analytics",P1;P4,S,India,supply_chain,0,+,startup heterogeneity,IoT adoption improves productivity and efficiency of food warehousing startups,,6,"Vedapradha, R., Joshi, D., Ravi, H. (2024). Prioritizing evaluation criteria of IoT-driven warehousing startups: a silver lining to the unorganized sector in food supply chain. The International Journal of Logistics Management, 36(2), 589–610. https://doi.org/10.1108/ijlm-12-2023-0509",main,IN,S,,,0
W4361286242,10.3390/methane2020009,2023,"Techno-Economic Assessment of On-Site Production of Biomethane, Bioenergy, and Fertilizer from Small-Scale Anaerobic Digestion of Jabuticaba By-Product",Methane,both,T7,Circular valorisation technologies,P3;P5,TEA,,fruit_veg,1,mixed,"small scale, energy use route (biomethane vs CHP)","Small-scale AD of fruit by-product profitable only via CHP, not biomethane","biogas application in a heat and power unit can improve project feasibility, with a net margin of 33.03%, an internal rate of return of 13.14%, and a payback of 5.03 years",20,"Sganzerla, W. G., da Rosa, R. G., Barroso, T. L. C. T., Castro, L. E. N., Forster-Carneiro, T. (2023). Techno-Economic Assessment of On-Site Production of Biomethane, Bioenergy, and Fertilizer from Small-Scale Anaerobic Digestion of Jabuticaba By-Product. Methane, 2(2), 113–128. https://doi.org/10.3390/methane2020009",main,BR,TEA,1,,0
W4416806686,10.1108/bfj-01-2025-0096,2025,Reducing food loss and waste within cold food supply chains – empirical evidence from developing economies,British Food Journal,both,T2,"AI, sensors and IoT analytics",P4,S,South and Southeast Asia,supply_chain,0,-,"poor integration, fragmented information exchange, capabilities",Traceability and analytics technologies show limited impact on cold chain performance,,5,"Tariq, H., Ali, M. H. (2026). Reducing food loss and waste within cold food supply chains – empirical evidence from developing economies. British Food Journal, 128(4), 1535–1554. https://doi.org/10.1108/bfj-01-2025-0096",main,MY,S,,,0
W4411978829,10.3390/microorganisms13071571,2025,Harnessing Waste Bread: From Potential Use in Microbial Growth and Enzyme Production to Techno-Economic Assessment,Microorganisms,both,T7,Circular valorisation technologies,P3;P5,TEA,,bakery,1,+,,Waste bread valorised as cheap microbial medium cuts medium costs substantially,combining 2% WB with diluted LB (1/10) reduced medium costs by up to 90%,1,"Mabrouk, S. B., Hmida, B. B. H., Sallami, W., Dhaouadi, S., Varzakas, T. H., Smaoui, S. (2025). Harnessing Waste Bread: From Potential Use in Microbial Growth and Enzyme Production to Techno-Economic Assessment. Microorganisms, 13(7), 1571. https://doi.org/10.3390/microorganisms13071571",main,GR;TN,TEA,1,,0
W3211513265,10.3390/su132212627,2021,An Empirical Study on How Livestreaming Can Contribute to the Sustainability of Green Agri-Food Entrepreneurial Firms,Sustainability,OpenAlex (Scopus-indexed),T5,Firm-level digital transformation,P5,S,,general_food,0,+,perceived CSR moderates adoption intention,Livestreaming e-commerce fit positively affects green agri-food firm performance,,33,"Wang, M., Xue, F. (2021). An Empirical Study on How Livestreaming Can Contribute to the Sustainability of Green Agri-Food Entrepreneurial Firms. Sustainability, 13(22), 12627. https://doi.org/10.3390/su132212627",main,KR,S,,,0
W4411624902,10.3390/foods14132239,2025,"Comparative Analysis of Cost, Energy Efficiency, and Environmental Impact of Pulsed Electric Fields and Conventional Thermal Treatment with Integrated Heat Recovery for Fruit Juice Pasteurization",Foods,both,T6,Advanced processing technologies,P3;P5,TEA,,beverages,1,+,"higher initial investment, heat recovery efficiency, preheating temperature",PEF with heat recovery cuts utility costs versus HTST juice pasteurization,"PEF technology achieved reductions in electricity consumption by up to 20%, fuel gas usage by over 60%",29,"Landi, G., Benedetti, M., Sforzini, M., Eslami, E., Pataro, G. (2025). Comparative Analysis of Cost, Energy Efficiency, and Environmental Impact of Pulsed Electric Fields and Conventional Thermal Treatment with Integrated Heat Recovery for Fruit Juice Pasteurization. Foods, 14(13), 2239. https://doi.org/10.3390/foods14132239",main,IT,TEA,1,,0
W3043874093,10.1016/j.seppur.2020.117403,2020,Continuous adsorption in food industry: The recovery of sinapic acid from rapeseed meal extract,Separation and Purification Technology,both,T7,Circular valorisation technologies,P1;P3,TEA,,oilseed,1,+,"operating mode, resin capacity utilization","Semi-continuous adsorption doubles side-stream recovery productivity, lowering purification costs",increasing productivity from 5.18 g/L/h to 10.3 g/L/h for a given yield (>97%),27,"Moreno-González, M., Keulen, D., Gomis‐Fons, J., Gomez, G. L., Nilsson, B., Ottens, M. (2020). Continuous adsorption in food industry: The recovery of sinapic acid from rapeseed meal extract. Separation and Purification Technology, 254, 117403. https://doi.org/10.1016/j.seppur.2020.117403",main,NL;SE,TEA,1,,0
W7127622360,10.1016/j.ccst.2026.100582,2026,Integration of adsorption-based carbon capture with alkaline wastewater neutralization: Pilot-scale techno-economic and environmental assessment,Carbon Capture Science & Technology,both,T7,Circular valorisation technologies,P3,TEA,,general_food,1,mixed,,"On-site captured CO2 neutralization: cost parity with acid, cheaper than commercial CO2",the circular scenario achieved similar costs to using H 2 SO 4 while offering a 40% cost reduction compared to commercial CO 2,1,"Atencia, M. G., Pujol, J., Fernandez-Garcia, J., Olmos, R. G. (2026). Integration of adsorption-based carbon capture with alkaline wastewater neutralization: Pilot-scale techno-economic and environmental assessment. Carbon Capture Science & Technology, 18, 100582. https://doi.org/10.1016/j.ccst.2026.100582",main,ES,TEA,1,,0
W4225158350,10.1093/af/vfac020,2022,Automation in the fish industry,Animal Frontiers,OpenAlex (Scopus-indexed),T1,Automation and robotics,P1;P3,R,global,seafood,1,+,"organic variation of raw material, labour shortages",Automation raised fish processing labour productivity and yield substantially,"In the most automated fish factories, the yield and utilization of fish are estimated to have improved from around 60% to 80% in the past decade",30,"Einarsdóttir, H., Guðmundsson, B., Ómarsson, V. (2022). Automation in the fish industry. Animal Frontiers, 12(2), 32–39. https://doi.org/10.1093/af/vfac020",main,IS,R,1,,0
W4408734154,10.1016/j.eti.2025.104165,2025,"Integrated process design, techno-economic and environmental analysis of chokeberry pomace biorefineries: Phenolic compounds extraction with ethanol or energy production?",Environmental Technology & Innovation,both,T7,Circular valorisation technologies,P3;P5,TEA,,fruit_veg,0,-,"production yield, operating costs, plant scale, selling price",Chokeberry pomace biorefinery scenarios unprofitable at all scales; anaerobic digestion greener,,10,"Agraso-Otero, A., Rebolledo-Leiva, R., Entrena-Barbero, E., González-García, S. (2025). Integrated process design, techno-economic and environmental analysis of chokeberry pomace biorefineries: Phenolic compounds extraction with ethanol or energy production? Environmental Technology & Innovation, 38, 104165. https://doi.org/10.1016/j.eti.2025.104165",main,CL;ES,TEA,,,0
W4404624676,10.1016/j.sciaf.2024.e02479,2024,Modeling the circular economy in food production: insights from a dynamic stochastic general equilibrium analysis,Scientific African,both,T7,Circular valorisation technologies,P1;P3,TEA,,general_food,0,mixed,"recycling subsidies, waste taxes, consumer demand, continuous innovation",DSGE: circular technologies cut production costs; productivity gains fade long term,,2,"Moustabchir, A., Ouakil, H., Ouazzani, H. E. (2024). Modeling the circular economy in food production: insights from a dynamic stochastic general equilibrium analysis. Scientific African, 26, e02479. https://doi.org/10.1016/j.sciaf.2024.e02479",main,,TEA,,,0
W7154593733,10.3390/su18083975,2026,Sustainable Inventory Management for Perishable Dairy Products: A Circular-Economy Approach Integrating Environmental Costs,Sustainability,both,T7,Circular valorisation technologies,P3;P4,TEA,Ukraine,dairy,1,+,"salvage recovery rate above 35%, product deterioration rate, carbon price",Circular-economy inventory optimisation cuts dairy waste; salvage threshold 35% matters,sustainability-integrated inventory policies reduce waste generation by 4.8–10% relative to conventional approaches,0,"Pavlova, O., Nagara, M., Liashenko, O., Pavlov, K., Rumin, R., Marhasova, V., Drebot, O., Jakóbik, K. (2026). Sustainable Inventory Management for Perishable Dairy Products: A Circular-Economy Approach Integrating Environmental Costs. Sustainability, 18(8), 3975. https://doi.org/10.3390/su18083975",main,GB;PL;UA,TEA,0,,0
W4388623830,10.1108/ejim-04-2023-0302,2023,Linking innovation and firm performance in an emerging market: does supply chain play a mediation role?,European Journal of Innovation Management,both,T5,Firm-level digital transformation,P4;P5,S,Vietnam,general_food,0,+,"human capital, market and entrepreneurial orientation, supply chain mediation","Digitalization improves food firm performance, mediated by supply chain",,16,"Van, I. N., Kotásková, A., Ferraris, A., Le, T. T. (2023). Linking innovation and firm performance in an emerging market: does supply chain play a mediation role?. European Journal of Innovation Management, 28(3), 1061–1094. https://doi.org/10.1108/ejim-04-2023-0302",main,IT;SK;VN,S,,,0
W3111593252,10.1038/s41598-020-78430-y,2020,From cheese whey permeate to Sakacin-A/bacterial cellulose nanocrystal conjugates for antimicrobial food packaging applications: a circular economy case study,Scientific Reports,both,T7,Circular valorisation technologies,P2;P3,TEA,Italy,dairy,1,,"purification step costs, process up-scaling",Whey permeate turned into antimicrobial packaging; cost estimated per sheet,conjugates coating formulation would cost around 0.89 €/A4 sheet,55,"Rollini, M., Musatti, A., Cavicchioli, D., Bussini, D., Farris, S., Rovera, C., Romano, D., Benedetti, S. D., Barbiroli, A. G. (2020). From cheese whey permeate to Sakacin-A/bacterial cellulose nanocrystal conjugates for antimicrobial food packaging applications: a circular economy case study. Scientific Reports, 10(1), 21358. https://doi.org/10.1038/s41598-020-78430-y",main,IT,TEA,,,0
W7140103510,10.1016/j.crfs.2026.101389,2026,Quality-aware robotic frying of fragile sheet intermediates using a dual-slot gripper,Current Research in Food Science,OpenAlex (Scopus-indexed),T1,Automation and robotics,P1;P2,TEA,,snacks,1,+,"operation mode, frying time",Robotic frying gripper cuts defects vs manual; dual-slot triples throughput,dual-slot operation achieved approximately 3.15 times higher throughput than single-slot operation,1,"Kim, A., Kim, T. H. (2026). Quality-aware robotic frying of fragile sheet intermediates using a dual-slot gripper. Current Research in Food Science, 12, 101389. https://doi.org/10.1016/j.crfs.2026.101389",main,KR,TEA,1,,0
W4415752625,10.1016/j.rineng.2025.108003,2025,Pig bone-derived biochar from food industry waste for heavy metal remediation: Sustainable consumption and production,Results in Engineering,both,T7,Circular valorisation technologies,P3;P5,TEA,,meat,1,+,renewable energy use,Abattoir bone waste converted to low-cost biochar adsorbent with positive social return,Life-cycle evaluation revealed a low cost (1 USD/kg) and a positive social return (SROI = 1.56),24,"Wongcharee, S., Bhuvaneswari, K., Palanisamy, G., Tansomros, P., Hongthong, S., Sangsida, W., Phibanchon, S., Chotigawin, R., Pahasup‐anan, T., Pannaracha, P., Nakyai, T., Suwannahong, K. (2025). Pig bone-derived biochar from food industry waste for heavy metal remediation: Sustainable consumption and production. Results in Engineering, 28, 108003. https://doi.org/10.1016/j.rineng.2025.108003",main,KR;TH,TEA,,,0
W7146947658,10.3389/fsufs.2026.1758947,2026,Generative AI-enabled adaptive material reintegration framework for proactive circular economy waste reclamation in food industrial ecosystems,Frontiers in Sustainable Food Systems,both,T2,"AI, sensors and IoT analytics",P3,TEA,global,general_food,1,+,,Generative AI waste reintegration model raises recovery efficiency and lowers costs in simulation,"Results reveal a 10%−14% increase in food resource recovery efficiency, 7%−9% cost reduction",2,"El-Aziz, R. M. A., El-sayad, W. Z., Devadhas, D. N. P., Rayan, A., Hussein, L. F. (2026). Generative AI-enabled adaptive material reintegration framework for proactive circular economy waste reclamation in food industrial ecosystems. Frontiers in Sustainable Food Systems, 10. https://doi.org/10.3389/fsufs.2026.1758947",main,IN;SA,TEA,1,,0
W4378894806,10.1016/j.egyr.2023.05.175,2023,"Profitability of the agricultural biogas plants operation in Poland, depending on the substrate use model",Energy Reports,both,T7,Circular valorisation technologies,P3;P5,TEA,Poland,meat,1,+,auction support system,Biogas from slaughterhouse waste far more profitable than maize silage feedstock,"The profit for the biogas plant operating in Option I was estimated at PLN 628,360, and in Option II it was PLN 2,307,600.",18,"Czekała, W., Jasiński, T., Dach, J. (2023). Profitability of the agricultural biogas plants operation in Poland, depending on the substrate use model. Energy Reports, 9, 196–203. https://doi.org/10.1016/j.egyr.2023.05.175",main,PL,TEA,1,,0
W4387335746,10.3389/fenrg.2023.1129311,2023,Automated method based on a neural network model for searching energy-efficient complex movement trajectories of industrial robot in a differentiated technological process,Frontiers in Energy Research,both,T1,Automation and robotics,P3,TEA,,general_food,0,+,,Neural-network trajectory optimisation reduces energy costs of food-industry robots,,8,"Gorkavyy, M. A., Gorkavyy, A. I., Egorova, V. P., Melnichenko, M. A. (2023). Automated method based on a neural network model for searching energy-efficient complex movement trajectories of industrial robot in a differentiated technological process. Frontiers in Energy Research, 11. https://doi.org/10.3389/fenrg.2023.1129311",main,,TEA,,,0
W4415267829,10.1108/bfj-04-2025-0537,2025,Design and implementation of a blockchain-enabled financial cost accounting framework for food supply and sourcing systems,British Food Journal,both,T4,Blockchain and digital traceability,P4;P5,TEA,China,supply_chain,1,+,blockchain application cost threshold,Blockchain cost-accounting with revenue-sharing raises supply-chain profit below cost threshold,This represents a 33.6% profit increase compared to traditional decentralized decision-making approaches.,0,"Zhang, X. (2025). Design and implementation of a blockchain-enabled financial cost accounting framework for food supply and sourcing systems. British Food Journal, 128(1), 371–385. https://doi.org/10.1108/bfj-04-2025-0537",main,CN,TEA,1,,0
W4392799728,10.3389/fsufs.2024.1367362,2024,Consumers’ purchase propensity for pasta tracked with blockchain technology and labelled with sustainable credence attributes,Frontiers in Sustainable Food Systems,both,T4,Blockchain and digital traceability,P5,S,Italy,pasta,1,+,,Consumers willing to pay premium for blockchain-tracked pasta,"pay a price premium of €1.16, €0.82, €0.62, €0.41, and €0.36 for 500 g of pasta, for the use of blockchain/QR code (BC) technology on the label",16,"Petrontino, A., Frem, M., Fucilli, V., Tria, E., Campobasso, A. A., Bozzo, F. (2024). Consumers’ purchase propensity for pasta tracked with blockchain technology and labelled with sustainable credence attributes. Frontiers in Sustainable Food Systems, 8, 1367362. https://doi.org/10.3389/fsufs.2024.1367362",main,IT,S,,,0
W4411987134,10.1016/j.techfore.2025.124262,2025,Achieving sustainable carbon-neutral supply chain: A perspective of integrating blockchain technology,Technological Forecasting and Social Change,both,T4,Blockchain and digital traceability,P3;P4,S,,supply_chain,0,+,,Blockchain perceived to improve supply chain performance and reduce food waste,,10,"Saha, A. S., Raut, R. D., Kumar, M., Paul, S. K., Shi, Y., Shah, B., Ghoshal, S. (2025). Achieving sustainable carbon-neutral supply chain: A perspective of integrating blockchain technology. Technological Forecasting and Social Change, 219, 124262. https://doi.org/10.1016/j.techfore.2025.124262",main,AU;CN;IN,S,,,0
W4398193088,10.1016/j.jenvman.2024.121210,2024,Environmental prospective of valorizing corn processing effluent to produce ferulic acid grafted chitosan polymer,Journal of Environmental Management,both,T7,Circular valorisation technologies,P5,TEA,,cereals,0,+,"buffer dose, chitosan production impacts",Valorising corn tortilla effluent into ferulic-acid chitosan is economically profitable,,8,"Arias, A., Torres, E., García-Zamora, J. L., Pacheco-Aguirre, F. M., Feijóo, G., Moreira, M. T. (2024). Environmental prospective of valorizing corn processing effluent to produce ferulic acid grafted chitosan polymer. Journal of Environmental Management, 360, 121210. https://doi.org/10.1016/j.jenvman.2024.121210",main,ES;MX,TEA,,,0
W4412092594,10.1021/acssuschemeng.5c03425,2025,Architecture Design of Nanofiltration-Based Redox Electrodialysis for Whey Protein Valorization,ACS Sustainable Chemistry & Engineering,both,T6,Advanced processing technologies,P3;P5,TEA,,dairy,1,+,membrane fouling,Nanofiltration redox-ED lowers energy use and costs for whey demineralisation,a techno-economic analysis highlighted a 53% reduction in overall capital and operating costs compared to IEM-based redox-ED,0,"Aguda, A., Kim, N., Harbut, E. F., Elbert, J., Li, J., Merrill, R. L., Kim, C., Su, X. (2025). Architecture Design of Nanofiltration-Based Redox Electrodialysis for Whey Protein Valorization. ACS Sustainable Chemistry & Engineering, 13(28), 10978–10992. https://doi.org/10.1021/acssuschemeng.5c03425",main,KR;US,TEA,0,,0
W7131252126,10.1177/09713557261423721,2026,Digital Technology at the Core: Facilitating Adoption for Enhanced SME Performance and Sustainability,The Journal of Entrepreneurship,OpenAlex (Scopus-indexed),T5,Firm-level digital transformation,P5,TEA,,general_food,0,+,"individual, technology, organisation, environment factors; operational-only use",System dynamics: digital technology adoption improves food processing SME financial performance.,,2,"Kewalramani, P., Kaur, J., Srivastava, S. (2026). Digital Technology at the Core: Facilitating Adoption for Enhanced SME Performance and Sustainability. The Journal of Entrepreneurship, 35(1), 106–153. https://doi.org/10.1177/09713557261423721",main,IN,TEA,,,0
W7123703461,10.2298/jas2504451n,2025,The impact of stakeholder behavior on the optimization of digitalization in the Moroccan agricultural supply chain: A PLS-based verification,Journal of Agricultural Sciences Belgrade,both,T4,Blockchain and digital traceability,P1;P2;P4,S,Morocco,supply_chain,0,+,"actor behaviour, digital literacy, collaboration, infrastructure","Digital capacity improves agricultural logistics cost, efficiency and quality performance.",,0,"Imane, N., Lamyaa, L., Mohamed, Y. (2025). The impact of stakeholder behavior on the optimization of digitalization in the Moroccan agricultural supply chain: A PLS-based verification. Journal of Agricultural Sciences Belgrade, 70(4), 451–462. https://doi.org/10.2298/jas2504451n",main,MA,S,,,0
W4365506181,10.1108/k-09-2022-1326,2023,The effects of digital innovations and sustainable supply chain management on business competitive performance post-COVID-19,Kybernetes,both,T2,"AI, sensors and IoT analytics",P4;P5,S,Yemen,general_food,0,+,"green entrepreneurial preference, sustainable SCM, post-COVID context",AI and big data moderate GEP-SSCM link boosting halal firms competitive performance.,,34,"Sumarliah, E., Al-hakeem, B. (2023). The effects of digital innovations and sustainable supply chain management on business competitive performance post-COVID-19. Kybernetes, 52(7), 2568–2596. https://doi.org/10.1108/k-09-2022-1326",main,CN;ID,S,,,0
W7115729744,10.3389/fsufs.2025.1707114,2025,Food safety and its digital traceability strategies: a supplier-processor profit distribution perspective,Frontiers in Sustainable Food Systems,OpenAlex (Scopus-indexed),T4,Blockchain and digital traceability,P2;P4;P5,TEA,,supply_chain,0,mixed,"profit distribution mode, safety decay rate, penalty amount","Differential game: digital traceability raises processor profit, often lowers supplier profit.",,1,"Zhang, J., Li, C. (2025). Food safety and its digital traceability strategies: a supplier-processor profit distribution perspective. Frontiers in Sustainable Food Systems, 9, 1707114. https://doi.org/10.3389/fsufs.2025.1707114",main,CN,TEA,,,0
W7139093169,10.3390/foods15061098,2026,Synergistic Mechanisms and Product Regulation in the Co-Pyrolysis of Biomass and Food Packaging Waste: A Study Based on Reaction Kinetics and GHG Calculation,Foods,both,T7,Circular valorisation technologies,P3;P5,TEA,China,general_food,1,+,"natural gas-assisted scenario, pyrolysis temperature",Co-pyrolysis of food by-products with packaging plastic profitable and cuts CO2,can generate a net daily profit of 1835 RMB while reducing annual CO2 emissions by 6515 tons,1,"Li, G., Lai, X., Gong, J., Zhang, T., Xu, K. W., Feng, Z., Yao, X. (2026). Synergistic Mechanisms and Product Regulation in the Co-Pyrolysis of Biomass and Food Packaging Waste: A Study Based on Reaction Kinetics and GHG Calculation. Foods, 15(6), 1098. https://doi.org/10.3390/foods15061098",main,CN,TEA,1,,0
W3207470853,10.3390/pr9101839,2021,Extraction Methods of Oils and Phytochemicals from Seeds and Their Environmental and Economic Impacts,Processes,both,T6,Advanced processing technologies,P3;P5,R,global,edible_oils,0,mixed,yield versus economic feasibility of green extraction,"Green oil extraction methods trade off yield, environmental and economic performance",,118,"Lavenburg, V. M., Rosentrater, K. A., Jung, S. M. (2021). Extraction Methods of Oils and Phytochemicals from Seeds and Their Environmental and Economic Impacts. Processes, 9(10), 1839. https://doi.org/10.3390/pr9101839",main,US,R,,,0
W7154938093,10.3390/su18084097,2026,IoT-Enabled Real-Time Monitoring: Optimizing Waste and Energy Efficiency in Food Green Supply Chains,Sustainability,both,T2,"AI, sensors and IoT analytics",P3;P4,S,Pakistan,general_food,1,+,"green innovation, government support, internal readiness",IoT/blockchain/analytics integration cut energy use and cold-chain losses,a 29% decrease in energy consumption and a 55% reduction in cold-chain losses,0,"Wang, Y., Saeed, R. M. K. (2026). IoT-Enabled Real-Time Monitoring: Optimizing Waste and Energy Efficiency in Food Green Supply Chains. Sustainability, 18(8), 4097. https://doi.org/10.3390/su18084097",main,CN,S,1,,0
W4366828985,10.3390/foods12091750,2023,Multi-Criteria Optimization including Environmental Impacts of a Microwave-Assisted Extraction of Polyphenols and Comparison with an Ultrasound-Assisted Extraction Process,Foods,both,T6,Advanced processing technologies,P1;P3,TEA,,by-products,1,mixed,"operating parameters, energy versus productivity trade-off",MAE faster and higher yield; UAE uses less energy for by-product valorisation,"strongly reduce extraction duration (by a factor up to 6), whereas UAE enabled reducing the energy consumption (up to 3.6 fold)",48,"Bouchez, A., Vauchel, P., Périno, S., Dimitrov, K. (2023). Multi-Criteria Optimization including Environmental Impacts of a Microwave-Assisted Extraction of Polyphenols and Comparison with an Ultrasound-Assisted Extraction Process. Foods, 12(9), 1750. https://doi.org/10.3390/foods12091750",main,FR,TEA,1,,0
W7126203939,10.1002/bbb.70113,2026,Advances in fermentative production of xanthan gum from agrofood industry wastes,Biofuels Bioproducts and Biorefining,both,T7,Circular valorisation technologies,P3,R,global,food_ingredients,0,+,"pretreatment, nutrient optimisation, AI process modelling",Food-waste substrates and ML optimisation cut xanthan gum production costs,,0,"Khosravi, A., Quiroz-Suárez, K. A., Sanoja‐López, K. A., Luque, R. (2026). Advances in fermentative production of xanthan gum from agrofood industry wastes. Biofuels Bioproducts and Biorefining, 20(3), 1244–1261. https://doi.org/10.1002/bbb.70113",main,EC;RO,R,,,0
W4405078464,10.3390/en17236125,2024,Using Microalgae to Convert Brewery Carbon Gas Emissions into Valuable Bioproducts,Energies,both,T7,Circular valorisation technologies,P3;P5,TEA,,beverages,0,+,"modular scaling, bioproduct value","Microalgae capture brewery CO2, yield bioproducts with positive cost-benefit",,9,"Silkina, A., Emran, M. A., Turner, S., Tang, K. W. (2024). Using Microalgae to Convert Brewery Carbon Gas Emissions into Valuable Bioproducts. Energies, 17(23), 6125. https://doi.org/10.3390/en17236125",main,GB;US,TEA,,,0
W4385700615,10.1080/09537287.2023.2240751,2023,A balance of economic advancement and social needs via improving supply chain traceability for future food sustainability: an empirical study from China,Production Planning & Control,both,T4,Blockchain and digital traceability,P5,S,China,general_food,0,+,"knowledge integration, environmental dynamism",Supply chain traceability improves food manufacturers' economic and sustainability performance,,17,"Zhou, X., Lu, H., Xu, Z. (2023). A balance of economic advancement and social needs via improving supply chain traceability for future food sustainability: an empirical study from China. Production Planning & Control, 37(13), 1536–1556. https://doi.org/10.1080/09537287.2023.2240751",main,AU;CN;GB,S,,,0
W3121839809,10.1080/87559129.2021.1875232,2021,Trends in Approaches to Assist Freeze-Drying of Food: A Cohort Study on Innovations,Food Reviews International,both,T6,Advanced processing technologies,P1;P3,R,global,general_food,0,+,,"Assisted freeze-drying techniques save energy, drying time and cost",,47,"Waghmare, R., Choudhary, P., Moses, J. A., Anandharamakrishnan, C., Stapley, A. (2021). Trends in Approaches to Assist Freeze-Drying of Food: A Cohort Study on Innovations. Food Reviews International, 38(sup1), 552–573. https://doi.org/10.1080/87559129.2021.1875232",main,GB;IN,R,,,0
W4415566566,10.1021/acs.iecr.5c03156,2025,Optimal Integrated Design for a Multiproduct Biorefinery Producing Green Chemicals and Juice from Apples,Industrial & Engineering Chemistry Research,both,T7,Circular valorisation technologies,P3;P5,TEA,,fruit_veg,1,+,ethanol sourcing: on-site production vs purchased,"Apple juice plus pomace biorefinery economically viable, IRR about 37%, payback under 7 years.",The internal rate of return and the discounted payback period were 36.4% and 6.7 years for the on-site ethanol production process and 37.8% and 6.4 years for the process with purchased ethanol,4,"Villazón-León, V., Sanz, C., Bonilla-Petriciolet, A., Martín, M. (2025). Optimal Integrated Design for a Multiproduct Biorefinery Producing Green Chemicals and Juice from Apples. Industrial & Engineering Chemistry Research, 64(44), 21211–21221. https://doi.org/10.1021/acs.iecr.5c03156",main,ES,TEA,1,,0
W4415722508,10.3390/su17219642,2025,AI-Driven Supply Chain Decarbonization: Strategies for Sustainable Carbon Reduction,Sustainability,both,T2,"AI, sensors and IoT analytics",P3;P4,TEA,Tunisia,supply_chain,1,+,"data quality, computational demands, limited expertise, organizational resistance",AI interventions in agri-food and logistics supply chains cut fuel use and emissions.,reduced fuel consumption by 12–15%,15,"Frikha, M. A., Mrad, M. (2025). AI-Driven Supply Chain Decarbonization: Strategies for Sustainable Carbon Reduction. Sustainability, 17(21), 9642. https://doi.org/10.3390/su17219642",main,SA;TN,C,1,,0
W7134136263,10.1108/md-12-2024-2975,2026,Rising stakes: how higher wages and unions shape technology adoption,Management Decision,both,T1,Automation and robotics,P5,S,USA,food_service,0,+,"unions, labour regulations, rising wages, task nature",Automation improves fast-food firm performance; adoption driven by unions and regulation.,,2,"Sharfaei, S., Setthakorn, K. P. (2026). Rising stakes: how higher wages and unions shape technology adoption. Management Decision, 1–21. https://doi.org/10.1108/md-12-2024-2975",main,CZ;TH,S,,,0
W4407293890,10.3303/cet2081232,2020,Design and Integration of Heat Recovery in Combination with Solar and Biomass-based Heating in a Drying Plant,Chemical engineering transactions,both,T7,Circular valorisation technologies,P3;P5,TEA,Spain,general_food,1,mixed,electricity and biofuel prices,Heat recovery in food-waste dryer economically justified only under certain energy price ratios.,the electricity cost needs to be less than 5 times higher than the biofuel cost,0,"Wallin, E., Fornell, R., Räftegård, O., Walfridson, T., Benson, J. (2020). Design and Integration of Heat Recovery in Combination with Solar and Biomass-based Heating in a Drying Plant. Chemical engineering transactions. https://doi.org/10.3303/cet2081232",main,,TEA,,,0
W4405950491,10.14719/pst.5515,2024,An extensive investigation of combined freeze-drying technologies for fruit conservation,Plant Science Today,both,T6,Advanced processing technologies,P3,R,global,fruit_veg,0,+,"processing time, equipment and energy costs","Combining freeze-drying with pre-treatments reduces energy use, time and cost.",,2,"Rajashree, V., Vijay, S. K. S., Muthuvel, I., Kavitha, S. G. G., Bharathi, A., Senthilkumar, M., Periakaruppan, R. (2024). An extensive investigation of combined freeze-drying technologies for fruit conservation. Plant Science Today, 11(sp4). https://doi.org/10.14719/pst.5515",main,IN,R,,,0
W4417449301,10.1038/s41598-025-25366-w,2025,Sustainable supply chain management using Bi-GRU network optimized by hybrid maritime search and rescue algorithm,Scientific Reports,both,T2,"AI, sensors and IoT analytics",P3;P4;P5,TEA,global,supply_chain,1,+,"weather events, transportation delays",AI storage/production optimisation reduces waste and raises profit margins in simulation.,reduces waste by 34.2% and maximizes profit margins at 28.7%,1,"Li, Z. (2025). Sustainable supply chain management using Bi-GRU network optimized by hybrid maritime search and rescue algorithm. Scientific Reports, 15(1), 44078. https://doi.org/10.1038/s41598-025-25366-w",main,AU,TEA,1,,0
W7140205267,10.1080/19397038.2026.2645747,2026,A circular tiered hybrid life cycle assessment and forecasting framework for carbon management in horticultural supply chains,International Journal of Sustainable Engineering,both,T7,Circular valorisation technologies,P3;P5,TEA,,fruit_veg,1,+,"policy reforms, carbon financing, incentives",Waste valorisation in cauliflower supply chain offers high ROI and short payback.,community-based waste valorisation could yield a return on investment of 785.23% with a payback period of 8.5 months,1,"Singh, N., Biswas, R., Banerjee, M. (2026). A circular tiered hybrid life cycle assessment and forecasting framework for carbon management in horticultural supply chains. International Journal of Sustainable Engineering, 19(1). https://doi.org/10.1080/19397038.2026.2645747",main,IN,TEA,1,,0
W7162527118,10.1108/jeim-08-2025-0691,2026,Integrating smart food safety systems with enterprise information management for net-zero goals,Journal of Enterprise Information Management,both,T5,Firm-level digital transformation,P2;P5,S,"Vietnam, China",general_food,0,mixed,"top management support, system integration, robustness",Smart food safety systems boost economic performance only with enabling CSFs,,0,"Duong, A. T. B., Ngo, V. M., Nguyen, H., Krolas, P., Hoang, T. G., Truong, H. Q. (2026). Integrating smart food safety systems with enterprise information management for net-zero goals. Journal of Enterprise Information Management. Advance online publication. https://doi.org/10.1108/jeim-08-2025-0691",main,AU;PL;VN,S,,,0
W4324383807,10.3390/ijerph20065162,2023,"Industrial Symbiosis for Sustainable Management of Meat Waste: The Case of Śmiłowo Eco-Industrial Park, Poland",International Journal of Environmental Research and Public Health,OpenAlex (Scopus-indexed),T7,Circular valorisation technologies,P3;P5,C,Poland,meat,0,+,"industrial symbiosis, supply chain modification",Eco-industrial park turns meat waste into energy and profitable products,,28,"Kowalski, Z., Kulczycka, J., Makara, A., Mondello, G., Salomone, R. (2023). Industrial Symbiosis for Sustainable Management of Meat Waste: The Case of Śmiłowo Eco-Industrial Park, Poland. International Journal of Environmental Research and Public Health, 20(6), 5162. https://doi.org/10.3390/ijerph20065162",main,IT;PL,C,1,1,0
W4404320977,10.4102/jtscm.v18i0.1073,2024,Enhancing brewery logistics with smart kegs: A simulation study,Journal of Transport and Supply Chain Management,both,T2,"AI, sensors and IoT analytics",P4,TEA,,beverages,0,+,"small brewery, reusable containers","Tracked smart kegs reduced fleet size, turnaround times, pick-up distances",,4,"Nettesheim, P., Burggräf, P., Steinberg, F. (2024). Enhancing brewery logistics with smart kegs: A simulation study. Journal of Transport and Supply Chain Management, 18(0). https://doi.org/10.4102/jtscm.v18i0.1073",main,DE,TEA,,,0
W2893019971,10.3303/cet1864038,2018,Eco-Friendly Use of Tomato Processing Residues for Lactic Acid Production in Campania,Chemical engineering transactions,OpenAlex (Scopus-indexed),T7,Circular valorisation technologies,P3;P5,TEA,Italy,fruit_veg,0,,"biomass availability, transport distance to plant",Tomato processing waste to lactic acid feasibility with revenue estimate,,12,"Carillo, P., Amelia, L. D., Aversana, E. D., Faiella, D., Cacace, D., Giuliano, B., Morrone, B. (2018). Eco-Friendly Use of Tomato Processing Residues for Lactic Acid Production in Campania. Chemical engineering transactions. https://doi.org/10.3303/cet1864038",main,,TEA,,,0
W7125515485,10.1155/bri/3996383,2026,Whey as an Environmental Issue and Its Possible Solutions: Its Utilization as Culture Medium to Produce L‐Threonine Through E. coli in a Bioreactor,Biochemistry Research International,both,T7,Circular valorisation technologies,P3;P5,R,,dairy,1,mixed,"scale effects, downstream processing costs, whey price",Whey-based L-threonine cheaper than glucose route but above market price,production offers a comparative cost advantage of 7.4% over glucose‐based processes (20.55 USD/kg vs. 22.20 USD/kg),0,"Vélez, S. P., Velásquez, Y. N. C., Henao, C. P. S., Blandón, J. F. V. (2026). Whey as an Environmental Issue and Its Possible Solutions: Its Utilization as Culture Medium to Produce L‐Threonine Through E. coli in a Bioreactor. Biochemistry Research International, 2026(1), 3996383. https://doi.org/10.1155/bri/3996383",main,CO,R,1,,0
W7131803230,10.1186/s13705-026-00570-2,2026,Optimized production scheduling: a case study on food and steel industries,Energy Sustainability and Society,both,T3,Digital twins and simulation,P1;P3,TEA,,bakery,1,+,"low automation, price forecasts, user acceptance, market barriers",Optimised bakery oven scheduling cut energy use and runtime substantially,"In the bakery, optimized schedules could reduce energy consumption during the nightshift (dayshift) by 30% (43%) and total runtime by 43% (55%).",0,"Zawodnik, V., Reiter, J., Gruber, A., Pfleger, J., Elsnig, H., Kienberger, T. (2026). Optimized production scheduling: a case study on food and steel industries. Energy Sustainability and Society, 16(1). https://doi.org/10.1186/s13705-026-00570-2",main,AT,TEA,1,,0
W4313361031,10.3390/su15010635,2022,Sustainability Assessment of Food-Waste-Reduction Measures by Converting Surplus Food into Processed Food Products for Human Consumption,Sustainability,OpenAlex (Scopus-indexed),T7,Circular valorisation technologies,P3;P5,C,Germany,general_food,1,+,only effective under optimal conditions,Upcycling surplus food into retail products cut waste and was profitable per product,"all products were economically profitable, with a per product net revenue of sold upcycled products between EUR 0.42 and 0.70",13,"Lehn, F., Schmidt, T. (2023). Sustainability Assessment of Food-Waste-Reduction Measures by Converting Surplus Food into Processed Food Products for Human Consumption. Sustainability, 15(1), 635. https://doi.org/10.3390/su15010635",main,DE,C,1,1,0
W7125640562,10.17270/j.log.001323,2026,Digital Twin (DT)-Driven Real-Time Optimization and Resilience Framework for Perishable Supply Chains Using MIP and Agile Quality Tools,Logforum,Scopus,T3,Digital twins and simulation,P3;P4,TEA,,supply_chain,1,+,"disruptions, demand fluctuations",Digital twin plus MIP cut spoilage and total costs in perishable chains.,"In the food supply chain, spoilage was reduced by more than 35%, service levels improved by over 7%, product freshness increased, and total costs declined by nearly 9%",1,"Manoharan, P. K., Sharma, V. (2026). Digital Twin (DT)-Driven Real-Time Optimization and Resilience Framework for Perishable Supply Chains Using MIP and Agile Quality Tools. Logforum, 22(1), 89–110. https://doi.org/10.17270/j.log.001323",main,,TEA,0,,0
W7134163875,10.1016/j.biortech.2026.134380,2026,Techno-economic and environmental assessment of shrimp waste biorefinery routes,Bioresource Technology,Scopus,T7,Circular valorisation technologies,P3;P5,TEA,Brazil,seafood,1,+,"process integration, solvent selection, production scale",Integrated shrimp-waste biorefinery for chitin oligomers highly profitable.,return on investment values exceeding 40% and Net Present Values approaching US$20 million under certain assumptions,3,"Fonseca, A. C. M., Santos, M. T. d. (2026). Techno-economic and environmental assessment of shrimp waste biorefinery routes. Bioresource Technology, 449, 134380. https://doi.org/10.1016/j.biortech.2026.134380",main,BR,TEA,0,,0
W7151864794,10.1016/j.rser.2026.116918,2026,Energy-efficient food drying for sustainable preservation: A review of technologies and performance,Renewable and Sustainable Energy Reviews,Scopus,T6,Advanced processing technologies,P3;P5,R,global,fruit_veg,1,+,"utilization, energy prices, product geometry",Advanced/hybrid drying cuts specific energy 30-50% with short payback.,heat-pump and mixed drying systems can deliver payback periods below ∼5 years under moderate-to-high utilization and prevailing industrial energy prices,3,"AlZohbi, G., Asfand, F., Shaik, F., Khan, M. S. I. (2026). Energy-efficient food drying for sustainable preservation: A review of technologies and performance. Renewable and Sustainable Energy Reviews, 235, 116918. https://doi.org/10.1016/j.rser.2026.116918",main,GB;SA,R,0,,0
W7162188142,10.1016/j.supflu.2026.107041,2026,Strategies for adding value to waste from avocado oil extraction: Process performance and technical-economic feasibility,The Journal of Supercritical Fluids,Scopus,T7,Circular valorisation technologies,P3;P5,TEA,,fruit_veg,0,+,"fixed capital at small scale, variable costs at large scale",GXL valorisation of avocado oil cake; extraction time optimised for manufacturing cost.,,0,"Soares, M. E. M., García-Ramón, D. F., Beltramo, L. d. A., Veggi, P. C., Oliveira, A. L. d., Viganó, J. (2026). Strategies for adding value to waste from avocado oil extraction: Process performance and technical-economic feasibility. The Journal of Supercritical Fluids, 237, 107041. https://doi.org/10.1016/j.supflu.2026.107041",main,BR,TEA,,,0
W7168258437,10.1016/j.fbp.2026.07.013,2026,Mechanical dewatering as a low-energy process intensification strategy for hybrid biomass pellets from food-industry cellulose residues,Food and Bioproducts Processing,Scopus,T7,Circular valorisation technologies,P3;P5,TEA,,meat,1,+,,Dewatered sausage-casing cellulose residue pellets economically viable.,techno-economic analysis indicated internal rates of return above 25% and payback periods below 4 years,0,"Sandoval-Manríquez, J., Hernández, D., Rebolledo-Leiva, R., Muñoz, L., Aburto-Hole, J., He, C., Alarcon, J. A. M., Ubilla, P., González‐García, S., Varas‐Concha, F. (2026). Mechanical dewatering as a low-energy process intensification strategy for hybrid biomass pellets from food-industry cellulose residues. Food and Bioproducts Processing, 159, 696–711. https://doi.org/10.1016/j.fbp.2026.07.013",main,CL;ES,TEA,0,,0
W4408815942,10.1016/j.biombioe.2025.107771,2025,Techno-economic assessment and life cycle analysis of restaurant food waste-to-electricity conversion in Malaysia and Singapore within a circular bioeconomy framework,Biomass and Bioenergy,Scopus,T7,Circular valorisation technologies,P3;P5,TEA,"Malaysia, Singapore",food_service,1,+,"policy and regulatory frameworks, scale",Anaerobic digestion of restaurant food waste financially viable.,providing a return on investment (ROI) of 12–15 % and a payback period of 5–7 years for medium-scale installations,12,"Goh, K. C., Kurniawan, T. A., Mohamed, S., Zhang, D., Khan, M. I., Othman, M. H. D., Aziz, F., Anouzla, A., Onn, C. W. (2025). Techno-economic assessment and life cycle analysis of restaurant food waste-to-electricity conversion in Malaysia and Singapore within a circular bioeconomy framework. Biomass and Bioenergy, 197, 107771. https://doi.org/10.1016/j.biombioe.2025.107771",main,CN;MA;MY;SA,TEA,0,,0
W2519629066,10.1016/j.bej.2016.09.004,2016,Techno-economic evaluation of wine lees refining for the production of value-added products,Biochemical Engineering Journal,Scopus,T7,Circular valorisation technologies,P5,TEA,,beverages,1,mixed,"plant capacity, annual operating time",Wine lees refinery profitability depends on scale and extract price.,Minimum selling prices of the antioxidant-rich extract in the range of 122–11.06 $/kg are required in order to develop profitable refining schemes,59,"Dimou, C. M., Vlysidis, A. A., Kopsahelis, N., Papanikolaou, S., Koutinas, A., Kookos, I. K. (2016). Techno-economic evaluation of wine lees refining for the production of value-added products. Biochemical Engineering Journal, 116, 157–165. https://doi.org/10.1016/j.bej.2016.09.004",main,GR,TEA,,,0
W3138895040,10.1016/j.wasman.2021.02.052,2021,Life cycle and economic assessment of sugarcane bagasse valorization to lactic acid,Waste Management,Scopus,T7,Circular valorisation technologies,P5,TEA,India,sugar,1,+,"integration with sugar mill, alkali and enzyme loading","Bagasse-to-lactic-acid viable, better when annexed to sugar mill.","The product cost of LA was USD 2.9/kg, and a payback time of 6 years was achieved at a selling price of USD 3.21/kg",82,"Munagala, M., Shastri, Y., Nalawade, K. S., Konde, K. S., Patil, S. (2021). Life cycle and economic assessment of sugarcane bagasse valorization to lactic acid. Waste Management, 126, 52–64. https://doi.org/10.1016/j.wasman.2021.02.052",main,IN,TEA,0,,0
W4399712587,10.1016/j.eswa.2024.124517,2024,Considering the cascade threat in the food supply chain for the retailer’s “blockchain & contamination prevention effort” strategic deployment,Expert Systems with Applications,Scopus,T4,Blockchain and digital traceability,P2;P5,TEA,,supply_chain,0,mixed,contamination vulnerability of food,Blockchain lowers contamination risk; retailer profit gain not guaranteed.,,6,"Ma, D., Zhang, K., Shao, W., Hu, J. (2024). Considering the cascade threat in the food supply chain for the retailer’s “blockchain & contamination prevention effort” strategic deployment. Expert Systems with Applications, 255, 124517. https://doi.org/10.1016/j.eswa.2024.124517",main,CN,TEA,,,0
W4389396899,10.1016/j.jclepro.2023.140056,2023,"Integrated multitrophic aquaculture supply chain fish traceability with blockchain technology, valorisation of fish waste and plastic pollution reduction by seaweed bioplastic: A study in tuna fish aquaculture industry",Journal of Cleaner Production,Scopus,T7,Circular valorisation technologies,P3;P4;P5,TEA,,seafood,1,+,,"Waste utilisation, bioplastics, blockchain raise tuna chain profit, cut costs.",The fish waste utilization and plastic waste minimization costs of processors are reduced by more than 95%,31,"John, E. P., Mishra, U. (2023). Integrated multitrophic aquaculture supply chain fish traceability with blockchain technology, valorisation of fish waste and plastic pollution reduction by seaweed bioplastic: A study in tuna fish aquaculture industry. Journal of Cleaner Production, 434, 140056. https://doi.org/10.1016/j.jclepro.2023.140056",main,IN,TEA,0,,0
W4372344107,10.1016/j.tifs.2023.05.003,2023,The competition between conventional and organic food production in the presence of the blockchain technology,Trends in Food Science & Technology,Scopus,T4,Blockchain and digital traceability,P5,TEA,,dairy,0,mixed,organic vs conventional production,"Blockchain raises organic producers' profit, lowers conventional profit.",,16,"Manteghi, Y., Arkat, J., Mahmoodi, A. (2023). The competition between conventional and organic food production in the presence of the blockchain technology. Trends in Food Science & Technology, 136, 282–294. https://doi.org/10.1016/j.tifs.2023.05.003",main,IR,TEA,,,0
W4388751973,10.1016/j.biortech.2023.130020,2023,Experimental study and techno-economic analysis of co-processing system for treatment of food waste with various impurities,Bioresource Technology,Scopus,T7,Circular valorisation technologies,P3;P5,TEA,,food_waste,1,+,,Separated food-waste AD plus pyrolysis outperforms alternatives economically.,"Techno-economic analysis favored ADCo-Py, with a net present value (NPV) of $15 million and an internal rate of return (IRR) of 34 %",10,"Okopi, S. I., Wang, J., Liang, W., Kong, W., Hu, Y., Cui, J., Guo, X., Zhao, W., Che, L., Gu, Z., Xu, F. (2023). Experimental study and techno-economic analysis of co-processing system for treatment of food waste with various impurities. Bioresource Technology, 394, 130020. https://doi.org/10.1016/j.biortech.2023.130020",main,CN,TEA,0,,0
W4361278261,10.1016/j.jenvman.2023.117762,2023,Valorisation of food waste for valuable by-products generation with economic assessment,Journal of Environmental Management,Scopus,T7,Circular valorisation technologies,P5,TEA,China,food_waste,1,+,minimum feedstock supply,"Food-waste biorefinery for hydrogen, ethanol, fertiliser highly profitable.","The payback period (PBP) was 3.5 years at a 7% discount rate. The internal rate of return (IRR) and return on investment (ROI) were 45.54% and 43.88%, respectively.",9,"Zheng, X., Chen, X., Qu, A., Wenjing, Y., Lu, T., Li, F., Huang, J., Xu, X., Tang, J., Hou, P., Han, W. (2023). Valorisation of food waste for valuable by-products generation with economic assessment. Journal of Environmental Management, 338, 117762. https://doi.org/10.1016/j.jenvman.2023.117762",main,CN,TEA,0,,0
W3044921514,10.1016/j.foodcont.2020.107495,2020,Exploring the impact of blockchain on the performance of agri-food supply chains,Food Control,both,T4,Blockchain and digital traceability,P2;P4;P5,C,Europe,supply_chain,0,+,,Blockchain raised profit/ROI and information sharing in retailer-led chains.,,245,"Stranieri, S., Riccardi, F., Meuwissen, M., Soregaroli, C. (2020). Exploring the impact of blockchain on the performance of agri-food supply chains. Food Control, 119, 107495. https://doi.org/10.1016/j.foodcont.2020.107495",main,IT;NL,C,1,1,0
W4390086847,10.1016/j.techfore.2023.123149,2023,Assessing the influence of artificial intelligence on agri-food supply chain performance: the mediating effect of distribution network efficiency,Technological Forecasting and Social Change,both,T2,"AI, sensors and IoT analytics",P4;P5,S,Morocco,supply_chain,0,+,AI adoption impediments,"AI raises distribution efficiency, chain efficiency and organisational performance.",,81,"Bhilat, E. M. E., Jaouhari, A. E., HAMIDI, L. S. (2023). Assessing the influence of artificial intelligence on agri-food supply chain performance: the mediating effect of distribution network efficiency. Technological Forecasting and Social Change, 200, 123149. https://doi.org/10.1016/j.techfore.2023.123149",main,MA,S,,,0
W2954308942,10.1016/j.scitotenv.2019.06.484,2019,Valorisation of food waste via hydrothermal carbonisation and techno-economic feasibility assessment,The Science of The Total Environment,both,T7,Circular valorisation technologies,P5,R,New Zealand,food_waste,0,,,Review with cost analysis of hydrothermal carbonisation of food waste.,,177,"Saqib, N. U., Sharma, H. B., Baroutian, S., Dubey, B., Sarmah, A. K. (2019). Valorisation of food waste via hydrothermal carbonisation and techno-economic feasibility assessment. The Science of The Total Environment, 690, 261–276. https://doi.org/10.1016/j.scitotenv.2019.06.484",main,IN;NZ,R,,,0
W4409112739,10.1016/j.irfa.2025.104219,2025,Impact of artificial intelligence innovation on food company performance,International Review of Financial Analysis,both,T2,"AI, sensors and IoT analytics",P1;P5,E,China,general_food,0,+,"market concentration, manufacturing sector, AI invention type",AI innovation raises listed food firms' value via efficiency and market power.,,9,"Wang, Y., Liu, F. (2025). Impact of artificial intelligence innovation on food company performance. International Review of Financial Analysis, 103, 104219. https://doi.org/10.1016/j.irfa.2025.104219",main,CN,E,0,,0
W4292745434,10.1016/j.tre.2022.102859,2022,What value does blockchain bring to the imported fresh food supply chain?,Transportation Research Part E Logistics and Transportation Review,OpenAlex (Scopus-indexed),T4,Blockchain and digital traceability,P5,TEA,,fresh_food,0,mixed,"consumer safety concern effect, risk attitudes",Blockchain profitable for imported fresh food only under certain conditions.,,113,"Liu, S., Hua, G., Kang, Y., Cheng, T. C. E., Xu, Y. (2022). What value does blockchain bring to the imported fresh food supply chain? Transportation Research Part E: Logistics and Transportation Review, 165, 102859. https://doi.org/10.1016/j.tre.2022.102859",main,CN;HK,TEA,,,0
W4214549330,10.1007/s00170-022-08950-6,2022,Environmental and economic sustainability assessment of an industry 4.0 application: the AGV implementation in a food industry,The International Journal of Advanced Manufacturing Technology,both,T1,Automation and robotics,P1,C,Italy,general_food,0,+,,LCA and LCC of AGVs replacing forklifts in food plant logistics.,,34,"Stefanini, R., Vignali, G. (2022). Environmental and economic sustainability assessment of an industry 4.0 application: the AGV implementation in a food industry. The International Journal of Advanced Manufacturing Technology, 120(5-6), 2937–2959. https://doi.org/10.1007/s00170-022-08950-6",main,IT,C,1,2,0
W2768608143,10.1007/s10098-017-1457-3,2017,Valorisation of mango seed via extraction of starch: preliminary techno-economic analysis,Clean Technologies and Environmental Policy,both,T7,Circular valorisation technologies,P5,TEA,Ethiopia,fruit_veg,1,+,,Starch extraction from waste mango seeds financially viable.,the project is financially viable with an accounting rate of return of 83% and a break-even analysis of 78% with a payback period of 2 years,51,"Tesfaye, T., Johakimu, J. K., Chavan, R. B., Sithole, B. B., Ramjugernath, D. (2017). Valorisation of mango seed via extraction of starch: preliminary techno-economic analysis. Clean Technologies and Environmental Policy, 20(1), 81–94. https://doi.org/10.1007/s10098-017-1457-3",main,ET;ZA,TEA,1,,0
W4391998971,10.1016/j.elerap.2024.101375,2024,Impacts of blockchain technology on food supply chains with potential food contamination,Electronic Commerce Research and Applications,OpenAlex (Scopus-indexed),T4,Blockchain and digital traceability,P2;P5,TEA,,supply_chain,0,mixed,"identification time, recall efficiency, damage rate, blockchain cost",Blockchain recall support profitable only under specific conditions.,,13,"Ma, D., Li, K., Qin, H., Hu, J. (2024). Impacts of blockchain technology on food supply chains with potential food contamination. Electronic Commerce Research and Applications, 64, 101375. https://doi.org/10.1016/j.elerap.2024.101375",main,CN,TEA,,,0
W2948904885,10.1016/j.jclepro.2019.06.030,2019,Energy and resource efficiency of electroporation-assisted extraction as an emerging technology towards a sustainable bio-economy in the agri-food sector,Journal of Cleaner Production,both,T6,Advanced processing technologies,P1;P3,TEA,Spain,wine_olive_oil,1,+,,PEF raises olive oil yield and shortens wine maceration.,an average improvement of 5% in the olive extraction yield,34,"Ferreira, V. J., Arnal, Á. J., Royo, P., García-Armingol, T., López-Sabirón, A. M., Ferreira, G. (2019). Energy and resource efficiency of electroporation-assisted extraction as an emerging technology towards a sustainable bio-economy in the agri-food sector. Journal of Cleaner Production, 233, 1123–1132. https://doi.org/10.1016/j.jclepro.2019.06.030",main,,TEA,0,,0
W7165865011,10.1007/s00170-026-18521-8,2026,Integrated competitiveness model for food manufacturing: an enhanced six-domain framework bridging industry 4.0 and industry 5.0,The International Journal of Advanced Manufacturing Technology,both,T5,Firm-level digital transformation,P1;P3,X,global,general_food,1,+,"SME size, cybersecurity, regulation","Industry 4.0/5.0 competitiveness model; reported OEE and energy gains, evidence base unclear.",OEE improvements of 20–30% and energy reductions of 20–25% have been achieved in 20–30% of industrial projects in 13 countries,0,"Akrong, R. K. (2026). Integrated competitiveness model for food manufacturing: an enhanced six-domain framework bridging industry 4.0 and industry 5.0. The International Journal of Advanced Manufacturing Technology, 145(5-6), 3455–3467. https://doi.org/10.1007/s00170-026-18521-8",main,,X,1,,0
W2473569503,10.1016/j.fbp.2016.06.020,2016,"Electrotechnologies applied to valorization of by-products from food industry: Main findings, energy and economic cost of their industrialization",Food and Bioproducts Processing,both,T6,Advanced processing technologies,P3,R,,general_food,0,,,Review of PEF/HVED for by-product extraction incl. energy and economic cost.,,186,"Puértolas, E., Barba, F. J. (2016). Electrotechnologies applied to valorization of by-products from food industry: Main findings, energy and economic cost of their industrialization. Food and Bioproducts Processing, 100, 172–184. https://doi.org/10.1016/j.fbp.2016.06.020",main,ES,R,,,0
W2980240952,10.1007/s12649-019-00833-4,2019,Techno-economic and Environmental Evaluation of Cheesemaking Waste Valorization Through Process Simulation Using SuperPro Designer,Waste and Biomass Valorization,both,T7,Circular valorisation technologies,P3;P5,TEA,Colombia,dairy,1,+,integration with cheese plant,"Whey valorisation into syrups and WPC profitable, best when plant-attached.","net present value of $3,381,000 and $16,354,000 for the stand-alone and attached processes, respectively",39,"Gómez, J. A., Sánchez, Ó. J., Correa, L. F. (2019). Techno-economic and Environmental Evaluation of Cheesemaking Waste Valorization Through Process Simulation Using SuperPro Designer. Waste and Biomass Valorization, 11(11), 6025–6045. https://doi.org/10.1007/s12649-019-00833-4",main,CO,TEA,,,0
W3000674702,10.1016/j.ifset.2019.102281,2020,Evaluation of the economic and environmental sustainability of high pressure processing of foods,Innovative Food Science & Emerging Technologies,both,T6,Advanced processing technologies,P3,TEA,Italy,juice_meat,0,mixed,"electricity cost, benchmark technology",HPP costlier than thermal pasteurisation but cheaper than MAP.,,106,"Cacace, F., Bottani, E., Rizzi, A., Vignali, G. (2020). Evaluation of the economic and environmental sustainability of high pressure processing of foods. Innovative Food Science & Emerging Technologies, 60, 102281. https://doi.org/10.1016/j.ifset.2019.102281",main,IT,TEA,,,0
W7164530168,10.1016/j.fbp.2026.06.006,2026,"Decision-grade circular pathway design for small and medium-sized enterprise food processing using an integrated process-engineering, life cycle assessment, techno-economic, and multi-criteria framework",Food and Bioproducts Processing,both,T7,Circular valorisation technologies,P3;P5,TEA,Thailand,snacks,0,+,"capital intensity, policy and market conditions",Energy-efficient frying gives best environmental-economic balance for SME.,,1,"Premashthira, A., Ubolsook, P., Jansanthea, P., Arun, S. M., Pudwong, S., Sedpho, S., Nawapanan, E., Kanyaprasit, T. T. (2026). Decision-grade circular pathway design for small and medium-sized enterprise food processing using an integrated process-engineering, life cycle assessment, techno-economic, and multi-criteria framework. Food and Bioproducts Processing, 159, 235–248. https://doi.org/10.1016/j.fbp.2026.06.006",main,TH,TEA,,,0
W4396708969,10.1007/s10479-024-06021-5,2024,Digital technology based game-theoretic pricing strategies in a three-tier perishable food supply chain,Annals of Operations Research,both,T4,Blockchain and digital traceability,P5,TEA,,supply_chain,0,+,"product quality, deterioration rate, technology adoption cost",Big data and blockchain raise profits across three-tier perishable chain.,,6,"Dey, S. K., Kundu, K., Das, P. (2024). Digital technology based game-theoretic pricing strategies in a three-tier perishable food supply chain. Annals of Operations Research, 364(1), 1199–1225. https://doi.org/10.1007/s10479-024-06021-5",main,IN,TEA,,,0
W3207397981,10.1016/j.jclepro.2021.129388,2021,Circular economy strategy of reusing olive mill wastewater in the ceramic industry: How the plant location can benefit environmental and economic performance,Journal of Cleaner Production,both,T7,Circular valorisation technologies,P3,TEA,,olive_oil,1,+,transport distance,OMWW reuse in bricks yields economic benefit below break-even distance.,"more restrictive constraint than the economic one, corresponding to a distance of 207 km",44,"Silvestri, L., Forcina, A., Bona, G. D., Silvestri, C. (2021). Circular economy strategy of reusing olive mill wastewater in the ceramic industry: How the plant location can benefit environmental and economic performance. Journal of Cleaner Production, 326, 129388. https://doi.org/10.1016/j.jclepro.2021.129388",main,IT,TEA,,,0
W4413293942,10.1016/j.fbp.2025.08.006,2025,Boosting Sacha Inchi valorization through the biorefinery concept in Colombia: Techno-economic assessment,Food and Bioproducts Processing,both,T7,Circular valorisation technologies,P5,TEA,Colombia,oilseeds,1,mixed,,Antioxidant and bioenergy lines profitable; protein extraction not feasible.,"Both processing lines require a low capital investment (i.e., 2408,625 USD) with a high payback period (i.e., < 1 year)",1,"Solarte‐Toro, J. C., Ortiz‐Sanchez, M., Alzate, C. A. C., Gutiérrez, L. (2025). Boosting Sacha Inchi valorization through the biorefinery concept in Colombia: Techno-economic assessment. Food and Bioproducts Processing, 153, 560–573. https://doi.org/10.1016/j.fbp.2025.08.006",main,CO,TEA,0,,0
W7167235048,10.1016/j.biteb.2026.102912,2026,Closing the loop: Valorizing ready-to-use (RTU) processing side-streams into functional nanocoatings: A techno-economic perspective,Bioresource Technology Reports,both,T7,Circular valorisation technologies,P5,R,global,general_food,1,,"yield, energy, solvent recovery, regulatory costs",Side-stream nanocoatings cost about one cent per coated unit.,The corresponding baseline total applied cost was approximately USD 0.012 per unit,0,"Shuaibu, A., Juma, N. S. (2026). Closing the loop: Valorizing ready-to-use (RTU) processing side-streams into functional nanocoatings: A techno-economic perspective. Bioresource Technology Reports, 35, 102912. https://doi.org/10.1016/j.biteb.2026.102912",main,CN,R,,,0
W4306399824,10.1016/j.jenvman.2022.116419,2022,"Techno-economic analysis of single-stage and temperature-phase anaerobic co-digestion of sewage sludge, wine vinasse, and poultry manure",Journal of Environmental Management,both,T7,Circular valorisation technologies,P3;P5,TEA,,beverages,1,+,digestion configuration,Temperature-phased co-digestion of wine vinasse most profitable.,"the highest net present value (509,011 USD) and the lowest payback time (4.24 y) were achieved for Scenario 3",29,"Sillero, L., Sganzerla, W. G., Forster‐Carneiro, T., Solera, R., Pérez, M. (2022). Techno-economic analysis of single-stage and temperature-phase anaerobic co-digestion of sewage sludge, wine vinasse, and poultry manure. Journal of Environmental Management, 325(Pt A), 116419. https://doi.org/10.1016/j.jenvman.2022.116419",main,BR;ES,TEA,0,,0
W4417246977,10.1016/j.fbp.2025.12.011,2025,Uncovering the environmental and economic feasibility of an integral tomato-based biorefinery for obtaining pectin and seed oil,Food and Bioproducts Processing,both,T7,Circular valorisation technologies,P5,TEA,,fruit_veg,1,-,"oil yield, heat source",Tomato pomace biorefinery not profitable under current conditions.,improving oil yield by a factor of 2.6 through technological adjustments could lead to economic viability,0,"Agraso-Otero, A., Rebolledo-Leiva, R., González-García, S. (2025). Uncovering the environmental and economic feasibility of an integral tomato-based biorefinery for obtaining pectin and seed oil. Food and Bioproducts Processing, 155, 167–178. https://doi.org/10.1016/j.fbp.2025.12.011",main,CL;ES,TEA,,,0
W4294631579,10.1016/j.ijpe.2022.108630,2022,The mediating role of supply chain quality management for traceability and performance improvement: Evidence among Chinese food firms,International Journal of Production Economics,both,T4,Blockchain and digital traceability,P2;P5,S,China,general_food,0,+,supply chain quality management practices,Traceability improves quality and economic performance with SCQM support.,,46,"Zhou, X., Zhu, Q., Xu, Z. (2022). The mediating role of supply chain quality management for traceability and performance improvement: Evidence among Chinese food firms. International Journal of Production Economics, 254, 108630. https://doi.org/10.1016/j.ijpe.2022.108630",main,CN,S,,,0
W7203687134,10.1016/j.bej.2026.110373,2026,Process design and techno-economic assessment of microbial oil and carotenoid co-production via food waste upcycling,Biochemical Engineering Journal,both,T7,Circular valorisation technologies,P5,TEA,,pasta,1,+,"biomass yield, selling price",Pasta-waste fed-batch microbial oil co-production economically feasible.,"a ROI of 14.81%, a 6.75-year payback, and a net present value of USD 914,000 at USD 7/kg",0,"Villegas-Méndez, M. Á., Montañez, J., Contreras‐Esquivel, J. C., Salmerón, I., Koutinas, A., Morales‐Oyervides, L. (2026). Process design and techno-economic assessment of microbial oil and carotenoid co-production via food waste upcycling. Biochemical Engineering Journal, 236, 110373. https://doi.org/10.1016/j.bej.2026.110373",main,GR;MX,TEA,0,,0
W4412423179,10.1016/j.compchemeng.2025.109269,2025,Integrated decision-making approach for the simultaneous design of food packaging and waste management technologies to achieve a Circular Economy,Computers & Chemical Engineering,both,T7,Circular valorisation technologies,P3;P5,TEA,,beverages,0,mixed,transport distance,Packaging-recycling pathway optimisation shows cost-GHG-circularity trade-offs.,,9,"Munoz-Briones, P. A., Munguía-López, A. d. C., Sánchez‐Rivera, K. L., Avraamidou, S. (2025). Integrated decision-making approach for the simultaneous design of food packaging and waste management technologies to achieve a Circular Economy. Computers & Chemical Engineering, 202, 109269. https://doi.org/10.1016/j.compchemeng.2025.109269",main,US,TEA,,,0
W7160135935,10.1016/j.jclepro.2026.148328,2026,Energy-efficient drying via an advanced conveyor-based tumbling cold plasma system: Enhancing process efficiency and industrial sustainability,Journal of Cleaner Production,both,T6,Advanced processing technologies,P1;P3;P5,TEA,,fruit_veg,1,+,,"Cold plasma pretreatment cuts drying time, energy and payback.",CP treatment reduced the payback period from 7.84 years to a range of 1.22 to 4.68 years,5,"Zhang, J., Liu, Z., Sutar, P. P., Chong-shan, Z., Xie, L., Yang, H., Ni, J., Yu, S., Lv, W., Xiao, H. (2026). Energy-efficient drying via an advanced conveyor-based tumbling cold plasma system: Enhancing process efficiency and industrial sustainability. Journal of Cleaner Production, 561, 148328. https://doi.org/10.1016/j.jclepro.2026.148328",main,CN;IN,TEA,0,,0
W2194758297,10.1016/j.foodres.2015.12.009,2015,An overview of the impact of electrotechnologies for the recovery of oil and high-value compounds from vegetable oil industry: Energy and economic cost implications,Food Research International,OpenAlex (Scopus-indexed),T6,Advanced processing technologies,P3,R,,oilseeds,0,,,Review of PEF/HVED for oil recovery incl. energy and economic cost.,,129,"Puértolas, E., Koubaa, M., Barba, F. J. (2015). An overview of the impact of electrotechnologies for the recovery of oil and high-value compounds from vegetable oil industry: Energy and economic cost implications. Food Research International, 80, 19–26. https://doi.org/10.1016/j.foodres.2015.12.009",main,DK;ES;FR,R,,,0
W3000450746,10.1016/j.ijpe.2020.107616,2020,Research on horizontal system model for food factories: A case study of process cheese manufacturer,International Journal of Production Economics,both,T1,Automation and robotics,P1,C,Japan,dairy,0,+,"labour shortage, product diversity",Automated horizontal system model lowers cost and labour hours in cheese plant.,,17,"Matsumoto, T., Chen, Y., Nakatsuka, A., Wang, Q. (2020). Research on horizontal system model for food factories: A case study of process cheese manufacturer. International Journal of Production Economics, 226, 107616. https://doi.org/10.1016/j.ijpe.2020.107616",main,CN;JP,C,0,,0
W3184367809,10.1016/j.spc.2021.07.022,2021,Integrating process modelling and sustainability assessment to improve the environmental and economic sustainability in the cheese industry,Sustainable Production and Consumption,both,T7,Circular valorisation technologies,P3;P5,TEA,UK,dairy,1,+,,Heat integration plus whey-to-bioethanol cuts cheese life cycle costs.,the climate change impact and life cycle costs of cheese are reduced respectively by 148% and 158% for the production perspective,13,"Gosalvitr, P., Cuéllar-Franca, R. M., Smith, R., Azapagic, A. (2021). Integrating process modelling and sustainability assessment to improve the environmental and economic sustainability in the cheese industry. Sustainable Production and Consumption, 28, 969–986. https://doi.org/10.1016/j.spc.2021.07.022",main,GB,TEA,0,,0
W4411575472,10.1007/s12393-025-09415-8,2025,"Technological Innovations in Freeze Drying: Enhancing Efficiency, Sustainability, and Food Quality",Food Engineering Reviews,Scopus,T6,Advanced processing technologies,P1;P3,R,global,general_food,0,+,"high operational cost of conventional freeze drying, scale-up","Hybrid novel technologies with freeze drying cut processing time, energy and costs",,32,"Faruq, A. A., Farahnaky, A., Dokouhaki, M., Khatun, H. A., Trujillo, F. J., Majzoobi, M. (2025). Technological Innovations in Freeze Drying: Enhancing Efficiency, Sustainability, and Food Quality. Food Engineering Reviews, 17(4), 859–883. https://doi.org/10.1007/s12393-025-09415-8",main,AU,R,,,0
W7130364556,10.3390/foods15040742,2026,IoT-Enabled Quality-Triggered Markdown Pricing for Perishable Food: Equity and Waste Implications,Foods,Scopus,T2,"AI, sensors and IoT analytics",P3;P4;P5,TEA,,retail,0,+,,"IoT quality monitoring enables earlier markdowns, less waste, profit maintained",,1,"Hassini, E., Ben‐Daya, M., Bahroun, Z. (2026). IoT-Enabled Quality-Triggered Markdown Pricing for Perishable Food: Equity and Waste Implications. Foods, 15(4), 742. https://doi.org/10.3390/foods15040742",main,AE;CA,TEA,,,0
W7139068045,10.1080/24725854.2026.2646936,2026,How to deploy food distribution networks based on blockchain,IISE Transactions,Scopus,T4,Blockchain and digital traceability,P4;P5,TEA,,supply_chain,0,+,"operational scale, market competition",Blockchain-IoT MILP distribution network design enhances retailer profitability and lowers costs,,1,"Wu, J., Yan, Y., Wang, S., Zhen, L. (2026). How to deploy food distribution networks based on blockchain. IISE Transactions, 1–19. https://doi.org/10.1080/24725854.2026.2646936",main,CN;HK,TEA,,,0
W7143437806,10.57017/jaes.v21.2(92).13,2026,Technological Determinants of Economic Efficiency in the Food Manufacturing Industry: An Applied Analysis,Journal of Applied Economic Sciences (JAES),Scopus,T5,Firm-level digital transformation,P1;P5,E,,general_food,1,+,technology portfolio composition,"Digital technologies strongly raise ROI, cost efficiency and labour productivity","optimized technology portfolios can increase ROI by 19–26%, reduce unit costs by up to 18%, and improve labour productivity by approximately 25%",0,"BOZHOK, O., Bublyk, L., MINIAILENKO, I., SYNYAVSKYY, M., Ulinici, A. (2026). Technological Determinants of Economic Efficiency in the Food Manufacturing Industry: An Applied Analysis. Journal of Applied Economic Sciences (JAES), 21(16), 613. https://doi.org/10.57017/jaes.v21.2(92).13",main,UA,E,1,1,0
W7162334818,10.18421/tem152-01,2026,Ant Colony Optimization for Order Processing and Labeling Automation in Food Manufacturing Using ERP–MES–IoT Integration,TEM Journal,Scopus,T5,Firm-level digital transformation,P1;P4,TEA,,general_food,0,+,,"ERP-MES-IoT integration with ACO scheduling cuts processing time, raises operator productivity",,0,"Borisov, B., Todorov, V. (2026). Ant Colony Optimization for Order Processing and Labeling Automation in Food Manufacturing Using ERP–MES–IoT Integration. TEM Journal, 15(2), 960. https://doi.org/10.18421/tem152-01",main,BG,C,1,,0
W7162695130,10.1016/j.biteb.2026.102843,2026,Techno-economic analysis of a photobiorefinery for the production of polyhydroxyalkanoates from food waste,Bioresource Technology Reports,Scopus,T7,Circular valorisation technologies,P3;P5,TEA,,food_waste,1,mixed,"low volumetric productivity, high PHA recovery costs",Food-waste PHA photobiorefinery profitable but less cost-competitive than alternatives,The NPV was estimated at $38.6 M and $51.3 M for dry and wet extraction.,0,"Stavropoulou, Z., Misailidis, N., Parisis, V., Petrides, D. M., Georgiadis, M. C. (2026). Techno-economic analysis of a photobiorefinery for the production of polyhydroxyalkanoates from food waste. Bioresource Technology Reports, 34, 102843. https://doi.org/10.1016/j.biteb.2026.102843",main,GR;US,TEA,,,0
W4213430599,10.1016/j.jclepro.2022.131068,2022,Data-driven optimal dynamic pricing strategy for reducing perishable food waste at retailers,Journal of Cleaner Production,Scopus,T2,"AI, sensors and IoT analytics",P3;P4;P5,TEA,LMICs,retail,0,+,"low and middle-income countries, volatile demand",IoT-driven dynamic pricing reduces retail food waste and increases profit,,123,"Kayıkçı, Y., Demir, S., Mangla, S. K., Subramanian, N., Koc, B. (2022). Data-driven optimal dynamic pricing strategy for reducing perishable food waste at retailers. Journal of Cleaner Production, 344, 131068. https://doi.org/10.1016/j.jclepro.2022.131068",main,GB;IN;TR;US,TEA,,,0
W3185559963,10.3390/su13158479,2021,Technological Innovation and Circular Economy Practices: Business Strategies to Mitigate the Effects of COVID-19,Sustainability,Scopus,T2,"AI, sensors and IoT analytics",P4;P5,S,Ecuador,general_food,0,+,"COVID-19, technological capabilities",Technological innovation and business analytics improve food firm performance,,113,"Khan, S. A. R., Ponce, P., Tanveer, M., Padilla, N. I. A., Mahmood, H., Shah, S. A. A. (2021). Technological Innovation and Circular Economy Practices: Business Strategies to Mitigate the Effects of COVID-19. Sustainability, 13(15), 8479. https://doi.org/10.3390/su13158479",main,CN;EC;PK;SA,S,,,0
W4313470138,10.3390/w15010012,2022,A Framework for Recovering Waste Heat Energy from Food Processing Effluent,Water,Scopus,T7,Circular valorisation technologies,P3,TEA,,fruit_veg,0,+,thermal and temporal stream compatibility,Effluent heat recovery framework with cost-benefit reduces cannery energy demand,,10,"Luo, Y., Jagtap, S., Trollman, H., Garcia‐Garcia, G. (2022). A Framework for Recovering Waste Heat Energy from Food Processing Effluent. Water, 15(1), 12. https://doi.org/10.3390/w15010012",main,CN;ES;GB,TEA,,,0
W4376610475,10.1016/j.crfs.2023.100514,2023,The importance of outlier rejection and significant explanatory variable selection for pinot noir wine soft sensor development,Current Research in Food Science,Scopus,T2,"AI, sensors and IoT analytics",P1;P2,TEA,,beverages,1,+,,Reduced-parameter wine soft sensors cut QC analytical and labour costs.,potential reduction in analytical cost and labour cost of 56% for the regression model and 83% for the classification model,7,"An, J., Wilson, D. I., Deed, R. C., Kilmartin, P. A., Young, B. R., Yu, W. (2023). The importance of outlier rejection and significant explanatory variable selection for pinot noir wine soft sensor development. Current Research in Food Science, 6, 100514. https://doi.org/10.1016/j.crfs.2023.100514",main,NZ,TEA,1,,0
W7172401397,10.1111/jfpe.70728,2026,Sustainable Drying of Agricultural Products: Influence of Pretreatments on Energy Consumption and Drying Performance,Journal of Food Process Engineering,Scopus,T6,Advanced processing technologies,P3,R,global,fruit_veg,0,+,,"Review: US, PEF, cold plasma pretreatments reduce drying specific energy consumption.",,3,"Kaveh, M., Nowacka, M., Abbaspour‐Gilandeh, Y., Sharifian, F., Kalantari, D., El‐Mesery, H. S. (2026). Sustainable Drying of Agricultural Products: Influence of Pretreatments on Energy Consumption and Drying Performance. Journal of Food Process Engineering, 49(8). https://doi.org/10.1111/jfpe.70728",main,CN;IQ;IR;PL,R,,,0
W7147494253,10.1016/j.aei.2026.104645,2026,The adoption of digital twin technologies for maintenance in small and medium-sized enterprises: Challenges and benefits,Advanced Engineering Informatics,Scopus,T3,Digital twins and simulation,P1;P5,TEA,,general_food,1,+,"equipment criticality, technician delays, spare-part logistics, SME resources",Modular predictive digital twins cut maintenance downtime costs in agri-food SMEs.,up to 83% reduction in average downtime-related cost and up to 42% reduction in average repair time,1,"Nasirinejad, M., Afshari, H., Sampalli, S. (2026). The adoption of digital twin technologies for maintenance in small and medium-sized enterprises: Challenges and benefits. Advanced Engineering Informatics, 74, 104645. https://doi.org/10.1016/j.aei.2026.104645",main,CA,TEA,1,,0
W7160877770,10.3390/pr14101519,2026,Feasibility Study of Valorizing Rejected Peas as a Food Ingredient,Processes,Scopus,T7,Circular valorisation technologies,P3;P5,TEA,,fruit_veg,1,+,"seasonality, process complexity, investment and operating costs",Pea flour from rejected peas judged feasible valorisation route.,the route achieves an annual packaged-flour recovery of 46.5% relative to the recoverable rejected peas,0,"Valladolid, D. R., Pio, G., Zambon, A. (2026). Feasibility Study of Valorizing Rejected Peas as a Food Ingredient. Processes, 14(10), 1519. https://doi.org/10.3390/pr14101519",main,ES;IT,TEA,,,0
W7162862396,10.1016/j.biortech.2026.135029,2026,"De novo gamma-decalactone bioproduction from Ashbya gossypii: Process design, techno-economic evaluation and environmental assessment",Bioresource Technology,Scopus,T8,Other (R&D and product innovation),P3;P5,TEA,,food_ingredients,0,mixed,"myo-inositol cost, low fermentation titer, market conditions",Fermentative gamma-decalactone economics constrained; competitive only under favourable scenarios.,,0,"Carballido, A., Coelho, E., Arias, A., Oliveira, J. M., Feijóo, G., Domingues, L., Moreira, M. T. (2026). De novo gamma-decalactone bioproduction from Ashbya gossypii: Process design, techno-economic evaluation and environmental assessment. Bioresource Technology, 458, 135029. https://doi.org/10.1016/j.biortech.2026.135029",main,ES;GB;PT,TEA,,,0
W7203606250,10.3390/logistics10080189,2026,Strategic Optimization of Agricultural Supply Chains Based on the Integration of GIS and Multimodal Infrastructure Capacity in Kazakhstan,Logistics,Scopus,T3,Digital twins and simulation,P4,TEA,Kazakhstan,supply_chain,1,+,"storage capacity deficit, infrastructure scarcity",Digital twin multimodal routing cut grain logistics costs substantially.,achieving overall cost savings of 45.4%,0,"Mussabekova, A., Galyandin, V., Massakova, S., Ayazbayeva, G. (2026). Strategic Optimization of Agricultural Supply Chains Based on the Integration of GIS and Multimodal Infrastructure Capacity in Kazakhstan. Logistics, 10(8), 189. https://doi.org/10.3390/logistics10080189",main,KZ,TEA,1,,0
W4406127183,10.1002/bse.4121,2025,Evaluating Circular Strategies for the Resilience of Agri‐Food Business: Evidence From the Olive Oil Supply Chain,Business Strategy and the Environment,Scopus,T7,Circular valorisation technologies,P3;P5,TEA,Italy,olive_oil,0,+,input and output price fluctuations,Circular by-product valorisation improved olive oil firms' economic viability and resilience.,,17,"Spada, E., Carlucci, D., Cembalo, L., Chinnici, G., D’Amico, M., Falcone, G., Giannoccaro, G., Gulısano, G., Iofrıda, N., Stempfle, S., Luca, A. I. D. (2025). Evaluating Circular Strategies for the Resilience of Agri‐Food Business: Evidence From the Olive Oil Supply Chain. Business Strategy and the Environment, 34(3), 2748–2764. https://doi.org/10.1002/bse.4121",main,IT,C,1,,0
W4412642681,10.1039/d5gc02153g,2025,Transforming orange by-products into high-value neuroprotective products: environmental and economic assessment of advanced green extraction methods,Green Chemistry,Scopus,T7,Circular valorisation technologies,P5,TEA,,fruit_veg,0,,,Techno-economic comparison of green extraction for orange by-products; results not in abstract.,,8,"Porto, B. L. S., Acevedo-García, B., Kashtiban, A. E., Sepulveda, T. M., Herrero, M., Cifuentes, A., Mendiola, J. A., Ibáñez, E. (2025). Transforming orange by-products into high-value neuroprotective products: environmental and economic assessment of advanced green extraction methods. Green Chemistry, 27(36), 11021–11035. https://doi.org/10.1039/d5gc02153g",main,BR;ES;IR;MX,TEA,,,0
W4413722021,10.3390/systems13090737,2025,The Application of Blockchain Technology in Fresh Food Supply Chains: A Game-Theoretical Analysis Under Carbon Cap-and-Trade Policy and Consumer Dual Preferences,Systems,Scopus,T4,Blockchain and digital traceability,P3;P4;P5,TEA,,supply_chain,0,+,"carbon price, consumer low-carbon and freshness preferences, adoption cost",Joint blockchain adoption raises fresh food chain profits under high carbon prices.,,2,"Liu, Z., Yang, T., Hu, B., Shi, L. (2025). The Application of Blockchain Technology in Fresh Food Supply Chains: A Game-Theoretical Analysis Under Carbon Cap-and-Trade Policy and Consumer Dual Preferences. Systems, 13(9), 737. https://doi.org/10.3390/systems13090737",main,CN,TEA,,,0
W4413046044,10.1016/j.sftr.2025.101117,2025,Techno-economic study of a small-scale biogas plant utilizing biowaste of a canning factory in central macedonia,Sustainable Futures,Scopus,T7,Circular valorisation technologies,P3;P5,TEA,Greece,fruit_veg,1,+,"co-treatment with peach processing biowaste, seasonality",Small biogas plant on cannery biowaste is a profitable investment.,"the economic efficiency of the investment is promising (ROI 20.9 %, SPP 4.28 yr, V €869, NPV €18,579, IRR 23.8 %, DPP 4.70 yr)",1,"Zikopoulos, D., Taousanidis, N. (2025). Techno-economic study of a small-scale biogas plant utilizing biowaste of a canning factory in central macedonia. Sustainable Futures, 10, 101117. https://doi.org/10.1016/j.sftr.2025.101117",main,GR,TEA,1,,0
W7161112887,10.1504/ijlsm.2026.153536,2026,Supply chain automation in the Australian red meat industry,International Journal of Logistics Systems and Management,Scopus,T4,Blockchain and digital traceability,P4;P5,C,Australia,meat,0,+,"fragmented supply chain, information sharing","Online beef marketplace improves information sharing, supply chain performance, export market",,0,"Jie, F., Ding, M. J., Armstrong, L., Cook, D., Kevin, P. (2026). Supply chain automation in the Australian red meat industry. International Journal of Logistics Systems and Management, 54(1), 57–75. https://doi.org/10.1504/ijlsm.2026.153536",main,AU,C,0,,0
W2051546557,10.1080/00207543.2014.985449,2015,Greening the food supply chain: an optimisation model for sustainable design of refrigerated automated warehouses,International Journal of Production Research,Scopus,T1,Automation and robotics,P3;P4,TEA,,supply_chain,0,,"storage temperature, facility location, investment cost",Optimisation model minimising yearly cost and energy of refrigerated automated warehouses,,164,"Meneghetti, A., Monti, L. (2014). Greening the food supply chain: an optimisation model for sustainable design of refrigerated automated warehouses. International Journal of Production Research, 53(21), 6567–6587. https://doi.org/10.1080/00207543.2014.985449",main,IT,TEA,,,0
W3133607456,10.1109/access.2021.3062410,2021,Effective Management for Blockchain-Based Agri-Food Supply Chains Using Deep Reinforcement Learning,IEEE Access,Scopus,T4,Blockchain and digital traceability,P4;P5,TEA,,supply_chain,0,+,,Blockchain traceability plus deep RL management yields higher supply chain profits in simulation,,156,"Chen, H., Chen, Z., Lin, F., Zhuang, P. (2021). Effective Management for Blockchain-Based Agri-Food Supply Chains Using Deep Reinforcement Learning. IEEE Access, 9, 36008–36018. https://doi.org/10.1109/access.2021.3062410",main,CN;GB,TEA,,,0
W2891585855,10.3390/su10093149,2018,"Innovative Blockchain-Based Approach for Sustainable and Credible Environment in Food Trade: A Case Study in Shandong Province, China",Sustainability,Scopus,T4,Blockchain and digital traceability,P4;P5,TEA,China,supply_chain,0,+,,Consortium blockchain food trading system improves merchants' profit in Shandong case,,126,"Mao, D., Hao, Z., Wang, F., Li, H. (2018). Innovative Blockchain-Based Approach for Sustainable and Credible Environment in Food Trade: A Case Study in Shandong Province, China. Sustainability, 10(9), 3149. https://doi.org/10.3390/su10093149",main,CN,TEA,,,0
W3159485679,10.3390/su13095109,2021,The Influence of the Digital Supply Chain on Operational Performance: A Study of the Food and Beverage Industry in Indonesia,Sustainability,Scopus,T4,Blockchain and digital traceability,P1;P2;P4,S,Indonesia,general_food,0,+,,"Digital supply chain significantly improves quality, productivity and cost reduction",,60,"Saryatmo, M. A., Sukhotu, V. (2021). The Influence of the Digital Supply Chain on Operational Performance: A Study of the Food and Beverage Industry in Indonesia. Sustainability, 13(9), 5109. https://doi.org/10.3390/su13095109",main,TH,S,,,0
W2954888906,10.1016/j.jenvman.2019.06.037,2019,Development of a pragmatic framework to help food and drink manufacturers select the most sustainable food waste valorisation strategy,Journal of Environmental Management,Scopus,T7,Circular valorisation technologies,P3;P5,TEA,UK,fruit_veg,0,mixed,"technology maturity, market growth for pectin, company strategy",Microwave pectin extraction not yet better than wholesale sale; may become viable,,58,"Stone, J., Garcia‐Garcia, G., Rahimifard, S. (2019). Development of a pragmatic framework to help food and drink manufacturers select the most sustainable food waste valorisation strategy. Journal of Environmental Management, 247, 425–438. https://doi.org/10.1016/j.jenvman.2019.06.037",main,GB,TEA,,,0
W3049287463,10.3390/biom10081184,2020,Biotechnological Valorization of Food Marine Wastes: Microbial Productions on Peptones Obtained from Aquaculture By-Products,Biomolecules,Scopus,T7,Circular valorisation technologies,P3,TEA,,seafood,1,+,,Fish processing by-product peptones cut microbial culture media costs several-fold,The decreasing of the costs for LAB bioproductions ranged between 3-4 times and the growth costs of MPB and Gram+ bacteria were improved more than 70 and 15 times,31,"Vázquez, J. A., Durán, A. I., Menduíña, A., Nogueira, M. (2020). Biotechnological Valorization of Food Marine Wastes: Microbial Productions on Peptones Obtained from Aquaculture By-Products. Biomolecules, 10(8), 1184. https://doi.org/10.3390/biom10081184",main,ES,TEA,1,,0
W4411042563,10.3389/fsufs.2025.1602960,2025,Digital input decision-making in fresh agricultural supply chains under government subsidies,Frontiers in Sustainable Food Systems,Scopus,T5,Firm-level digital transformation,P4;P5,TEA,,supply_chain,0,mixed,"government subsidies, digital input costs, spillover effects",Digital adoption pays only when returns exceed costs; subsidies above threshold help,,5,"He, J., Chen, S., Zong, C. (2025). Digital input decision-making in fresh agricultural supply chains under government subsidies. Frontiers in Sustainable Food Systems, 9, 1602960. https://doi.org/10.3389/fsufs.2025.1602960",main,CN,TEA,,,0
W4405642734,10.3390/en17246430,2024,Energy Demand Response in a Food-Processing Plant: A Deep Reinforcement Learning Approach,Energies,Scopus,T2,"AI, sensors and IoT analytics",P3,TEA,,general_food,1,+,,Deep RL demand response cuts food plant energy costs by about 18%,"The two optimization strategies demonstrate cost savings of 17.57% and 18.65% for RL and MILP, respectively.",6,"Wohlgenannt, P., Hegenbart, S., Eder, E., Kolhe, M. L., Kepplinger, P. (2024). Energy Demand Response in a Food-Processing Plant: A Deep Reinforcement Learning Approach. Energies, 17(24), 6430. https://doi.org/10.3390/en17246430",main,AT;NO,TEA,1,,0
W4405892646,10.1038/s41467-024-54939-y,2024,Metamaterial-based injection molding for the cost-effective production of whole cuts,Nature Communications,Scopus,T6,Advanced processing technologies,P1,TEA,,meat_analogues,1,+,,Injection molding of plant-based whole cuts far cheaper per kg than 3D printing,"technical economic analysis shows injection molding is more cost-effective than 3D printing, costing $9/kg compared to $38/kg",6,"Ghosheh, M., Ehrlich, A., Fischer, A., Pasitka, L., Cohen, M., Nahmias, Y. (2024). Metamaterial-based injection molding for the cost-effective production of whole cuts. Nature Communications, 15(1), 10767. https://doi.org/10.1038/s41467-024-54939-y",main,IL,TEA,,,0
W7125498535,10.15193/zntj/2025/145/561,2025,THE ASSESSMENT OF THE IMPACT OF SUSTAINABLE PRODUCTION METHODS ON ECONOMIC EFFICIENCY IN THE FOOD INDUSTRY,Zywnosc-nauka Technologia Jakosc,Scopus,T7,Circular valorisation technologies,P1;P3;P4;P5,R,,general_food,1,+,"high investment costs, infrastructure, integration, lack of qualified specialists","Energy monitoring, renewables and circular models cut costs and raise profitability","Auto mated energy monitoring systems reduced energy costs by 12 ÷ 18 %, while the integration of renewable energy sources reduced costs by 30 ÷ 40 %",1,"MOSKALENKO, O., Valıyev, J. A., Boiarchuk, S., VAZOV, R., Kavaldzhieva, K. (2025). THE ASSESSMENT OF THE IMPACT OF SUSTAINABLE PRODUCTION METHODS ON ECONOMIC EFFICIENCY IN THE FOOD INDUSTRY. Zywnosc-nauka Technologia Jakosc, 32(4), 136–166. https://doi.org/10.15193/zntj/2025/145/561",main,AZ;BG;KG,R,1,,0
W7117448158,10.14445/22315381/ijett-v73i12p108,2025,Design and Development of an Automated Wrapper Machine for Roasted Glutinous Rice,International Journal of Engineering Trends and Technology,Scopus,T1,Automation and robotics,P1,TEA,Malaysia,snacks,1,+,"small and medium enterprises, labour costs",Automated wrapper saves wrapping time per piece versus manual work,Experimental results demonstrated an average time saving of 4.22s per piece compared to manual wrapping.,0,"Basar, M., M, F. N. I. B., Hasim, N., A, A. N. (2025). Design and Development of an Automated Wrapper Machine for Roasted Glutinous Rice. International Journal of Engineering Trends and Technology, 73(12), 84–94. https://doi.org/10.14445/22315381/ijett-v73i12p108",main,JP;MY,TEA,,,0
W7125530448,10.15193/zntj/2025/145/559,2025,ECONOMIC EFFICIENCY OF AUTOMATED QUALITY CONTROL SYSTEMS IN THE FOOD INDUSTRY,Zywnosc-nauka Technologia Jakosc,Scopus,T2,"AI, sensors and IoT analytics",P2;P3;P4;P5,C,"Azerbaijan, Ukraine",general_food,1,+,,"Automated quality control and digital platforms cut energy costs, revenue grew","an automated cold storage facility for 20,300 pallets with digital management, reducing energy costs by 30 %",0,"Mamyralieva, A. T., ALIYEV, S., GUNYA, O., Almasov, N., KUDLAI, V. (2025). ECONOMIC EFFICIENCY OF AUTOMATED QUALITY CONTROL SYSTEMS IN THE FOOD INDUSTRY. Zywnosc-nauka Technologia Jakosc, 32(4), 92–116. https://doi.org/10.15193/zntj/2025/145/559",main,,C,1,1,0
W4311039737,10.1108/ijlm-01-2022-0011,2022,"Linking big data, sustainable supply chain management and corporate performance: the moderating role of circular economy thinking",The International Journal of Logistics Management,Scopus,T2,"AI, sensors and IoT analytics",P4;P5,S,Vietnam,supply_chain,0,+,circular economy thinking moderates; SMEs,"Big-data-driven SCM raises sustainable corporate performance of food SMEs, partly via SSCM.",,51,"Le, T. T. (2022). Linking big data, sustainable supply chain management and corporate performance: the moderating role of circular economy thinking. The International Journal of Logistics Management, 34(3), 744–771. https://doi.org/10.1108/ijlm-01-2022-0011",main,VN,S,,,0
W4402615998,10.3390/pr12092001,2024,Process Optimization in a Condiment SME through Improved Lean Six Sigma with a Surface Tension Neural Network,Processes,Scopus,T2,"AI, sensors and IoT analytics",P2;P3;P5,C,,condiments,1,+,SME context,"AI-enhanced Lean Six Sigma raised yield, cut defects and waste losses per batch.","These improvements resulted in significant cost savings, with a reduction in waste-related losses amounting to USD 1585 per batch.",8,"Vargas, M., Mosquera, R., Fuertes, G., Alfaro, M. D., Pérez-Vergara, I. (2024). Process Optimization in a Condiment SME through Improved Lean Six Sigma with a Surface Tension Neural Network. Processes, 12(9), 2001. https://doi.org/10.3390/pr12092001",main,CL;CO;MX,C,1,2,0
W4392238862,10.17221/271/2023-agricecon,2024,Research on the promotion effect and mechanisms of digital empowerment of food enterprises,Agricultural Economics (Zemědělská ekonomika),Scopus,T5,Firm-level digital transformation,P1,E,China,general_food,0,+,"ownership, factor intensity, location; productivity paradox",Digital transformation raises TFP of listed food firms via cost saving and innovation.,,0,"Li, P., Ye, X. (2024). Research on the promotion effect and mechanisms of digital empowerment of food enterprises. Agricultural Economics (Zemědělská ekonomika), 70(2), 60–72. https://doi.org/10.17221/271/2023-agricecon",main,CN,E,1,3,0
W7214293887,10.1080/09537287.2026.2730718,2026,Navigating the digital shift: Stakeholders’ power and social sustainability in Agri-food supply chains,Production Planning & Control,OpenAlex (WoS-indexed),T4,Blockchain and digital traceability,P5,S,China,supply_chain,0,+,"stakeholder power (reward, coercive)",SC digitalisation improves financial and market performance,,,"Zhou, X., Lu, H., Yang, Y. (2026). Navigating the digital shift: Stakeholders’ power and social sustainability in Agri-food supply chains. Production Planning & Control. https://doi.org/10.1080/09537287.2026.2730718",main,,S,,,0
WOS:001787013400012,,2026,"Polymer Composite-Integrated Food Waste Management Across the Supply Chain: Quantification, Process Modelling, and Techno-Economic Valorization",Journal Of Polymer & Composites,Web of Science,T7,Circular valorisation technologies,P3;P5,R,global,supply_chain,1,+,"technology readiness level, capital cost","Review benchmarks paybacks, MSP and IRR of food-waste valorisation routes","Techno-economic analysis benchmarks are synthesized for four major valorization routes: anaerobic digestion (payback 8-15 years), composting (payback 3-6 years), Black Soldier Fly insect bioconversion (MSP $2.0-5.0/kg protein), and supercritical CO2 extraction (MSP $50-500/kg extract, IRR up to 18.3%)",,"Shewale, S. P., Patil, M. P., Patil, A. D., Suryawanshi, P. G., Sakhare, D. Y. (2026). Polymer Composite-Integrated Food Waste Management Across the Supply Chain: Quantification, Process Modelling, and Techno-Economic Valorization. Journal Of Polymer & Composites, 14, S819–S836.",main,,R,1,,0
WOS:000588911500001,10.1007/s10098-020-01981-1,2021,A techno-economic feasibility of a process for extraction of starch from waste avocado seeds,Clean Technologies And Environmental Policy,Web of Science,T7,Circular valorisation technologies,P3;P5,TEA,,fruit_veg,1,+,,"Avocado-seed starch extraction feasible, two-year payback",economically feasible with an accounting rate of return of 75% and a break-even analysis of 82% with a payback period of 2 years,,"Tesfaye, T., Ayele, M., Ferede, E., Gibril, M., Kong, F. G., Sithole, B. (2021). A techno-economic feasibility of a process for extraction of starch from waste avocado seeds. Clean Technologies And Environmental Policy, 23(2), 581–595. https://doi.org/10.1007/s10098-020-01981-1",main,,TEA,1,,0
WOS:000610903400001,10.3390/app11020660,2021,Techno-Economic Assessment of a Gasification Plant for Distributed Cogeneration in the Agrifood Sector,Applied Sciences-Basel,Web of Science,T7,Circular valorisation technologies,P3;P5,TEA,,olive_oil_nuts,1,+,"feedstock residues, plant scale",Gasification CHP from olive/almond residues pays back in 5-9 years,"an economic feasibility analysis was developed, wherein the payback period ranges between 5-9 years",,"Aguado, R., Vera, D., López-García, D. A., Torreglosa, J. P., Jurado, F. (2021). Techno-Economic Assessment of a Gasification Plant for Distributed Cogeneration in the Agrifood Sector. Applied Sciences-Basel, 11(2), 660. https://doi.org/10.3390/app11020660",main,,TEA,1,,0
WOS:001041646200001,10.1016/j.jece.2023.110049,2023,Biorefinery perspective for industrial potato peel management: technology readiness level and economic assessment,Journal Of Environmental Chemical Engineering,Web of Science,T7,Circular valorisation technologies,P3;P5,R,global,fruit_veg,1,mixed,"mostly lab scale, process integration",Potato-peel biorefinery reviewed as profitable with IRR above 10%,"Well-designed biorefinery presented high net present values, internal return rates higher than 10 %, and low payback times.",,"Almeida, P. V., Gando-Ferreira, L. M., Quina, M. J. (2023). Biorefinery perspective for industrial potato peel management: technology readiness level and economic assessment. Journal Of Environmental Chemical Engineering, 11(3), 110049. https://doi.org/10.1016/j.jece.2023.110049",main,,R,1,,0
WOS:000481492200025,,2017,"Analysing the Environmental, Energy and Economic Feasibility of Biomethanation of Agrifood Waste: A Case Study from Spain",Sustainability Challenges In The Agrofood Sector,Web of Science,T7,Circular valorisation technologies,P3;P5,TEA,Spain,meat_tomato_olive,0,+,plant sizing,Biomethanation plants for agrifood waste in Extremadura economically feasible,,,"González, A. G., Blázquez, F. C., Salcedo, F. C. (2017). Analysing the Environmental, Energy and Economic Feasibility of Biomethanation of Agrifood Waste: A Case Study from Spain. Sustainability Challenges In The Agrofood Sector, 532–550.",main,,TEA,,,0
WOS:000541887900005,10.1016/j.tifs.2020.03.014,2020,A systematic review on the recent advances of the energy efficiency improvements in non-conventional food drying technologies,Trends In Food Science & Technology,Web of Science,T6,Advanced processing technologies,P3,R,global,general_food,0,+,,Review: hybrid solar and refractance window drying most energy efficient,,,"Menon, A., Stojceska, V., Tassou, S. A. (2020). A systematic review on the recent advances of the energy efficiency improvements in non-conventional food drying technologies. Trends In Food Science & Technology, 100, 67–76. https://doi.org/10.1016/j.tifs.2020.03.014",main,,R,,,0
WOS:001700636400001,10.1016/j.ifset.2026.104494,2026,The potential of plasma-processed air (PPA) for industrial food safety in herbs and spices,Innovative Food Science & Emerging Technologies,Web of Science,T6,Advanced processing technologies,P2;P5,TEA,,herbs_spices,1,+,"treatment mode, scale",Upscaled plasma decontamination pays back in under one year,The return on capital investment of PLexc2 equipment was estimated to be less than one year for a production quantity of 2000 t/yr.,,"Yao, Y. J., Meister, M., Zuber, S., Groot, M. N. N., Den Uijl, K., Linthorst, M., Hoogland, H., Schnabel, U., Karatzas, K. A. G. (2026). The potential of plasma-processed air (PPA) for industrial food safety in herbs and spices. Innovative Food Science & Emerging Technologies, 110, 104494. https://doi.org/10.1016/j.ifset.2026.104494",main,,TEA,1,,0
WOS:000522492700113,10.3390/en13040885,2020,Energy Saving Potential of Industrial Solar Collectors in Southern Regions of Russia: The Case of Krasnodar Region,Energies,Web of Science,T8,Other (R&D and product innovation),P3;P5,TEA,Russia,general_food,1,mixed,"grid access, seasonal load, state incentives",Solar heat for food plants saves energy but LCOE exceeds current tariffs,levelized cost of energy produced by industrial solar collectors in the southern regions of Russia may amount to 3.8-6.6 rubles per kWh,,"Ratner, S., Gomonov, K., Revinova, S., Lazanyuk, I. (2020). Energy Saving Potential of Industrial Solar Collectors in Southern Regions of Russia: The Case of Krasnodar Region. Energies, 13(4), 885. https://doi.org/10.3390/en13040885",main,,TEA,,,0
WOS:001724360500001,10.1108/jsma-10-2025-0391,2026,Strategic CSR and digital transformation: pathways to SME performance in a turbulent emerging market,Journal Of Strategy And Management,Web of Science,T5,Firm-level digital transformation,P5,S,Jordan,general_food,0,+,"CSR, market turbulence",Digital transformation mediates CSR effect on food SME performance,,,"Samara, I., Almohtaseb, A., Aldehayyat, J. (2026). Strategic CSR and digital transformation: pathways to SME performance in a turbulent emerging market. Journal Of Strategy And Management. https://doi.org/10.1108/jsma-10-2025-0391",main,,S,,,0
WOS:001282994700001,10.1007/s40497-024-00396-2,2024,The nexus between customer value analytics and SME performance in emerging market: a resource-based view perspective,Journal Of Global Entrepreneurship Research,Web of Science,T2,"AI, sensors and IoT analytics",P1;P5,S,Ghana,general_food,0,+,,Customer value analytics improves food-processor SME financial and process performance,,,"Abrokwah-Larbi, K. (2024). The nexus between customer value analytics and SME performance in emerging market: a resource-based view perspective. Journal Of Global Entrepreneurship Research, 14(1), 26. https://doi.org/10.1007/s40497-024-00396-2",main,,S,,,0
WOS:000467305200003,10.1111/1467-8551.12333,2019,"Big Data-Savvy Teams' Skills, Big Data-Driven Actions and Business Performance",British Journal Of Management,Web of Science,T2,"AI, sensors and IoT analytics",P5,S,global,general_food,0,+,team skills,Big-data-driven actions improve agrifood business performance,,,"Akhtar, P., Frynas, J. G., Mellahi, K., Ullah, S. (2019). Big Data-Savvy Teams' Skills, Big Data-Driven Actions and Business Performance. British Journal Of Management, 30(2), 252–271. https://doi.org/10.1111/1467-8551.12333",main,,S,,,0
WOS:001589168100003,10.14207/ejsd.2025.v14n4p93,2025,Flexible and Sustainable Bread Production in SMEs: A Metaheuristic Scheduling Approach,European Journal Of Sustainable Development,Web of Science,T2,"AI, sensors and IoT analytics",P1;P3,TEA,,bakery,0,+,"SME, manual scheduling",Metaheuristic scheduling shortens bakery production time and oven idle,,,"Nugraheni, C. E., Abednego, L., Widyarini, M. (2025). Flexible and Sustainable Bread Production in SMEs: A Metaheuristic Scheduling Approach. European Journal Of Sustainable Development, 14(4), 93–106. https://doi.org/10.14207/ejsd.2025.v14n4p93",main,,TEA,,,0
W4289173968,10.1080/00207543.2022.2104181,2022,Digital twin implementation for performance improvement in process industries- A case study of food processing company,International Journal of Production Research,OpenAlex (Scopus-indexed),T3,Digital twins and simulation,P1,C,,general_food,0,+,,"Digital twin raised machine availability, utilisation and throughput in food plant",,57,"Maheshwari, P., Kamble, S., Belhadi, A., Mani, V., Pundir, A. K. (2022). Digital twin implementation for performance improvement in process industries- A case study of food processing company. International Journal of Production Research, 61(23), 8343–8365. https://doi.org/10.1080/00207543.2022.2104181",supplementary,FR;IN;MA,C,0,,0
W2973087445,10.1515/ijfe-2019-0109,2019,Estimating the Impact of Blockchain Adoption in the Food Processing Industry and Supply Chain,International Journal of Food Engineering,OpenAlex (Scopus-indexed),T4,Blockchain and digital traceability,P4;P5,TEA,,dairy,0,mixed,"supply chain tier, transaction costs","Ethereum traceability costs small for actors, minimal consumer price impact, higher downstream.",,76,"Longo, F., Nicoletti, L., Padovano, A. (2019). Estimating the Impact of Blockchain Adoption in the Food Processing Industry and Supply Chain. International Journal of Food Engineering, 16(5-6). https://doi.org/10.1515/ijfe-2019-0109",supplementary,IT,TEA,,,0
W1574322861,10.1111/1541-4337.12142,2015,"Energy Requirements for Alternative Food Processing Technologies—Principles, Assumptions, and Evaluation of Efficiency",Comprehensive Reviews in Food Science and Food Safety,OpenAlex (Scopus-indexed),T6,Advanced processing technologies,P3,R,global,beverages,0,mixed,system design differences within technologies,MF and UV need less specific energy than HTST; PEF and HPP higher.,,128,"Rodríguez-González, O., Buckow, R., Koutchma, T., Balasubramaniam, V. (2015). Energy Requirements for Alternative Food Processing Technologies—Principles, Assumptions, and Evaluation of Efficiency. Comprehensive Reviews in Food Science and Food Safety, 14(5), 536–554. https://doi.org/10.1111/1541-4337.12142",supplementary,AU;CA;US,R,,,0
W4404127031,10.3303/cet1757295,2017,Machine Vision-Guided Food Processing Automation,DOAJ (DOAJ: Directory of Open Access Journals),OpenAlex (Scopus-indexed),T1,Automation and robotics,P1,C,,fruit_veg; seafood,1,+,,Vision-guided de-calyxing and seafood sorting machines yield large labour savings.,huge labour savings from 10 to 120 folds,0,"Tao, Y., Lin, J., Vinson, R., Holmes, M. J., Seibel, G. E. (2017). Machine Vision-Guided Food Processing Automation. DOAJ (DOAJ: Directory of Open Access Journals). https://doi.org/10.3303/cet1757295",supplementary,,C,1,1,0
W7212381015,10.1016/j.tifs.2026.106084,2026,"Digitalization pathways for food loss and waste prevention in agri-food supply chains: Current evidence, challenges and future directions",Trends in Food Science & Technology,OpenAlex (Scopus-indexed),T2,"AI, sensors and IoT analytics",P3;P4,R,global,supply_chain,0,mixed,"data fragmentation, interoperability, digital capabilities, uncertain returns, rebound effects",IoT monitoring and AI inventory management best evidenced for food loss reduction.,,0,"Pérez-García, E., Alfheeaid, H. A., Velázquez, E. S., Raposo, A., Jaber, J. R., Ramírez, A. S., Saraiva, A., BinMowyna, M. N., Carrascosa, C. (2026). Digitalization pathways for food loss and waste prevention in agri-food supply chains: Current evidence, challenges and future directions. Trends in Food Science & Technology, 178, 106084. https://doi.org/10.1016/j.tifs.2026.106084",supplementary,ES;PT;SA,R,,,0
W4392730730,10.1108/bfj-06-2022-0541,2024,How can agrifood businesses improve their performance? The role of digital transformation,British Food Journal,OpenAlex (Scopus-indexed),T5,Firm-level digital transformation,P5,S,Spain,general_food,0,+,"innovation capacity, training, networks, SME resources",PLS-SEM: digital transformation positively related to agrifood SME performance.,,14,"Benavides‐Espinosa, M. d. M., Soriano, D. R., Gieure, C. (2024). How can agrifood businesses improve their performance? The role of digital transformation. British Food Journal, 126(4), 1682–1697. https://doi.org/10.1108/bfj-06-2022-0541",supplementary,ES,S,,,0
W2934870996,10.3389/fnut.2019.00020,2019,Overview of Some Recent Advances in Improving Water and Energy Efficiencies in Food Processing Factories,Frontiers in Nutrition,OpenAlex (Scopus-indexed),T6,Advanced processing technologies,P3,R,global,general_food,0,+,,"Review of non-thermal, membrane, water reuse, waste-to-energy for factory energy/water costs.",,46,"Nikmaram, N., Rosentrater, K. A. (2019). Overview of Some Recent Advances in Improving Water and Energy Efficiencies in Food Processing Factories. Frontiers in Nutrition, 6, 20. https://doi.org/10.3389/fnut.2019.00020",supplementary,CA;US,R,,,0
W7135173760,10.3390/systems14030303,2026,"Food Supply Chain Resilience in the Digital Era: The Roles of Supply Chain Security Strategy, Organizational Digital Adaptability, and Industry 4.0 Implementation",Systems,OpenAlex (Scopus-indexed),T5,Firm-level digital transformation,P4;P5,S,Saudi Arabia,supply_chain,0,+,"digital capability, digital leadership, government policy, supply chain security",Industry 4.0 implementation in food logistics linked to performance and resilience.,,1,"Al-Somali, S. A. (2026). Food Supply Chain Resilience in the Digital Era: The Roles of Supply Chain Security Strategy, Organizational Digital Adaptability, and Industry 4.0 Implementation. Systems, 14(3), 303. https://doi.org/10.3390/systems14030303",supplementary,SA,S,,,0
W3083318132,10.3390/pr8091106,2020,Improving the Energy Efficiency of Industrial Refrigeration Systems by Means of Data-Driven Load Management,Processes,OpenAlex (Scopus-indexed),T2,"AI, sensors and IoT analytics",P1;P3,C,,general_food,1,+,variable industrial load conditions,Data-driven load management cut refrigeration compressor electricity use and runtime.,reduce the electrical consumption of the compressors by 17% as well as a 77% reduction in the operation time of two compressors working in parallel,25,"Cirera, J., Carino, J. A., Zurita, D., Ortega, J. A. (2020). Improving the Energy Efficiency of Industrial Refrigeration Systems by Means of Data-Driven Load Management. Processes, 8(9), 1106. https://doi.org/10.3390/pr8091106",supplementary,ES,C,1,2,0
W7165046846,10.1016/j.afres.2026.102292,2026,Integrating IoT and blockchain technologies for smart cold-chain management: A quasi-experimental evaluation of Thai fruit exports to China,Applied Food Research,OpenAlex (Scopus-indexed),T4,Blockchain and digital traceability,P2;P4;P5,C,Thailand/China,fruit_veg,1,+,"small operators, subsidies, interoperability standards, capacity-building","IoT-blockchain cold chain cut losses, lead time, claims; DEA frontier, high ROI.",a single-shipment ROI of 160.8% indicated rapid payback,2,"Jantapoon, K. (2026). Integrating IoT and blockchain technologies for smart cold-chain management: A quasi-experimental evaluation of Thai fruit exports to China. Applied Food Research, 6(2), 102292. https://doi.org/10.1016/j.afres.2026.102292",supplementary,,C,1,3,0
W4403006471,10.1016/j.cesys.2024.100231,2024,Eco-efficiency of coffee production and consumption in the UK at the product and sectoral levels,Cleaner Environmental Systems,OpenAlex (Scopus-indexed),T7,Circular valorisation technologies,P3;P5,TEA,UK,beverages,1,+,,Spent coffee grounds valorisation lowers LCC and raises sector value added,while also increasing the VA by £50.2–95 M/yr,4,"Gosalvitr, P., Cuéllar-Franca, R. M., Smith, R., Azapagic, A. (2024). Eco-efficiency of coffee production and consumption in the UK at the product and sectoral levels. Cleaner Environmental Systems, 15, 100231. https://doi.org/10.1016/j.cesys.2024.100231",supplementary,GB,TEA,,,0
W4413352972,10.1016/j.enconman.2025.120392,2025,Energy efficiency in industrial drying: A hybrid ultrasonic system with a novel dynamic optimization framework,Energy Conversion and Management,OpenAlex (Scopus-indexed),T6,Advanced processing technologies,P1;P3,TEA,,fruit_veg,1,+,product quality constraints,Hybrid ultrasonic dryer raises energy efficiency and shortens drying time,a notable 35% improvement in energy efficiency was achieved compared to conventional hot-air drying systems,4,"Bayati, A., Srivastava, A., Mundada, V., Salapaka, S. M., Feng, H., Malvandi, A. (2025). Energy efficiency in industrial drying: A hybrid ultrasonic system with a novel dynamic optimization framework. Energy Conversion and Management, 345, 120392. https://doi.org/10.1016/j.enconman.2025.120392",supplementary,IN;US,TEA,1,,0
W4308292914,10.1016/j.fufo.2022.100203,2022,Environmental and economic life cycle evaluation of potential energy efficiency measures on Latvian fish supply chain,Future Foods,OpenAlex (Scopus-indexed),T7,Circular valorisation technologies,P3;P5,TEA,Latvia,seafood,1,+,,Fish waste anaerobic digestion and PV economically feasible in cold chain,"The energy production from fish waste showed the best economic evaluation performance, with an internal rate of return of 14.4 percent.",5,"Diaz, F., Koiro, L., Romagnoli, F. (2022). Environmental and economic life cycle evaluation of potential energy efficiency measures on Latvian fish supply chain. Future Foods, 6, 100203. https://doi.org/10.1016/j.fufo.2022.100203",supplementary,LV,TEA,1,,0
W4413958814,10.15587/1729-4061.2025.335509,2025,Determining the heat and mass exchange efficiency of a scraper heat exchanger for heating food semi-finished products,Eastern-European Journal of Enterprise Technologies,OpenAlex (Scopus-indexed),T6,Advanced processing technologies,P3,TEA,,fruit_veg,1,+,,Improved scraper heat exchanger with electric heater lowers specific heat consumption,"Calculations of specific heat consumption showed its decrease from 250 to 222 kJ/kg, which is a saving of 12.5%",0,"Zagorulko, A., Kasabova, K., Shevchenko, A., Dmytrevskyi, D., Levchenko, Y., Kalashnyk, O., Koshulko, V., Gromov, A. (2025). Determining the heat and mass exchange efficiency of a scraper heat exchanger for heating food semi-finished products. Eastern-European Journal of Enterprise Technologies, 4(11 (136)), 25–32. https://doi.org/10.15587/1729-4061.2025.335509",supplementary,UA,TEA,1,,0
W4411604262,10.3390/foods14132230,2025,Innovative Technologies Reshaping Meat Industrialization: Challenges and Opportunities in the Intelligent Era,Foods,OpenAlex (Scopus-indexed),T5,Firm-level digital transformation,P1;P2;P5,R,,meat,1,+,"high costs, lack of standardization, consumer acceptance",Intelligent meat processing technologies raise efficiency; AI central kitchen raised profits,resulting in a 26.98% increase in overall profits,36,"Sun, Q., Yuan, Y., Xu, B., Gao, S., Zhai, X., Xu, F., Shi, J. (2025). Innovative Technologies Reshaping Meat Industrialization: Challenges and Opportunities in the Intelligent Era. Foods, 14(13), 2230. https://doi.org/10.3390/foods14132230",supplementary,CN,R,1,,0
W2898817743,10.3390/app8112083,2018,Evaluation of Eco-Efficiency of Two Alternative Agricultural Biogas Plants,Applied Sciences,OpenAlex (Scopus-indexed),T7,Circular valorisation technologies,P3;P4,TEA,,general_food,0,mixed,"plant location, feedstock transport mode, waste heat use",Biogas from agri-food waste: feedstock supply dominates LCOE; proximity to processing plant key,,52,"Muradin, M., Joachimiak-Lechman, K., Foltynowicz, Z. (2018). Evaluation of Eco-Efficiency of Two Alternative Agricultural Biogas Plants. Applied Sciences, 8(11), 2083. https://doi.org/10.3390/app8112083",supplementary,PL,TEA,,,0
W7165019934,10.3390/app16126119,2026,Blockchain-Enabled IIoT Architecture for Supply Chain Traceability: A Smart-Contract Approach for Food and Agricultural Industries,Applied Sciences,OpenAlex (Scopus-indexed),T4,Blockchain and digital traceability,P4,C,,supply_chain,0,+,"SME size, ERP costs and complexity",Blockchain-IIoT traceability implementation shown cost-efficient alternative to ERP for SMEs,,1,"Kolokas, A., Achnoulas, A., Bechtsis, D. (2026). Blockchain-Enabled IIoT Architecture for Supply Chain Traceability: A Smart-Contract Approach for Food and Agricultural Industries. Applied Sciences, 16(12), 6119. https://doi.org/10.3390/app16126119",supplementary,GR,C,1,1,0
W4321786525,10.3390/bdcc7010042,2023,"Adoption Case of IIoT and Machine Learning to Improve Energy Consumption at a Process Manufacturing Firm, under Industry 5.0 Model",Big Data and Cognitive Computing,OpenAlex (Scopus-indexed),T2,"AI, sensors and IoT analytics",P1;P3,C,,general_food,0,+,"low-code platform, people empowerment, domain expertise",Low-code AI with IIoT improved energy efficiency and operations in food plant,,34,"Redchuk, A., Mateo, F. W., Pascal, G., Tornillo, J. (2023). Adoption Case of IIoT and Machine Learning to Improve Energy Consumption at a Process Manufacturing Firm, under Industry 5.0 Model. Big Data and Cognitive Computing, 7(1), 42. https://doi.org/10.3390/bdcc7010042",supplementary,AR;ES,C,1,1,0
W4408117997,10.3390/electronics14051010,2025,Artificial Intelligence-Based Fault Diagnosis for Steam Traps Using Statistical Time Series Features and a Transformer Encoder-Decoder Model,Electronics,OpenAlex (Scopus-indexed),T2,"AI, sensors and IoT analytics",P1;P3,C,,general_food,1,+,,AI/IoT predictive maintenance of steam traps cut plant thermal energy use ~7%.,The system also demonstrated an average 6.92% reduction in thermal energy across both sites,12,"Kim, C., Cho, K., Joe, I. (2025). Artificial Intelligence-Based Fault Diagnosis for Steam Traps Using Statistical Time Series Features and a Transformer Encoder-Decoder Model. Electronics, 14(5), 1010. https://doi.org/10.3390/electronics14051010",supplementary,KR,C,1,2,0
W4414837802,10.1016/j.cie.2025.111573,2025,An information-sharing and cost-aware custom loss machine learning framework for 3PL supply chain forecasting,Computers & Industrial Engineering,OpenAlex (Scopus-indexed),T2,"AI, sensors and IoT analytics",P4,TEA,,supply_chain,0,+,information sharing between 3PL and customers,ML truck-space forecasting with cost-aware loss improved accuracy and cost-efficiency for food 3PL,,3,"Gabellini, M., Calabrese, F., Galizia, F. G., Ronchi, M., Regattieri, A. (2025). An information-sharing and cost-aware custom loss machine learning framework for 3PL supply chain forecasting. Computers & Industrial Engineering, 210, 111573. https://doi.org/10.1016/j.cie.2025.111573",supplementary,,C,1,,0
W2989967509,10.1111/jfpp.14338,2019,Real‐time data collection to improve energy efficiency: A case study of food manufacturer,Journal of Food Processing and Preservation,OpenAlex (Scopus-indexed),T2,"AI, sensors and IoT analytics",P3,C,India,beverages,1,+,limited awareness of real-time energy monitoring,IoT real-time energy monitoring in beverage factory cut energy consumption substantially,"significant savings of approximately 163,000 kWh in the year 2017",51,"Jagtap, S., Rahimifard, S., Duong, L. N. K. (2019). Real‐time data collection to improve energy efficiency: A case study of food manufacturer. Journal of Food Processing and Preservation, 46(8). https://doi.org/10.1111/jfpp.14338",supplementary,GB,C,1,2,0
W4293243817,10.52254/1857-0070.2022.3-55.10,2022,Increasing the Efficiency of the Drying Process of Fruits Treated Using SHF Method,Problems of the Regional Energetics,OpenAlex (Scopus-indexed),T6,Advanced processing technologies,P1;P3,TEA,,fruit_veg,0,+,,"SHF-assisted fruit drying installation raised drying speed, cut electricity and processing costs",,3,"Popescu, V., Tirsu, M., Ţislinscaia, N., Vișanu, V., Balan, M., Mihail, M. (2022). Increasing the Efficiency of the Drying Process of Fruits Treated Using SHF Method. Problems of the Regional Energetics, 130–139. https://doi.org/10.52254/1857-0070.2022.3-55.10",supplementary,MD,TEA,,,0
W4413781144,10.1016/j.jafr.2025.102310,2025,"Integrating remote sensing and AI in smart greenhouse solar dryers: Enhancing efficiency, traceability, and sustainability in the drying of fruits and spices",Journal of Agriculture and Food Research,OpenAlex (Scopus-indexed),T2,"AI, sensors and IoT analytics",P1;P2;P3,R,global,fruit_veg,1,+,,"AI/IoT smart solar dryers reduce drying time, energy, operating costs, downtime, losses",resulting in a 10–15% reduction in operational expenses and a 20–25% drop in downtime through predictive maintenance,8,"Hoque, A., Roy, S., Padhiary, M., Prasad, G., Swain, B., Saikia, P., Saha, D. (2025). Integrating remote sensing and AI in smart greenhouse solar dryers: Enhancing efficiency, traceability, and sustainability in the drying of fruits and spices. Journal of Agriculture and Food Research, 23, 102310. https://doi.org/10.1016/j.jafr.2025.102310",supplementary,IN,R,1,,0
W7129594484,10.1002/appl.70077,2026,Robotics as a Catalyst for Sustainable Food Manufacturing: A Malaysian Empirical Study,Applied Research,OpenAlex (Scopus-indexed),T1,Automation and robotics,P1;P3;P5,S,Malaysia,general_food,0,+,"implementation cost, shortage of skilled operators, SME preparedness","Robotics adoption positively linked to economic, environmental and social performance in food manufacturing",,1,"Taha, N. F. M. (2026). Robotics as a Catalyst for Sustainable Food Manufacturing: A Malaysian Empirical Study. Applied Research, 5(1). https://doi.org/10.1002/appl.70077",supplementary,MY,S,,,0
W4403186788,10.1108/scm-02-2024-0108,2024,Digitalisation in food supply chains to build resilience from disruptive events: a combined dynamic capabilities and knowledge-based view,Supply Chain Management An International Journal,OpenAlex (Scopus-indexed),T5,Firm-level digital transformation,P1;P3;P4;P5,C,,supply_chain,0,+,"knowledge management, dynamic capabilities, disruption context","Digital tech with dynamic capabilities maintained profit, lead time, waste outcomes under disruption",,49,"Pal, T. K., Ganguly, K. K., Chaudhuri, A. (2024). Digitalisation in food supply chains to build resilience from disruptive events: a combined dynamic capabilities and knowledge-based view. Supply Chain Management An International Journal, 29(6), 1042–1062. https://doi.org/10.1108/scm-02-2024-0108",supplementary,DK;GB;IN,C,1,1,0
W4367599043,10.3390/su15097421,2023,Investment Decision of Blockchain Technology in Fresh Food Supply Chains Considering Misreporting Behavior,Sustainability,OpenAlex (Scopus-indexed),T4,Blockchain and digital traceability,P4;P5,TEA,,fresh_food,0,mixed,"consumer freshness sensitivity, circulation time, supplier misreporting",Game model: blockchain raises prices/demand; investment optimal only under conditions,,10,"Feng, Z., Jin, P., Li, G. (2023). Investment Decision of Blockchain Technology in Fresh Food Supply Chains Considering Misreporting Behavior. Sustainability, 15(9), 7421. https://doi.org/10.3390/su15097421",supplementary,CN,TEA,,,0
W4407955656,10.56294/dm2025683,2025,Enhancing Metadata Management And Data-Driven Decision-Making In Sustainable Food Supply Chains Using Blockchain And AI Technologies,Data & Metadata,OpenAlex (Scopus-indexed),T4,Blockchain and digital traceability,P4,C,Jordan,supply_chain,1,+,,Blockchain cut traceability time and improved metadata accuracy; AI forecasts sustainability,reductions in traceability time (from 4.0 to 2.35 hours) following blockchain implementation,38,"Mohammad, A. A. S., Al-Ramadan, A. M., Mohammad, S. I., Oraini, B. A., Vasudevan, A., Alshurideh, M. T., Chen, Q., Ali, I. (2025). Enhancing Metadata Management And Data-Driven Decision-Making In Sustainable Food Supply Chains Using Blockchain And AI Technologies. Data & Metadata, 4, 683. https://doi.org/10.56294/dm2025683",supplementary,JO;MY;SA;TH,C,1,2,0
W4405494452,10.1016/j.bcra.2024.100245,2024,βFSCM: An enhanced food supply chain management system using hybrid blockchain and recommender systems,Blockchain Research and Applications,OpenAlex (Scopus-indexed),T4,Blockchain and digital traceability,P4,TEA,,supply_chain,1,+,,Hybrid blockchain plus recommender system reduced overstock in simulated use cases,"Inventory management is markedly improved, reducing overstock by 25%",10,"Sun, F., Wang, P., Zhang, Y., Kar, P. (2024). βFSCM: An enhanced food supply chain management system using hybrid blockchain and recommender systems. Blockchain Research and Applications, 6(1), 100245. https://doi.org/10.1016/j.bcra.2024.100245",supplementary,CN;US,TEA,,,0
W3139173015,10.3390/su13063343,2021,An Internet of Things Approach for Water Efficiency: A Case Study of the Beverage Factory,Sustainability,OpenAlex (Scopus-indexed),T2,"AI, sensors and IoT analytics",P3,C,,beverages,1,+,manufacturer knowledge of IoT water monitoring,IoT real-time water monitoring in beverage factory enabled water-saving projects,led to an 11% reduction in the beverage factory’s daily water usage,46,"Jagtap, S., Skouteris, G., Choudhari, V., Rahimifard, S., Duong, L. N. K. (2021). An Internet of Things Approach for Water Efficiency: A Case Study of the Beverage Factory. Sustainability, 13(6), 3343. https://doi.org/10.3390/su13063343",supplementary,DE;GB;IN,C,1,2,0
W4324053439,10.3390/foods12061220,2023,An Ethereum-Based Distributed Application for Enhancing Food Supply Chain Traceability,Foods,OpenAlex (Scopus-indexed),T4,Blockchain and digital traceability,P2;P4,C,Greece,fruit_veg,0,+,,"Ethereum traceability app reduced tracing time, improved efficiency and compliance",,59,"Kechagias, E. P., Gayialis, S. P., Papadopoulos, G. A., Papoutsis, G. (2023). An Ethereum-Based Distributed Application for Enhancing Food Supply Chain Traceability. Foods, 12(6), 1220. https://doi.org/10.3390/foods12061220",supplementary,GR,C,1,2,0
W4316467116,10.3390/pr11010271,2023,Workers’ Opinions on Using the Internet of Things to Enhance the Performance of the Olive Oil Industry: A Machine Learning Approach,Processes,OpenAlex (Scopus-indexed),T2,"AI, sensors and IoT analytics",P4;P5,S,,olive_oil,0,+,,Worker survey: IoT-enabled supply chain improvements raised olive oil firm performance,,15,"Alsayat, A., Ahmadi, H. (2023). Workers’ Opinions on Using the Internet of Things to Enhance the Performance of the Olive Oil Industry: A Machine Learning Approach. Processes, 11(1), 271. https://doi.org/10.3390/pr11010271",supplementary,GB;SA,S,,,0
W4400918174,10.1108/scm-09-2023-0443,2024,Impacts of blockchain technology in agrifood: exploring the interplay between transactions and firms’ strategic resources,Supply Chain Management An International Journal,OpenAlex (Scopus-indexed),T4,Blockchain and digital traceability,P4,C,,general_food,0,mixed,"stakeholder engagement, trust relationships, adoption configuration",Blockchain raises supply-chain transaction efficiency only with stakeholder engagement and trust,,28,"Casati, M., Soregaroli, C., Frizzi, G. L., Stranieri, S. (2024). Impacts of blockchain technology in agrifood: exploring the interplay between transactions and firms’ strategic resources. Supply Chain Management An International Journal, 29(7), 51–70. https://doi.org/10.1108/scm-09-2023-0443",supplementary,IT,C,1,1,0
W4403357569,10.1080/00207543.2024.2414375,2024,The impact of Blockchain adoption on supply chain performance: evidence from food industry,International Journal of Production Research,OpenAlex (Scopus-indexed),T4,Blockchain and digital traceability,P4,TEA,,supply_chain,0,+,"inventory buffers, service level trade-off","System dynamics: blockchain lowers inventory and lead time short term, cost long term",,33,"Vu, N., Ghadge, A., Bourlakis, M. (2024). The impact of Blockchain adoption on supply chain performance: evidence from food industry. International Journal of Production Research, 63(14), 5402–5427. https://doi.org/10.1080/00207543.2024.2414375",supplementary,GB,TEA,,,0
W4411491428,10.3389/fsufs.2025.1585467,2025,Carbon footprint and cost analysis of non-thermal food processing technologies: a review with a case study on orange juice,Frontiers in Sustainable Food Systems,OpenAlex (Scopus-indexed),T6,Advanced processing technologies,P3;P5,TEA,,beverages,0,-,"technology maturity, system configuration","Non-thermal orange juice processing: slightly higher selling price, comparable or lower carbon",,21,"Yang, M., Wang, Q. (2025). Carbon footprint and cost analysis of non-thermal food processing technologies: a review with a case study on orange juice. Frontiers in Sustainable Food Systems, 9. https://doi.org/10.3389/fsufs.2025.1585467",supplementary,US,TEA,,,0
W4404721912,10.3390/admsci14120314,2024,Toward Sustainable Performance in the Hotel Food Supply Chain: Influences of Quality Management Practices and Digital Integration,Administrative Sciences,OpenAlex (Scopus-indexed),T4,Blockchain and digital traceability,P4;P5,S,Egypt,food_service,0,+,"quality management practices, technology-driven culture",Supply-chain digital integration mediates quality management effect on hotel FSC sustainable performance,,9,"Al-Husain, R., Elshaer, A. M., Alzuman, A., Albadry, O. M., Sheikhelsouk, S., Monawer, N. S. A., Alsetoohy, O. (2024). Toward Sustainable Performance in the Hotel Food Supply Chain: Influences of Quality Management Practices and Digital Integration. Administrative Sciences, 14(12), 314. https://doi.org/10.3390/admsci14120314",supplementary,EG;KW;SA,S,,,0
W4407086773,10.3390/math13030498,2025,Ranking of Autonomous Technologies for Sustainable Logistics Activities in the Confectionery Industry,Mathematics,OpenAlex (Scopus-indexed),T1,Automation and robotics,P1;P4,TEA,,confectionery,1,+,,"MCDM selected AGVs for confectionery warehouse; estimated lower operating costs, higher efficiency","The engagement of AGVs is estimated to reduce operational costs by 20%, improve warehouse operation efficiency by 30%",4,"Božić, M., Dabić-Miletić, S., Andrejić, M., Djurdjević, D. (2025). Ranking of Autonomous Technologies for Sustainable Logistics Activities in the Confectionery Industry. Mathematics, 13(3), 498. https://doi.org/10.3390/math13030498",supplementary,RS,TEA,1,,0
W4303986166,10.1111/1541-4337.13043,2022,Ultrasound‐assisted production of alcoholic beverages: From fermentation and sterilization to extraction and aging,Comprehensive Reviews in Food Science and Food Safety,OpenAlex (Scopus-indexed),T6,Advanced processing technologies,P1,R,global,beverages,1,+,"up-scaling, application to other liquors","Ultrasound accelerates wine fermentation and aging, raising production rate in beverage industry",It also enhanced the production rate by decreasing the aging time by more than 90%.,48,"Gavahian, M., Manyatsi, T. S., Morata, A., Tiwari, B. K. (2022). Ultrasound‐assisted production of alcoholic beverages: From fermentation and sterilization to extraction and aging. Comprehensive Reviews in Food Science and Food Safety, 21(6), 5243–5271. https://doi.org/10.1111/1541-4337.13043",supplementary,ES;IE;TW,R,1,,0
W4393252712,10.21603/2074-9414-2024-1-2493,2024,Drying Grain Pretreated by Low-Voltage Spark-Discharge Plasma Channel,Food Processing Techniques and Technology,OpenAlex (Scopus-indexed),T6,Advanced processing technologies,P1;P3,TEA,,grain,1,+,scale-up to flow mode needed,Spark-discharge plasma pretreatment cuts grain drying time and energy use,The samples treated with low-voltage spark-discharge plasma channel showed a 20% reduction in total energy consumption.,1,"Munassar, E. H. A., Shorstkii, I. A. (2024). Drying Grain Pretreated by Low-Voltage Spark-Discharge Plasma Channel. Food Processing Techniques and Technology, 54(1), 116–123. https://doi.org/10.21603/2074-9414-2024-1-2493",supplementary,RU,TEA,1,,0
W4402393553,10.3390/agriculture14091569,2024,Integrated Scale-Adaptive Adjustment Factor-Enhanced BlendMask Method for Pineapple Processing System,Agriculture,OpenAlex (Scopus-indexed),T1,Automation and robotics,P3,TEA,,fruit_veg,1,+,,Vision-guided automated pineapple peeling reduces flesh waste versus traditional methods,demonstrating a reduction in flesh waste by 11.7% compared to traditional methods,3,"Wang, H., Zhang, H., Zhang, Y., Deng, J., Liu, C., Tan, J. (2024). Integrated Scale-Adaptive Adjustment Factor-Enhanced BlendMask Method for Pineapple Processing System. Agriculture, 14(9), 1569. https://doi.org/10.3390/agriculture14091569",supplementary,CN,TEA,1,,0
W4413743180,10.18280/ijsdp.200725,2025,From Farm to Fork: The Role of AI in Advancing Sustainable Business Practices,International Journal of Sustainable Development and Planning,OpenAlex (Scopus-indexed),T2,"AI, sensors and IoT analytics",P1;P3;P4,S,Iceland,general_food,0,+,"data-sharing, implementation costs, public trust, labor shortages, regulation","Executives report AI improves processing efficiency, inventory accuracy, and cuts material, energy, waste.",,0,"Sigurjónsson, Þ. O., Wendt, S. (2025). From Farm to Fork: The Role of AI in Advancing Sustainable Business Practices. International Journal of Sustainable Development and Planning, 20(7), 3007–3013. https://doi.org/10.18280/ijsdp.200725",supplementary,IS,S,,,0
W7163103300,10.3303/cet26124048,2026,Valorisation of Agricultural By-Products for Sustainable Production of Tenebrio Molitor Larvae Meal,Chemical engineering transactions,OpenAlex (Scopus-indexed),T7,Circular valorisation technologies,P3,TEA,,insect_protein_byproducts,0,+,,By-product diets for mealworm rearing reduce rearing and final product costs.,,0,"Moliterni, S., Errico, S., Dimatteo, S., Rebuzzi, R., Rimauro, J., Fedele, N., Sabatino, A., Casella, P., Iannaccone, M., Molino, A. (2026). Valorisation of Agricultural By-Products for Sustainable Production of Tenebrio Molitor Larvae Meal. Chemical engineering transactions. https://doi.org/10.3303/cet26124048",supplementary,,TEA,,,0
W4408107152,10.1016/j.jspr.2025.102611,2025,Sustainable farming with machine learning solutions for minimizing food waste,Journal of Stored Products Research,OpenAlex (Scopus-indexed),T2,"AI, sensors and IoT analytics",P3;P4,X,Nigeria,supply_chain,1,+,"demand prediction accuracy, market volatility",AI cold storage and ML logistics cut post-harvest and transport losses.,"AI-driven cold storage interventions led to a 60% reduction in post-harvest losses for perishable items. Meanwhile, ML-optimized logistics resulted in a 20% decrease in transportation-related food waste.",38,"Olawale, R. A., Olawumi, M. A., Oladapo, B. I. (2025). Sustainable farming with machine learning solutions for minimizing food waste. Journal of Stored Products Research, 112, 102611. https://doi.org/10.1016/j.jspr.2025.102611",supplementary,GB;NG,C,1,,0
W4407573469,10.1016/j.jclepro.2025.145041,2025,New business models for the circular economy of water: A hybrid simulation study of a mobile rental wastewater treatment service,Journal of Cleaner Production,OpenAlex (Scopus-indexed),T7,Circular valorisation technologies,P3;P5,TEA,Greece,general_food,0,+,"customer composition, wastewater volume, logistics, staggered investment",Hybrid simulation supports feasibility of mobile rental wastewater treatment business model,,16,"Chen, O., Mustafee, N., Evans, B., Khoury, M., Vamvakeridou-Lyroudia, L., Chen, A. S., Djordjević, S., Savic, D. A. (2025). New business models for the circular economy of water: A hybrid simulation study of a mobile rental wastewater treatment service. Journal of Cleaner Production, 495, 145041. https://doi.org/10.1016/j.jclepro.2025.145041",supplementary,GB;NL,TEA,,,0
W4406738766,10.1016/j.tsep.2025.103258,2025,Modeling and optimization of energy efficiency and product quality in staple food roasting using machine learning: A case study on cassava processing,Thermal Science and Engineering Progress,OpenAlex (Scopus-indexed),T2,"AI, sensors and IoT analytics",P3,TEA,,roots_tubers,1,+,,ML-optimised solar PV cassava roasting cuts specific energy consumption sharply,showed significant SEC savings of 81.40 % against the 7.37 kWh kg-gari −1 woodfuel-based-cookstove,7,"Mwape, M. C., Kulig, B., Nurkhoeriyati, T., Román, F., Parmar, A., Emmambux, N. M., Hensel, O. (2025). Modeling and optimization of energy efficiency and product quality in staple food roasting using machine learning: A case study on cassava processing. Thermal Science and Engineering Progress, 60, 103258. https://doi.org/10.1016/j.tsep.2025.103258",supplementary,DE;GB;ID;MY;ZA,TEA,1,,0
W7162759345,10.1016/j.ajsl.2026.05.002,2026,Digital transformation and supply chain 4.0 operational capabilities in cold chain logistics: Evidence from Thai agricultural food SMEs,The Asian Journal of Shipping and Logistics,OpenAlex (Scopus-indexed),T5,Firm-level digital transformation,P3;P4,S,Thailand,supply_chain,0,+,"adoption readiness, organisational capabilities, SME resource constraints",SEM: digital transformation improves cold chain capabilities and food loss reduction,,0,"Manowanna, S., Chaopaisarn, P., Lai, P. (2026). Digital transformation and supply chain 4.0 operational capabilities in cold chain logistics: Evidence from Thai agricultural food SMEs. The Asian Journal of Shipping and Logistics, 42(3), 152–162. https://doi.org/10.1016/j.ajsl.2026.05.002",supplementary,KR;TH,S,,,0
W4365142452,10.3389/frfst.2023.1152111,2023,Impact of pulsed electric fields (PEF) treatment on the peeling ability of tomatoes and kiwi fruits,Frontiers in Food Science and Technology,OpenAlex (Scopus-indexed),T6,Advanced processing technologies,P3,TEA,,fruit_veg,0,+,pulse intensity increases softening and weight loss,PEF peeling reduces product losses versus blanching and lye peeling,,27,"Giancaterino, M., Jaeger, H. (2023). Impact of pulsed electric fields (PEF) treatment on the peeling ability of tomatoes and kiwi fruits. Frontiers in Food Science and Technology, 3. https://doi.org/10.3389/frfst.2023.1152111",supplementary,AT,TEA,,,0
W7213344333,10.1111/1750-3841.71435,2026,Hybrid Intelligence for Fouling Prediction and Adaptive Clean‐in‐Place Optimization in Food Processing Heat Exchangers: A Systematic Review,Journal of Food Science,OpenAlex (Scopus-indexed),T2,"AI, sensors and IoT analytics",P1;P3,R,global,dairy,0,+,"limited food datasets, validation, explainability, HACCP integration","Hybrid AI for fouling and adaptive CIP can cut water, chemicals, energy, downtime",,0,"Madhu, B., Reddy, S. S. K., Sreedhar, C., Srinivas, M. S., Vinayak, M. (2026). Hybrid Intelligence for Fouling Prediction and Adaptive Clean‐in‐Place Optimization in Food Processing Heat Exchangers: A Systematic Review. Journal of Food Science, 91(9), e71435. https://doi.org/10.1111/1750-3841.71435",supplementary,IN,R,,,0
W4406599607,10.3390/sym17010142,2025,The Research on Strategic Choices of Food Supply Chain Considering Information Symmetry and Cost Sharing,Symmetry,OpenAlex (Scopus-indexed),T4,Blockchain and digital traceability,P4;P5,TEA,,supply_chain,0,+,"decision mode, cost-sharing arrangements",Differential game: traceability with cost-sharing yields Pareto profit improvements,,0,"Wang, J., Xu, J. (2025). The Research on Strategic Choices of Food Supply Chain Considering Information Symmetry and Cost Sharing. Symmetry, 17(1), 142. https://doi.org/10.3390/sym17010142",supplementary,CN,TEA,,,0
W4293491629,10.1111/1541-4337.13027,2022,Improving food drying performance by cold plasma pretreatment: A systematic review,Comprehensive Reviews in Food Science and Food Safety,OpenAlex (Scopus-indexed),T6,Advanced processing technologies,P1;P3,R,global,general_food,0,+,"equipment innovation, drying mechanisms understudied",Cold plasma pretreatment raises drying rate and lowers drying energy,,82,"Du, Y., Yang, F., Yu, H., Xie, Y., Yao, W. (2022). Improving food drying performance by cold plasma pretreatment: A systematic review. Comprehensive Reviews in Food Science and Food Safety, 21(5), 4402–4421. https://doi.org/10.1111/1541-4337.13027",supplementary,CN,R,,,0
W2991533643,10.1111/jfpe.13328,2019,"High‐pressure processing, microwave, ohmic, and conventional thermal pasteurization: Quality aspects and energy economics",Journal of Food Process Engineering,OpenAlex (Scopus-indexed),T6,Advanced processing technologies,P3;P5,TEA,UK,beverages,0,mixed,"electricity prices, renewables share, risk aversion, process validation",Novel pasteurisation more energy efficient but costlier given grid electricity prices,,49,"Atuonwu, J. C., Leadley, C. E., Bosman, A., Tassou, S. (2019). High‐pressure processing, microwave, ohmic, and conventional thermal pasteurization: Quality aspects and energy economics. Journal of Food Process Engineering, 43(2). https://doi.org/10.1111/jfpe.13328",supplementary,GB,TEA,,,0
W4409997899,10.47738/jads.v6i2.680,2025,Towards Developing an AI Random Forest Model Approach Adopted for Sustainable Food Supply Chain under Big Data,Journal of Applied Data Sciences,OpenAlex (Scopus-indexed),T2,"AI, sensors and IoT analytics",P3;P4,TEA,,supply_chain,1,+,,Random forest big-data model cuts supply chain waste and improves resource use,The model also improves waste reduction by 17% and optimizes resource utilization by 22%,2,"Miralam, M. S. (2025). Towards Developing an AI Random Forest Model Approach Adopted for Sustainable Food Supply Chain under Big Data. Journal of Applied Data Sciences, 6(2), 1252–1263. https://doi.org/10.47738/jads.v6i2.680",supplementary,SA,TEA,1,,0
W4412084408,10.1016/j.ifset.2025.104111,2025,Application of pulsed electric field to promote peelability on peponids and drupes: Understanding the effects on cells and the physical properties of fruits,Innovative Food Science & Emerging Technologies,OpenAlex (Scopus-indexed),T6,Advanced processing technologies,P3,TEA,,fruit_veg,1,mixed,fruit tissue structure; ineffective for red bell peppers,PEF cuts mango peeling loss more than blanching; not for peppers,reduced peeling force by 50 % and peeling loss by 40 %,5,"Assaf, N., Siclari, C., Dhenge, R. V., Ganino, T., Chiavaro, E., Rinaldi, M. (2025). Application of pulsed electric field to promote peelability on peponids and drupes: Understanding the effects on cells and the physical properties of fruits. Innovative Food Science & Emerging Technologies, 104, 104111. https://doi.org/10.1016/j.ifset.2025.104111",supplementary,IT,TEA,1,,0
W7155170670,10.1017/s1742170526100398,2026,Transforming food industry and supply chain through digital innovation to reduce food waste: a systematic review,Renewable Agriculture and Food Systems,OpenAlex (Scopus-indexed),T5,Firm-level digital transformation,P3;P4,R,global,supply_chain,0,mixed,"limited data-driven evidence, possible negative impacts","Digital technologies reduce food waste via monitoring, optimisation, inventory",,0,"Kroupová, Z. Ž., Trnková, G., Roman, M. (2026). Transforming food industry and supply chain through digital innovation to reduce food waste: a systematic review. Renewable Agriculture and Food Systems, 41. https://doi.org/10.1017/s1742170526100398",supplementary,CZ;PL,R,,,0
W3186165649,10.1108/bfj-10-2020-0944,2021,Start-ups' innovation processes and performance in the food industry: a stochastic frontier analysis,British Food Journal,OpenAlex (Scopus-indexed),T8,Other (R&D and product innovation),P5,E,Italy,general_food,0,mixed,"R&D investment, scientists, patents","Only R&D investment raises food start-up performance; patents, scientists not",,12,"Matricano, D., Candelo, E., Sorrentino, M. (2022). Start-ups' innovation processes and performance in the food industry: a stochastic frontier analysis. British Food Journal, 124(3), 936–950. https://doi.org/10.1108/bfj-10-2020-0944",supplementary,IT,E,1,2,0
W2785701093,10.13128/bae-7677,2019,"Corporate R&D and the performance of food-processing firms: Evidence from Europe, Japan and North America",Bio-based and Applied Economics,OpenAlex (Scopus-indexed),T8,Other (R&D and product innovation),P1,E,"EU, US, Canada, Japan",general_food,0,+,"diminishing returns to R&D, region, food sector","Corporate R&D raises DEA performance of food-processing firms, diminishing returns",,2,"Hockmann, H., Garzon Delvaux, P. A., Voigt, P., Ciaian, P., Gomez y Paloma, S. (2019). Corporate R&D and the performance of food-processing firms: Evidence from Europe, Japan and North America. Bio-based and Applied Economics, 7(3), 233–247. https://doi.org/10.13128/bae-7677",supplementary,BE;DE;ES,E,1,2,0
W2188331931,10.19026/ajfst.7.1326,2015,The Impact of Technological Innovation on Industrial Efficiency and Food Manufacturing Industry,Advance Journal of Food Science and Technology,OpenAlex (Scopus-indexed),T8,Other (R&D and product innovation),P1,E,China,general_food,0,+,,Technological innovation cointegrated with and Granger-causes food industry efficiency,,3,"Yan, X., Li, X. (2015). The Impact of Technological Innovation on Industrial Efficiency and Food Manufacturing Industry. Advance Journal of Food Science and Technology, 7(5), 368–373. https://doi.org/10.19026/ajfst.7.1326",supplementary,CN,E,1,1,0
W3155544292,10.1080/00036846.2021.1912699,2021,Firm-level innovation and efficiency in the food sector: Insights from a literature-based innovation output indicator,Applied Economics,OpenAlex (Scopus-indexed),T8,Other (R&D and product innovation),P1,E,Germany,dairy,0,mixed,"new product failure rates, product quality","Successful new products raise dairy processors' technical efficiency; patents, launches no effect",,2,"Frick, F., Jantke, C., Sauer, J. (2021). Firm-level innovation and efficiency in the food sector: Insights from a literature-based innovation output indicator. Applied Economics, 53(43), 5000–5017. https://doi.org/10.1080/00036846.2021.1912699",supplementary,DE,E,0,,0
W7204623615,10.22266/ijies2026.0930.21,2026,"A Multi-agent Methodology and Decision-support Toolset for Grain Marketplace Platforms: Coordinating Trade, Transport, and Warehouse Logistics in Agri-food Economic Systems",International journal of intelligent engineering and systems,Scopus,T4,Blockchain and digital traceability,P1;P4,TEA,Kazakhstan,supply_chain,1,+,,"Multi-agent grain platform lowers logistics cost, raises fulfilment and fleet utilisation",the toolset cuts the logistics cost index by 14.3 percent,0,"Aldabergenova, K., Kantureyeva, M., Serimbetov, B., Zhasuzakova, M., Ospanova, T., Nazyrova, A. (2026). A Multi-agent Methodology and Decision-support Toolset for Grain Marketplace Platforms: Coordinating Trade, Transport, and Warehouse Logistics in Agri-food Economic Systems. International journal of intelligent engineering and systems, 19(9), 395–417. https://doi.org/10.22266/ijies2026.0930.21",supplementary,KZ,TEA,1,,0
W7132820608,10.1016/j.jfoodeng.2026.113044,2026,Digital twin for fresh produce washing in flume tanks: Reducing water and sanitiser use while ensuring food safety,Journal of Food Engineering,Scopus,T3,Digital twins and simulation,P2;P3,TEA,Spain,fruit_veg,0,+,"variable produce loads, hygiene limits",Digital twin optimises water and sanitiser use in produce washing,,2,"Moreno-Razo, A. S., Vilas, C., Vázquez, J. A., Allende, A., Garcia, M. R. (2026). Digital twin for fresh produce washing in flume tanks: Reducing water and sanitiser use while ensuring food safety. Journal of Food Engineering, 415, 113044. https://doi.org/10.1016/j.jfoodeng.2026.113044",supplementary,ES,TEA,,,0
W7166522902,10.51599/are.2026.12.02.08,2026,The impact of digital transformation and technological upgrading on corporate efficiency: evidence from Chinese agricultural processing companies,Agricultural and Resource Economics International Scientific E-Journal,Scopus,T5,Firm-level digital transformation,P5,E,China,general_food,1,+,"ownership structure, R&D input, technological upgrading","Digital transformation raises agri-processing firm performance, strongest in foreign firms",a 1-unit increase in DT index raising Tobin’s Q by 1.6%,0,"Stoyanets, N., Zongyao, M., Xue, J., Mohylna, L., Kharchenko, V. (2026). The impact of digital transformation and technological upgrading on corporate efficiency: evidence from Chinese agricultural processing companies. Agricultural and Resource Economics International Scientific E-Journal, 12(2), 196–223. https://doi.org/10.51599/are.2026.12.02.08",supplementary,UA,E,0,,0
W7125817242,10.3390/su18031290,2026,"Blockchain and Coffee Supply Chain: Implications for Traceability, Efficiency, and Sustainability: A Systematic Literature Review",Sustainability,Scopus,T4,Blockchain and digital traceability,P4,R,global,beverages,0,mixed,"organizational, infrastructural conditions, governance, digital exclusion",Blockchain improves coffee chain coordination only in specific contexts,,8,"Ruggieri, R., Dioguardi, C., Silvestri, L., Ruggeri, M., D’Ascenzo, F. (2026). Blockchain and Coffee Supply Chain: Implications for Traceability, Efficiency, and Sustainability: A Systematic Literature Review. Sustainability, 18(3), 1290. https://doi.org/10.3390/su18031290",supplementary,IT,R,,,0
W1592840127,10.1080/20421338.2015.1040285,2015,A control system for apoundoyam flour processing plant,African Journal of Science Technology Innovation and Development,Scopus,T1,Automation and robotics,P1,C,,general_food,1,+,,"PLC control system cut batch time, raised plant efficiency, reduced labour steps",reduces the time spent per batch production from 7 hours to 5 hours 19 minutes (24.05% time reduction) and increases the efficiency of the plant from 73.4% to 84.90%,3,"Ayodeji, S. P., Mpofu, K., Matsebe, O., Olabanji, M. O. (2015). A control system for apoundoyam flour processing plant. African Journal of Science Technology Innovation and Development, 7(3), 192–200. https://doi.org/10.1080/20421338.2015.1040285",supplementary,ZA,C,0,,0
W4409653107,10.1016/j.jenvman.2025.125335,2025,Acid-tolerant microalgae-based winery wastewater treatment: performance evaluation and techno-economic analysis,Journal of Environmental Management,Scopus,T7,Circular valorisation technologies,P3;P5,TEA,,beverages,0,+,"system design, scale, processing capacity",Microalgae winery wastewater treatment economically viable: positive NPV and IRR from biomass,,5,"Praveen, K., Abinandan, S., Venkateswarlu, K., Megharaj, M. (2025). Acid-tolerant microalgae-based winery wastewater treatment: performance evaluation and techno-economic analysis. Journal of Environmental Management, 383, 125335. https://doi.org/10.1016/j.jenvman.2025.125335",supplementary,AU;IN,TEA,,,0
W4291143598,10.14456/cast.2021.44,2021,Energy Efficiency Improvement in Micro-sized Food Processing Enterprises via Automatic Cooking Gas Control,Zenodo (CERN European Organization for Nuclear Research),Scopus,T1,Automation and robotics,P3,TEA,Thailand,snacks,1,+,"micro-sized enterprises, low-cost sensing, laboratory setup",Automatic LPG burner control in frying cut fuel use almost 40%,better food processing control could give rise to almost 40% improvement in fuel economy for processing rice crackers,1,"Tippayawong, N. (2021). Energy Efficiency Improvement in Micro-sized Food Processing Enterprises via Automatic Cooking Gas Control. Zenodo (CERN European Organization for Nuclear Research). https://doi.org/10.14456/cast.2021.44",supplementary,TH,TEA,1,,0
W7118165191,10.47738/jads.v7i1.1039,2026,Model Integration of Information Technology in Optimizing the Food Supply Chain of the Free Nutritious Meal (MBG) Program to Reduce Food Waste,Journal of Applied Data Sciences,Scopus,T4,Blockchain and digital traceability,P3;P4,TEA,Indonesia,supply_chain,1,+,,IT route optimisation and inventory monitoring cut school-meal transport cost and waste,the IT-enhanced model achieved a 28% reduction in transportation cost and the total objective value declined by 22%,0,"Hari, Y. (2026). Model Integration of Information Technology in Optimizing the Food Supply Chain of the Free Nutritious Meal (MBG) Program to Reduce Food Waste. Journal of Applied Data Sciences, 7(1), 438–457. https://doi.org/10.47738/jads.v7i1.1039",supplementary,ID,TEA,1,,0
W4415943969,10.1016/j.afres.2025.101496,2025,Integrated microfiltration and ultra-clean packaging for high-quality fruit beverages in rural agro-industries,Applied Food Research,Scopus,T6,Advanced processing technologies,P2;P3,TEA,Colombia,beverages,1,+,"processed volume, CIP cycle frequency, small-scale rural producers",Microfiltration line for rural fruit beverages greatly reduces energy use versus HTST,Specific energy use fell by 50–80 % versus HTST equivalent treatment,1,"Ocampo, H. L. G., Escobar, V., Rodríguez, P. E., Vaillant, F. E. (2025). Integrated microfiltration and ultra-clean packaging for high-quality fruit beverages in rural agro-industries. Applied Food Research, 5(2), 101496. https://doi.org/10.1016/j.afres.2025.101496",supplementary,CO;FR,TEA,1,,0
W4415266233,10.26877/asset.v7i4.2006,2025,Development Of Smart Energy Monitoring Internet of Things System Based on App Inventor for Electric Energy Efficiency,Advance Sustainable Science Engineering and Technology,Scopus,T2,"AI, sensors and IoT analytics",P3,C,Indonesia,food_service,1,+,,IoT electricity monitoring in noodle production unit lowered energy consumption,"reduce energy consumption by 18.5%, compared to before the system was implemented",0,"Pancane, I. W. D., Adrama, I. N. G., Sutama, I. W. (2025). Development Of Smart Energy Monitoring Internet of Things System Based on App Inventor for Electric Energy Efficiency. Advance Sustainable Science Engineering and Technology, 7(4), 02504021. https://doi.org/10.26877/asset.v7i4.2006",supplementary,ID,C,1,2,0
W4416852158,10.59038/jjmie/190407,2025,Halal Supply Chain Traceability and Food Safety Model Based on Blockchain Technology and the Internet of Things Using a System Dynamics Approach,Jordan Journal of Mechanical and Industrial Engineering,Scopus,T4,Blockchain and digital traceability,P3;P4,TEA,Indonesia,supply_chain,1,mixed,"investment, farmer storage capacity","System dynamics: blockchain-IoT cuts fresh food inventory losses, raises availability",blockchain and IoT implementation increased food availability for consumption by 5% and reduced fresh food inventory losses by 3%,0,"Kurniawan, M., Suparno, S., Vanany, I. (2025). Halal Supply Chain Traceability and Food Safety Model Based on Blockchain Technology and the Internet of Things Using a System Dynamics Approach. Jordan Journal of Mechanical and Industrial Engineering, 19(04), 775–784. https://doi.org/10.59038/jjmie/190407",supplementary,,TEA,1,,0
W4403500654,10.1016/j.afres.2024.100561,2024,Computer-based monitoring system of retort processes for energy efficiency and carbon emission reduction,Applied Food Research,Scopus,T2,"AI, sensors and IoT analytics",P3,TEA,Taiwan,general_food,1,+,equipment cannot be changed,Sensor monitoring of retort identifies strategies cutting energy use and emissions,This strategy reduced the energy consumption of the cooling system by 70 %,2,"Hsiao, H., Tu, P., Chen, Y. (2024). Computer-based monitoring system of retort processes for energy efficiency and carbon emission reduction. Applied Food Research, 4(2), 100561. https://doi.org/10.1016/j.afres.2024.100561",supplementary,TW,C,1,,0
W4391923477,10.1007/s12053-024-10193-1,2024,"Energy recovery and waste valorization in a frozen food processing facility: a case study from Lazio, Italy",Energy Efficiency,Scopus,T7,Circular valorisation technologies,P3;P5,TEA,Italy,general_food,1,+,,Sludge drying and gasification in frozen food plant economically attractive,"The Simple Pay Back of the investment is less than 3 years, while the Net Present Value stands at about 2.4 M€.",14,"Fraia, S. D., Meglio, A. D., Massarotti, N., Vanoli, L., Bentivoglio, R., Volpecina, V. (2024). Energy recovery and waste valorization in a frozen food processing facility: a case study from Lazio, Italy. Energy Efficiency, 17(3). https://doi.org/10.1007/s12053-024-10193-1",supplementary,IT,TEA,1,,0
W4385191518,10.1186/s40643-023-00662-3,2023,Sustainable production of bacterioruberin carotenoid and its derivatives from Arthrobacter agilis NP20 on whey-based medium: optimization and product characterization,Bioresources and Bioprocessing,Scopus,T7,Circular valorisation technologies,P3,TEA,Egypt,dairy,1,+,,Cheese whey medium cuts carotenoid production medium cost sharply,The cost of the formulated medium was 1.58 $/L compared with 30.1 $/L of Bacto marine broth medium.,26,"Noby, N., Khattab, S. N., Soliman, N. A. (2023). Sustainable production of bacterioruberin carotenoid and its derivatives from Arthrobacter agilis NP20 on whey-based medium: optimization and product characterization. Bioresources and Bioprocessing, 10(1), 46. https://doi.org/10.1186/s40643-023-00662-3",supplementary,EG,TEA,1,,0
W7162321396,10.1007/s11694-026-04488-3,2026,"Insight into cold plasma jet-assisted drying of carrot (Daucus carota L): Drying dynamics, energy analysis and quality attributes",Journal of Food Measurement & Characterization,Scopus,T6,Advanced processing technologies,P1;P3,TEA,,fruit_veg,1,+,,Cold plasma pretreatment shortens carrot drying time and cuts specific energy use,specific energy consumption declined by up to 39.13%,4,"Luka, B. S., Kar, S., Rath, S., Siddiqui, M. H., Osama, K. (2026). Insight into cold plasma jet-assisted drying of carrot (Daucus carota L): Drying dynamics, energy analysis and quality attributes. Journal of Food Measurement & Characterization, 20(6), 12602–12618. https://doi.org/10.1007/s11694-026-04488-3",supplementary,IN,TEA,1,,0
W4416166529,10.17270/j.log.001284,2025,EXPLORING THE ROLE OF ARTIFICIAL INTELLIGENCE IN SUSTAINABLE FOOD PROCESSING IN INDIA,Logforum,Scopus,T2,"AI, sensors and IoT analytics",P1;P3,S,India,general_food,0,+,"financial constraints, skill gaps, implementation challenges","Survey of 110 firms links AI adoption to resource, waste and energy efficiency",,0,"Mor, R. S., Kingdom, I. R. N. U., Singh, R., Malik, M., Sarwar, D., Pandey, M., Singh, H. (2025). Exploring the role of artificial intelligence in sustainable food processing in India. Logforum, 21(4), 559–574. https://doi.org/10.17270/j.log.001284",supplementary,,S,,,0
2-s2.0-86000757214,10.15722/jds.23.02.202502.1,2025,Leveraging Digital Transformation for Responsible Food Production and Distribution in an Emerging Economy’s Manufacturing Sector,Journal of Distribution Science,Scopus,T5,Firm-level digital transformation,P3;P4,S,Nigeria,general_food,0,+,adoption barriers,SC digitisation and predictive maintenance reduce waste and improve logistics efficiency,,,"John, N., Johnson, A. D., Eneojo, B. A., Ingomowei, P. S., Osere, N. J. (2025). Leveraging digital transformation for responsible food production and distribution in an emerging economy’s manufacturing sector. Journal of Distribution Science, 23(2), 1–11. https://doi.org/10.15722/jds.23.02.202502.1",supplementary,CA;NG,S,,,0
W4372329505,10.1016/j.chemosphere.2023.138845,2023,The design of an energy plant and artificial intelligence-based optimization for pasteurization with the least amount of carbon emissions based on animal waste,Chemosphere,Scopus,T7,Circular valorisation technologies,P3,TEA,,dairy,1,+,,Manure-fed hybrid energy plant optimised for milk pasteurisation at low levelised cost,"the levelized cost of the product (LCOP), efficiency, and emission of the system are, respectively, 0.087 $/kWh, 38.2%, and 0.249 kg/kWh",4,"Niknejhad, M., Mahmoudi, S. S., Yari, M. (2023). The design of an energy plant and artificial intelligence-based optimization for pasteurization with the least amount of carbon emissions based on animal waste. Chemosphere, 333, 138845. https://doi.org/10.1016/j.chemosphere.2023.138845",supplementary,IR,TEA,,,0
W3083885311,10.1007/s11356-020-10457-0,2020,Waste valorization and resource conservation in rice processing industries—an analytical study from Pakistan,Environmental Science and Pollution Research,Scopus,T7,Circular valorisation technologies,P3,TEA,Pakistan,cereals,1,+,,Rice husk energy and water integration improve rice mill eco-efficiency,"a much lower energy cost of about 0.4 USD/MJ as compared to diesel and furnace oil, i.e., 36.8 and 26.2 USD/MJ, respectively",2,"Rasheed, R., Umer, R., Hamid, A., Rizwan, A., Javed, H., Ahmad, S. R., Su, Y. (2020). Waste valorization and resource conservation in rice processing industries—an analytical study from Pakistan. Environmental Science and Pollution Research, 27(34), 43372–43388. https://doi.org/10.1007/s11356-020-10457-0",supplementary,GB;PK,C,1,,0
W2794177122,10.1016/j.ifset.2018.02.017,2018,Model-based energy performance analysis of high pressure processing systems,Innovative Food Science & Emerging Technologies,Scopus,T6,Advanced processing technologies,P3,TEA,,general_food,0,,"holding pressure, equipment scale, vessel filling efficiency","Model identifies conditions minimising HPP energy use, a major operating cost",,28,"Atuonwu, J. C., Tassou, S. (2018). Model-based energy performance analysis of high pressure processing systems. Innovative Food Science & Emerging Technologies, 47, 214–224. https://doi.org/10.1016/j.ifset.2018.02.017",supplementary,GB,TEA,,,0
W3210615532,10.1016/j.indcrop.2021.114139,2021,Techno-economic assessment of HTL integration to the Brazilian sugarcane industry: An evaluation of different scenarios,Industrial Crops and Products,Scopus,T7,Circular valorisation technologies,P5,TEA,Brazil,sugar,1,+,solvent choice,HTL integrated with sugarcane mill raises IRR and competitive fuel prices,"The integration of the HTL with a sugarcane ethanol distillery has significantly increased the internal rate of return (IRR) compared with the stand-alone, moving from 8.1%–12.6% per year",16,"Souza, R. d., Fernandes, D. S., Bressanin, J. M., Watson, J., Chagas, M. F., Bonomi, A., Fregolente, L. V., Watanabe, M. D. B. (2021). Techno-economic assessment of HTL integration to the Brazilian sugarcane industry: An evaluation of different scenarios. Industrial Crops and Products, 173, 114139. https://doi.org/10.1016/j.indcrop.2021.114139",supplementary,BR;US,TEA,0,,0
W3092838409,10.1016/j.indcrop.2020.112976,2020,Improving technical and economic feasibility of water based anthocyanin recovery from purple corn using staged extraction approach,Industrial Crops and Products,Scopus,T7,Circular valorisation technologies,P3;P5,TEA,,cereals,1,+,capital cost,Staged anthocyanin extraction raises IRR and lowers ethanol cost from purple corn,Internal rate of return for modified technologies was 1.9–3.1 times that of the conventional process,32,"Kurambhatti, C. V., Kumar, D., Rausch, K. D., Tumbleson, M. E., Singh, V. (2020). Improving technical and economic feasibility of water based anthocyanin recovery from purple corn using staged extraction approach. Industrial Crops and Products, 158, 112976. https://doi.org/10.1016/j.indcrop.2020.112976",supplementary,US,TEA,0,,0
W2624969160,10.1016/j.biortech.2017.06.063,2017,A model biorefinery for avocado (Persea americana mill.) processing,Bioresource Technology,Scopus,T7,Circular valorisation technologies,P5,TEA,,fruit_veg,0,+,mass and energy integration level,Avocado biorefinery techno-economic assessment shows attractive production costs,,95,"Dávila, J. A., Rosenberg, M., Castro, E., Álzate, C. A. C. (2017). A model biorefinery for avocado (Persea americana mill.) processing. Bioresource Technology, 243, 17–29. https://doi.org/10.1016/j.biortech.2017.06.063",supplementary,CO;ES;US,TEA,,,0
2-s2.0-105044592428,10.12011/setp2024-0049,2026,Considering Different Freshness Strategies from a Dual Perspective: Blockchain Adoption Decisions of Fresh Produce Suppliers,Xitong Gongcheng Lilun yu Shijian/System Engineering Theory and Practice,Scopus,T4,Blockchain and digital traceability,P2;P5,TEA,China,fruit_veg,0,+,"blockchain cost threshold, preservation strategy, cost sharing",Game models: blockchain raises freshness and profits below cost threshold,,,"Yan, Y., Liu, M., Dong, X., Zou, Z., Zhang, Z. (2026). Considering different freshness strategies from a dual perspective: Blockchain adoption decisions of fresh produce suppliers. Systems Engineering - Theory & Practice, 46(5), 2074–2090. https://doi.org/10.12011/setp2024-0049",supplementary,CN,TEA,,,0
2-s2.0-85196637111,10.14456/easr.2024.28,2024,Enhancing Lean-Kaizen practices through IoT and automation: A comprehensive analysis with simulation modeling in the Thai food industry,Engineering and Applied Science Research,Scopus,T1,Automation and robotics,P1;P5,TEA,Thailand,general_food,1,+,,IoT and automation in noodle line raise productivity with one-year payback,"Scenario 1 and Scenario 4, integrating IoT technology and automation, exhibit a remarkable 7.8% increase in productivity with a one-year payback period",,"Pitjamit, S., Jewpanya, P., Nuangpirom, P. (2024). Enhancing Lean-Kaizen practices through IoT and automation: A comprehensive analysis with simulation modeling in the Thai food industry. Engineering and Applied Science Research, 51(3), 286–299. https://doi.org/10.14456/easr.2024.28",supplementary,TH,TEA,1,,0
2-s2.0-85185216193,,2024,Green Agri-Food Blockchain Technology for Investment Decision-Making under Cost Information Constraints,IAENG International Journal of Applied Mathematics,Scopus,T4,Blockchain and digital traceability,P5,TEA,,supply_chain,0,+,"blockchain investment cost threshold, cost misreporting",Stackelberg model: blockchain raises supply chain profits below cost threshold,,,"Gao, R., Huang, S., Li, B. (2024). Green agri-food blockchain technology for investment decision-making under cost information constraints. IAENG International Journal of Applied Mathematics, 54(1), 82–91.",supplementary,CN,TEA,,,0
WOS:001268042300001,10.1002/fsn3.4300,2024,A comparative study on bath and horn ultrasound-assisted modification of bentonite and their effects on the bleaching efficiency of soybean and sunflower oil: Machine learning as a new approach for mathematical modeling,Food Science & Nutrition,Web of Science,T6,Advanced processing technologies,P3,TEA,Iran,edible_oils,1,+,"ultrasound mode, oil type, pigment level",Ultrasound-modified clay with ML optimisation cuts bleaching clay use in oil refining.,the consumption of bleaching clay was reduced by approximately 60% for sunflower oil and 30%-35% for soybean oil,9,"Abedi, E., Sayadi, M., Mousavifard, M., Roshanzamir, F. (2024). A comparative study on bath and horn ultrasound‐assisted modification of bentonite and their effects on the bleaching efficiency of soybean and sunflower oil: Machine learning as a new approach for mathematical modeling. Food Science & Nutrition, 12(9), 6752–6771. https://doi.org/10.1002/fsn3.4300",supplementary,IR,TEA,,,0
WOS:001581152300001,10.3390/su17188158,2025,Improvement of the Potato Protein Drying Process as an Example of Implementing Sustainable Development in Industry,Sustainability,Web of Science,T7,Circular valorisation technologies,P3,C,Poland,potato_starch,0,+,,Waste-heat recovery upgrade in potato protein drying cuts energy demand,,0,"Olejnik, T. P., Ciuła, J., Tomtas, P., Wiewiórska, I., Sobiecka, E. (2025). Improvement of the Potato Protein Drying Process as an Example of Implementing Sustainable Development in Industry. Sustainability, 17(18), 8158. https://doi.org/10.3390/su17188158",supplementary,PL,C,1,1,0
WOS:000488998100033,10.1016/j.fbp.2019.08.001,2019,Synergies in the co-location of food manufacturing and biorefining,Food and Bioproducts Processing,Web of Science,T7,Circular valorisation technologies,P3;P5,TEA,UK,beverages,0,+,"food and biorefinery product type, biorefining pathway",Co-locating coffee roasting with spent-grounds biorefining yields resource and economic gains,,21,"Sheppard, P., Garcia‐Garcia, G., Angelis-Dimakis, A., Campbell, G. M., Rahimifard, S. (2019). Synergies in the co-location of food manufacturing and biorefining. Food and Bioproducts Processing, 117, 340–359. https://doi.org/10.1016/j.fbp.2019.08.001",supplementary,GB,TEA,,,0
WOS:000705777200004,10.1016/j.jclepro.2021.128711,2021,Supply chain optimization and analysis of Hermetia illucens (black soldier fly) bioconversion of surplus foodstuffs,Journal of Cleaner Production,Web of Science,T7,Circular valorisation technologies,P4;P5,TEA,UK,beverages,0,+,"business model, sourcing location",Optimisation of BSFL bioconversion of brewer's grains; live larvae model most profitable,,27,"Suckling, J., Druckman, A., Small, R., Cecelja, F., Bussemaker, M. (2021). Supply chain optimization and analysis of Hermetia illucens (black soldier fly) bioconversion of surplus foodstuffs. Journal of Cleaner Production, 321, 128711. https://doi.org/10.1016/j.jclepro.2021.128711",supplementary,GB,TEA,,,0
2-s2.0-85078079347,,2019,Application of zero water waste model in the brewing industry by using reverse osmosis,"Procedia Environmental Science, Engineering and Management",Scopus,T6,Advanced processing technologies,P3;P5,TEA,Italy,beverages,0,+,"small firms affordability, investment cost",Investment evaluation of reverse osmosis for brewery water reuse,,,"Musicò, F., Marchese, A., Sipala, K., Natale, F. D. (2019). Application of zero water waste model in the brewing industry by using reverse osmosis. Procedia Environmental Science, Engineering and Management, 6(2), 187–192.",supplementary,IT,TEA,,,1
W4408965041,10.1016/j.foohum.2025.100587,2025,AI vision and machine learning for enhanced automation in food industry: A systematic review,Food and Humanity,OpenAlex (Scopus-indexed),T2,"AI, sensors and IoT analytics",P1;P2;P4;P5,R,global,general_food,1,+,"high capital investment, data protection, integration, workforce upskilling","AI vision/ML cut labour costs, downtime; raise sales and supply chain efficiency","AI vision enhances operations, enhancing accuracy and efficiency while cutting labor expenses by 30 %",46,"Saha, D., Padhiary, M., Chandrakar, N. (2025). AI vision and machine learning for enhanced automation in food industry: A systematic review. Food and Humanity, 4, 100587. https://doi.org/10.1016/j.foohum.2025.100587",supplementary,IN,R,0,,0
W7150845949,10.1016/j.energy.2026.140978,2026,Efficiency-resilience synergies across water and energy in internally symbiotic food processing sector,Energy,OpenAlex (Scopus-indexed),T7,Circular valorisation technologies,P3,TEA,China,general_food,1,+,,Internal water-energy-waste symbiosis raises water and energy efficiency regionally,internal symbiosis can significantly reduce consumption by 0.89 million tons of standard coal and 1591.91 million tons of freshwater,1,"Yao, T., Wang, Y., Song, J., Yang, W. (2026). Efficiency-resilience synergies across water and energy in internally symbiotic food processing sector. Energy, 353, 140978. https://doi.org/10.1016/j.energy.2026.140978",supplementary,CN,TEA,,,0
W3201804106,10.1007/s40899-021-00560-6,2021,Water and wastewater optimization in a food processing industry using water pinch technology,Sustainable Water Resources Management,OpenAlex (Scopus-indexed),T7,Circular valorisation technologies,P3,TEA,,general_food,1,+,,Water pinch-based reuse cuts raw water use and wastewater discharge,a reduction of up to 55% in the consumption of raw water and a 45% reduction in the volume of treated wastewater sent for discharge,16,"Lima, A., Abreu, T., Figueiredo, S. A. (2021). Water and wastewater optimization in a food processing industry using water pinch technology. Sustainable Water Resources Management, 7(5). https://doi.org/10.1007/s40899-021-00560-6",supplementary,PT,TEA,1,,0
W7151420928,10.1016/j.ijpe.2026.110020,2026,"Robust optimization of sustainable omnichannel closed-loop food supply chain network: Integrating blockchain, IoT, and biofuel production",International Journal of Production Economics,OpenAlex (Scopus-indexed),T4,Blockchain and digital traceability,P3;P4;P5,TEA,,supply_chain,1,mixed,"scale of network, demand uncertainty",Blockchain-IoT raises costs but cuts emissions and increases brand value,"the integrated blockchain–IoT framework increases cost by 59%, 55%, and 39%, respectively",3,"Bhunia, S., Das, S. K., Wu, C. H., Yu, V. F., Roy, S. K. (2026). Robust optimization of sustainable omnichannel closed-loop food supply chain network: Integrating blockchain, IoT, and biofuel production. International Journal of Production Economics, 298, 110020. https://doi.org/10.1016/j.ijpe.2026.110020",supplementary,IN;TW,TEA,0,,0
W7172406510,10.1007/s40032-026-01426-6,2026,Smart Supply Chain Strategies: Driving Operational Excellence in Food Supply Chains Through Digitalization,Journal of The Institution of Engineers (India) Series C,OpenAlex (Scopus-indexed),T4,Blockchain and digital traceability,P4;P5,S,Bangladesh,general_food,0,+,"supply chain efficiency mediation, emergencies",Digital supply chain improves supply chain efficiency and organisational performance,,0,"Mustofa, R., Debnath, A., Siddique, A. (2026). Smart Supply Chain Strategies: Driving Operational Excellence in Food Supply Chains Through Digitalization. Journal of The Institution of Engineers (India) Series C, 107(4), 2051–2075. https://doi.org/10.1007/s40032-026-01426-6",supplementary,BD,S,,,0
W7138115481,10.1007/s10098-026-03455-2,2026,Applying AI and machine learning to refrigeration for efficiency and asset management,Clean Technologies and Environmental Policy,OpenAlex (Scopus-indexed),T2,"AI, sensors and IoT analytics",P1;P3,C,Australia,meat,1,+,,ML/MPC control of industrial refrigeration yields large energy savings,deliver energy savings of up to 36%,0,"Dickison, A. (2026). Applying AI and machine learning to refrigeration for efficiency and asset management. Clean Technologies and Environmental Policy, 28(4). https://doi.org/10.1007/s10098-026-03455-2",supplementary,,C,1,2,0
W4304203128,10.1007/s10479-022-04595-6,2022,Optimal pricing in the presence of IoT investment and quality-dependent demand,Annals of Operations Research,OpenAlex (Scopus-indexed),T2,"AI, sensors and IoT analytics",P3;P4;P5,TEA,,supply_chain,0,+,"which supply chain party invests, quality deterioration",IoT quality monitoring reduces waste and raises revenues; retailer best investor,,18,"Ben‐Daya, M., Hassini, E., Bahroun, Z., Saeed, H. (2022). Optimal pricing in the presence of IoT investment and quality-dependent demand. Annals of Operations Research, 324(1-2), 869–892. https://doi.org/10.1007/s10479-022-04595-6",supplementary,AE;CA,TEA,,,0
W7204989758,10.1007/s12597-026-01273-0,2026,"An integrated and automated inventory management system based on EOQ and min–max methods: a case study of a banana crackers MSME in Enrekang, Indonesia",OPSEARCH,OpenAlex (Scopus-indexed),T5,Firm-level digital transformation,P1;P4,C,Indonesia,snacks,1,+,"MSME, low-cost system, manual stock practices",Automated EOQ/min-max inventory system cut inventory costs and stockouts,"Total monthly inventory costs dropped by 31.25% (from IDR 4,800,000 to IDR 3,300,000)",0,"Syarifuddin, R., Sukirman, Fazza, F. E. (2026). An integrated and automated inventory management system based on EOQ and min–max methods: a case study of a banana crackers MSME in Enrekang, Indonesia. OPSEARCH. https://doi.org/10.1007/s12597-026-01273-0",supplementary,ID,C,1,2,0
W2792368506,10.1016/j.resconrec.2018.02.004,2018,Finding an economic and environmental balance in value chains based on circular economy thinking: An eco-efficiency methodology applied to the fish canning industry,Resources Conservation and Recycling,OpenAlex (Scopus-indexed),T7,Circular valorisation technologies,P3;P5,TEA,Spain,seafood,0,+,"fish origin, fuel use intensity, waste management alternative",Valorising anchovy canning residues raises value added and lowers environmental impacts,,118,"Laso, J., García-Herrero, I., Margallo, M., Vázquez‐Rowe, I., Fullana–i–Palmer, P., Bala, A., Gazulla, C., Irabien, Á., García, R. A. (2018). Finding an economic and environmental balance in value chains based on circular economy thinking: An eco-efficiency methodology applied to the fish canning industry. Resources Conservation and Recycling, 133, 428–437. https://doi.org/10.1016/j.resconrec.2018.02.004",supplementary,ES;PE,TEA,,,0
W7207563522,10.1016/j.cor.2026.107664,2026,Circular economy optimization of sustainable saffron supply network: integrating life cycle assessment and resource valorization,Computers & Operations Research,OpenAlex (Scopus-indexed),T7,Circular valorisation technologies,P3;P4,TEA,Iran,supply_chain,1,+,,Circular saffron supply network optimisation with by-product valorisation cuts total costs,"reduces total SC cost by 8–12%, water use and emissions by 20–25%, and waste by over 30%",0,"Abdolazimi, O., Shishebori, D. (2026). Circular economy optimization of sustainable saffron supply network: integrating life cycle assessment and resource valorization. Computers & Operations Research, 196, 107664. https://doi.org/10.1016/j.cor.2026.107664",supplementary,IR;US,TEA,0,,1
W4389443826,10.1016/j.rcradv.2023.200199,2023,Enhancing economic-social sustainability through a closed-loop citrus supply chain: A life cycle cost analysis,Resources Conservation & Recycling Advances,Scopus,T7,Circular valorisation technologies,P3;P4,TEA,,fruit_veg,1,+,"centralization, labor income, transportation costs",Centralized closed-loop citrus chain recycling waste to compost cuts life cycle costs most.,"The results showed significant reductions in functional unit's (FU) costs of 48%, 38%, 54%, and 44%, respectively, compared to the current citrus SC.",9,"Alzubi, E., Kassem, A., Melkonyan, A., Noche, B. (2023). Enhancing economic-social sustainability through a closed-loop citrus supply chain: A life cycle cost analysis. Resources Conservation & Recycling Advances, 21, 200199. https://doi.org/10.1016/j.rcradv.2023.200199",main,DE,TEA,1,,1
W4389920927,10.3390/en16248118,2023,Multi-Criteria Optimization of Energy and Water Consumption in Fruit- and Vegetable-Processing Plants in Poland,Energies,Scopus,T2,"AI, sensors and IoT analytics",P3,TEA,Poland,fruit_veg,0,,,Neural models and genetic algorithms optimise plant energy and water consumption,,3,"Trajer, J., Winiczenko, R., Dróżdż, B., Wojdalski, J., Sałat, R. (2023). Multi-Criteria Optimization of Energy and Water Consumption in Fruit- and Vegetable-Processing Plants in Poland. Energies, 16(24), 8118. https://doi.org/10.3390/en16248118",supplementary,PL,TEA,,,1
W4220872976,10.3390/su14063321,2022,Traceability Platform Based on Green Blockchain: An Application Case Study in Dairy Supply Chain,Sustainability,Scopus,T4,Blockchain and digital traceability,P3;P4,C,Italy,dairy,0,+,,Low-energy blockchain traceability platform lowers transaction costs in PDO cheese chain,,126,"Varavallo, G., Caragnano, G., Bertone, F., Vernetti-Prot, L., Terzo, O. (2022). Traceability Platform Based on Green Blockchain: An Application Case Study in Dairy Supply Chain. Sustainability, 14(6), 3321. https://doi.org/10.3390/su14063321",main,IT,C,1,1,1
W4416280627,10.1007/s10479-025-06919-8,2025,Sustainable food distribution approach: closed-loop network design strategies for fresh consumption and waste justice,Annals of Operations Research,OpenAlex (Scopus-indexed),T7,Circular valorisation technologies,P3;P4;P5,TEA,,supply_chain,0,+,,"Closed-loop perishable network improves profit, cuts waste and emissions.",,1,"Olapiriyakul, S., Pannakkong, W. (2025). Sustainable food distribution approach: closed-loop network design strategies for fresh consumption and waste justice. Annals of Operations Research. https://doi.org/10.1007/s10479-025-06919-8",main,TH,TEA,,,1
W4391885618,10.1007/s10479-024-05829-5,2024,A circular economy approach to design a citrus supply chain network,Annals of Operations Research,Scopus,T7,Circular valorisation technologies,P3;P4,TEA,,fruit_veg,1,+,,Circular citrus network cuts water 42% with slightly lower total costs.,the circular supply chain showcases a nearly 1% decrease in total costs compared to its linear counterparts,30,"Shahsavani, I., Goli, A., Hajiaghaei–Keshteli, M. (2024). A circular economy approach to design a citrus supply chain network. Annals of Operations Research, 364(1), 323–372. https://doi.org/10.1007/s10479-024-05829-5",main,IR;MX,TEA,1,,1
W4405644965,10.21003/ea.v207-07,2024,Green supply chain management development through the digital educational management of human resources,Economic Annals-ХХI,OpenAlex (Scopus-indexed),T5,Firm-level digital transformation,P4,S,Central Asia,general_food,0,+,"human resource management, internal environment, digital strategy",HRM and digital factors positively affect digital supply chain efficiency,,0,"Zokirov, K., Atadjanov, M., Eshnazarova, M., Otabaeva, F., Pulatova, M., Alzubaidi, L. H. (2024). Green supply chain management development through the digital educational management of human resources. Economic Annals-ХХI, 207(1-2), 45–49. https://doi.org/10.21003/ea.v207-07",supplementary,,S,,,1
W4412672806,10.1016/j.seps.2025.102291,2025,Economic and environmental benefits of improving production efficiency in eco-feed plants: A case study from Japan,Socio-Economic Planning Sciences,OpenAlex (Scopus-indexed),T7,Circular valorisation technologies,P1;P3;P5,E,Japan,general_food,1,+,"production technology, scale, waste sorting by food companies",Food-waste eco-feed plants inefficient; closing gaps yields large economic savings,"the sales increase potential (SIP), which refers to the potential annual economic savings were estimated to be 4 billion JPY",3,"Tsuru, J., Ushijima, D., Nakaishi, T., Kagawa, S. (2025). Economic and environmental benefits of improving production efficiency in eco-feed plants: A case study from Japan. Socio-Economic Planning Sciences, 101, 102291. https://doi.org/10.1016/j.seps.2025.102291",supplementary,JP,E,0,,1
W4415740903,10.17576/jkukm-2025-37(7)-23,2025,Enhancing Fruit Quality Assessment: A Real-Time Grading System Based on YOLO and Image Processing,Jurnal Kejuruteraan,Scopus,T2,"AI, sensors and IoT analytics",P1;P2,TEA,Malaysia,fruit_veg,1,+,"lighting sensitivity, environmental conditions",Low-cost YOLO fruit grading system much faster than manual grading.,up to 10 times faster than manual methods,0,"Aqsa, F. A. A., Malik, A. A., Hamzah, I. H., A.M, A., Perak, U. K. L. M. L. (2025). Enhancing Fruit Quality Assessment: A Real-Time Grading System Based on YOLO and Image Processing. Jurnal Kejuruteraan, 37(7), 3421–3430. https://doi.org/10.17576/jkukm-2025-37(7)-23",main,MY,TEA,,,1
W4413737997,10.12944/crnfsj.13.2.15,2025,Optimized Extraction of High-purity Pectin from Orange Biowaste using Synergistic Ultrasound-microwave-assisted Green Technologies,Current Research in Nutrition and Food Science Journal,Scopus,T6,Advanced processing technologies,P1;P3,TEA,Peru,fruit_veg,1,+,lab scale; industrial LCA and TEA still needed,Ultrasound-microwave pectin extraction cut time and energy use.,"the method reduced overall extraction time by 70% (p < 0.001, η² = 0.970) and energy usage by 38.84%",6,"Yapias, R. J. M., Areche, F. O., Cruz-Calderón, G. D. L., Yata-Franco, L. E., Tocto-Yajahuanca, L., Fierro, Y. E. C., Poma, W. A. C., Rodríguez, A. R. (2025). Optimized Extraction of High-purity Pectin from Orange Biowaste using Synergistic Ultrasound-microwave-assisted Green Technologies. Current Research in Nutrition and Food Science Journal, 13(2), 764–781. https://doi.org/10.12944/crnfsj.13.2.15",main,PE,TEA,1,,1
W4413335141,10.1108/bfj-04-2025-0522,2025,Organisational dynamics and digital transformation in the wine industry: Tenute Rubino case study,British Food Journal,Scopus,T5,Firm-level digital transformation,P1;P4;P5,C,Italy,beverages,0,+,"installation, maintenance, training costs; awareness; new skills","Winery digitalisation improved traceability, process efficiency and company performance.",,3,"Carmo, B. B. T. d., Barberini, D., Padovani, G., Pasca, M. G., Arcese, G. (2025). Organisational dynamics and digital transformation in the wine industry: Tenute Rubino case study. British Food Journal, 128(8), 3340–3354. https://doi.org/10.1108/bfj-04-2025-0522",main,BR;IT,C,1,1,1
W7165142418,10.3303/cet26125052,2026,Life Cycle Assessment of a Heat-Integrated Thermal-Extractive Avocado Oil Biorefinery,Chemical engineering transactions,OpenAlex (Scopus-indexed),T7,Circular valorisation technologies,P3,TEA,,fruit_veg,1,+,,Heat integration of avocado oil biorefinery cut external heating/cooling utility demand 90-95%,external heating and cooling requirements decreased by approximately 90–95%,0,"Meramo, S., Herrera-Rodríguez, T., González-Delgado, Á. D. (2026). Life Cycle Assessment of a Heat-Integrated Thermal-Extractive Avocado Oil Biorefinery. Chemical engineering transactions. https://doi.org/10.3303/cet26125052",supplementary,,TEA,1,,1
WOS:000727121100001,10.1007/s10479-021-04423-3,2021,Antecedents for blockchain technology-enabled sustainable agriculture supply chain,Annals of Operations Research,Web of Science,T4,Blockchain and digital traceability,P4;P5,S,India,supply_chain,0,+,"cost, top management support, regulatory support, innovation capability",Blockchain adoption improves sustainable agri supply chain performance,,193,"Nayal, K., Raut, R. D., Narkhede, B. E., Priyadarshinee, P., Panchal, G., Gedam, V. V. (2021). Antecedents for blockchain technology-enabled sustainable agriculture supply chain. Annals of Operations Research, 327(1), 293–337. https://doi.org/10.1007/s10479-021-04423-3",main,GB;IN,S,,,1
WOS:000846291200001,10.1109/tem.2022.3192537,2022,An Empirical Investigation of the Influence of Industry 4.0 Technology Capabilities on Agriculture Supply Chain Integration and Sustainable Performance,IEEE Transactions on Engineering Management,Web of Science,T5,Firm-level digital transformation,P4;P5,S,India,general_food,0,+,supply chain integration,I4.0 capabilities raise sustainable SC performance via integration,,51,"Sharma, R., Kamble, S., Mani, V., Belhadi, A. (2022). An Empirical Investigation of the Influence of Industry 4.0 Technology Capabilities on Agriculture Supply Chain Integration and Sustainable Performance. IEEE Transactions on Engineering Management, 71, 12364–12384. https://doi.org/10.1109/tem.2022.3192537",main,FR;IN;MA,S,,,1
W4283783452,10.1016/j.resconrec.2022.106499,2022,Food processing by-products as sources of hydrophilic carbon and nitrogen for sophorolipid production,Resources Conservation and Recycling,OpenAlex (Scopus-indexed),T7,Circular valorisation technologies,P3;P4,TEA,United Kingdom,fruit_veg,0,,"facility scale, feedstock location",Potato processing waste feasible for sophorolipids; scale changes supply chain costs,,26,"Wongsirichot, P., Costa, M., Dolman, B. M., Freer, M., Welfle, A. J., Winterburn, J. B. (2022). Food processing by-products as sources of hydrophilic carbon and nitrogen for sophorolipid production. Resources Conservation and Recycling, 185, 106499. https://doi.org/10.1016/j.resconrec.2022.106499",main,GB,TEA,,,1
W4411297500,10.1016/j.foodhyd.2025.111650,2025,Infrared radiation-assisted techniques for cost-effective processing of starch-rich foods: A systematic review,Food Hydrocolloids,OpenAlex (Scopus-indexed),T6,Advanced processing technologies,P1;P3,R,global,general_food,0,+,"processing parameters, thermal degradation risk",Infrared-assisted processing of starch foods lowers production and energy costs while keeping quality,,3,"An, J., Zhang, Z., Yao, Y. (2025). Infrared radiation-assisted techniques for cost-effective processing of starch-rich foods: A systematic review. Food Hydrocolloids, 169, 111650. https://doi.org/10.1016/j.foodhyd.2025.111650",supplementary,NZ;US,R,,,1
W4390667027,10.1016/j.spc.2024.01.003,2024,"Balancing people, planet, and profit in urban food waste management",Sustainable Production and Consumption,Scopus,T7,Circular valorisation technologies,P3;P5,TEA,UK,supply_chain,0,mixed,supply-side demand reduction effects,"System dynamics: reduction/redistribution outperform AD, composting, incineration on triple bottom line.",,26,"Parsa, A. R. G., Wiel, M. J. V. D., Schmutz, U., Taylor, I. W., Fried, J. (2024). Balancing people, planet, and profit in urban food waste management. Sustainable Production and Consumption, 45, 203–215. https://doi.org/10.1016/j.spc.2024.01.003",main,GB;ZA,TEA,,,1
2-s2.0-105018779383,10.17582/journal.pjar/2025/38.4.32.43,2025,Optimization Of Supply Chains and Marketing in The Agricultural Sector Using Innovative Technologies,Pakistan Journal of Agricultural Research,Scopus,T4,Blockchain and digital traceability,P4,TEA,,supply_chain,0,+,adoption risks,Digital SC optimisation models cut cycle times and logistics costs,,,"Al-Ababneh, H. A., Banihani, T., Al-Khawaldeh, F. M., Popova, O., Alkhudierat, N. A., Al Adwan, M. N., Khader, J. A. (2025). Optimization of supply chains and marketing in the agricultural sector using innovative technologies. Pakistan Journal of Agricultural Research, 38(3), 32–43. https://doi.org/10.17582/journal.pjar/2025/38.4.32.43",supplementary,AE;JO;SA;UA,TEA,,,1
W4412913595,10.3390/engproc2025100057,2025,Collaborative Robots as an Engineering Tool for the Transition of the Food Industry to Industry 5.0,,Scopus,T1,Automation and robotics,P1,TEA,Bulgaria,dairy,0,+,"implementation roadmap, integration with IoT and digital twins",Cobots on yogurt packaging line improve operational efficiency and safety,,3,"Nikolova-Alexieva, V., Valeva, K., Terziyska, M., Shakev, N. (2025). Collaborative Robots as an Engineering Tool for the Transition of the Food Industry to Industry 5.0. , 57. https://doi.org/10.3390/engproc2025100057",main,BG,C,1,,1
